Этап;Параметр;Наименование;Измерено;Единица;Нижняя граница;Верхняя граница;Результат;Атрибуты
"readiness";"ubsi.ready_time";"Время готовности";2.94169;"с";0;30;"OK";""
"supply_range";"ubsi.supply.voltage";"Фактическое питание при уставке 24.000000 В";23.989;"В";23.5;24.5;"OK";"setpoint_v=24.000000; supply_current_a=0.177000"
"supply_range";"ubsi.supply.total_current";"Общий ток потребления УБСИ при 24.000000 В";0.177;"А";0;0.4;"OK";"hardware_current_limit_a=0.600000; measurement_scope=whole_ubsi; setpoint_v=24.000000"
"supply_range";"ubsi.supply.data_alive";"Передача данных при 24.000000 В";1;"лог.";1;1;"OK";""
"supply_range";"ubsi.supply.voltage";"Фактическое питание при уставке 27.000000 В";26.979;"В";26.5;27.5;"OK";"setpoint_v=27.000000; supply_current_a=0.160000"
"supply_range";"ubsi.supply.total_current";"Общий ток потребления УБСИ при 27.000000 В";0.16;"А";0;0.4;"OK";"hardware_current_limit_a=0.600000; measurement_scope=whole_ubsi; setpoint_v=27.000000"
"supply_range";"ubsi.supply.data_alive";"Передача данных при 27.000000 В";1;"лог.";1;1;"OK";""
"supply_range";"ubsi.supply.voltage";"Фактическое питание при уставке 35.000000 В";35.009;"В";34.5;35.5;"OK";"setpoint_v=35.000000; supply_current_a=0.136000"
"supply_range";"ubsi.supply.total_current";"Общий ток потребления УБСИ при 35.000000 В";0.136;"А";0;0.4;"OK";"hardware_current_limit_a=0.600000; measurement_scope=whole_ubsi; setpoint_v=35.000000"
"supply_range";"ubsi.supply.data_alive";"Передача данных при 35.000000 В";1;"лог.";1;1;"OK";""
"yalk_calibration";"ubsi.yalk.calibration";"Опорное воздействие калибровки ЯЛК";6.14548;"В";5.5;6.8;"OK";"full_address=99; full_code=923.000000; scale_voltage_v=6.200000; stimulus_command_v=6.200000; v7_v=6.145482; zero_address=97; zero_code=124.812500"
"yalk_initial";"ubsi.yalk.initial.1";"ЯЛК адрес 1: обрыв";-0.969493;"В";-6.2;-1e-12;"OK";"analog_code=0.000000; raw=1024.000000; signal=1; ulk_address=1; yalk_v=-0.969493"
"yalk_initial";"ubsi.yalk.initial.signal.1";"ЯЛК адрес 1: исходный сигнал";1;"лог.";1;1;"OK";""
"yalk_initial";"ubsi.yalk.initial.2";"ЯЛК адрес 2: обрыв";-0.969493;"В";-6.2;-1e-12;"OK";"analog_code=0.000000; raw=1024.000000; signal=1; ulk_address=2; yalk_v=-0.969493"
"yalk_initial";"ubsi.yalk.initial.signal.2";"ЯЛК адрес 2: исходный сигнал";1;"лог.";1;1;"OK";""
"yalk_initial";"ubsi.yalk.initial.3";"ЯЛК адрес 3: обрыв";-0.969493;"В";-6.2;-1e-12;"OK";"analog_code=0.000000; raw=1024.000000; signal=1; ulk_address=3; yalk_v=-0.969493"
"yalk_initial";"ubsi.yalk.initial.signal.3";"ЯЛК адрес 3: исходный сигнал";1;"лог.";1;1;"OK";""
"yalk_initial";"ubsi.yalk.initial.4";"ЯЛК адрес 4: обрыв";-0.969493;"В";-6.2;-1e-12;"OK";"analog_code=0.000000; raw=1024.000000; signal=1; ulk_address=4; yalk_v=-0.969493"
"yalk_initial";"ubsi.yalk.initial.signal.4";"ЯЛК адрес 4: исходный сигнал";1;"лог.";1;1;"OK";""
"yalk_initial";"ubsi.yalk.initial.5";"ЯЛК адрес 5: обрыв";-0.969493;"В";-6.2;-1e-12;"OK";"analog_code=0.000000; raw=1024.000000; signal=1; ulk_address=5; yalk_v=-0.969493"
"yalk_initial";"ubsi.yalk.initial.signal.5";"ЯЛК адрес 5: исходный сигнал";1;"лог.";1;1;"OK";""
"yalk_initial";"ubsi.yalk.initial.6";"ЯЛК адрес 6: обрыв";-0.969493;"В";-6.2;-1e-12;"OK";"analog_code=0.000000; raw=1024.000000; signal=1; ulk_address=6; yalk_v=-0.969493"
"yalk_initial";"ubsi.yalk.initial.signal.6";"ЯЛК адрес 6: исходный сигнал";1;"лог.";1;1;"OK";""
"yalk_initial";"ubsi.yalk.initial.7";"ЯЛК адрес 7: обрыв";-0.969493;"В";-6.2;-1e-12;"OK";"analog_code=0.000000; raw=1024.000000; signal=1; ulk_address=7; yalk_v=-0.969493"
"yalk_initial";"ubsi.yalk.initial.signal.7";"ЯЛК адрес 7: исходный сигнал";1;"лог.";1;1;"OK";""
"yalk_initial";"ubsi.yalk.initial.8";"ЯЛК адрес 8: обрыв";-0.969493;"В";-6.2;-1e-12;"OK";"analog_code=0.000000; raw=1024.000000; signal=1; ulk_address=8; yalk_v=-0.969493"
"yalk_initial";"ubsi.yalk.initial.signal.8";"ЯЛК адрес 8: исходный сигнал";1;"лог.";1;1;"OK";""
"yalk_initial";"ubsi.yalk.initial.9";"ЯЛК адрес 9: обрыв";-0.969493;"В";-6.2;-1e-12;"OK";"analog_code=0.000000; raw=1024.000000; signal=1; ulk_address=9; yalk_v=-0.969493"
"yalk_initial";"ubsi.yalk.initial.signal.9";"ЯЛК адрес 9: исходный сигнал";1;"лог.";1;1;"OK";""
"yalk_initial";"ubsi.yalk.initial.10";"ЯЛК адрес 10: обрыв";-0.969493;"В";-6.2;-1e-12;"OK";"analog_code=0.000000; raw=1024.000000; signal=1; ulk_address=10; yalk_v=-0.969493"
"yalk_initial";"ubsi.yalk.initial.signal.10";"ЯЛК адрес 10: исходный сигнал";1;"лог.";1;1;"OK";""
"yalk_initial";"ubsi.yalk.initial.11";"ЯЛК адрес 11: обрыв";-0.969493;"В";-6.2;-1e-12;"OK";"analog_code=0.000000; raw=1024.000000; signal=1; ulk_address=11; yalk_v=-0.969493"
"yalk_initial";"ubsi.yalk.initial.signal.11";"ЯЛК адрес 11: исходный сигнал";1;"лог.";1;1;"OK";""
"yalk_initial";"ubsi.yalk.initial.12";"ЯЛК адрес 12: обрыв";-0.969493;"В";-6.2;-1e-12;"OK";"analog_code=0.000000; raw=1024.000000; signal=1; ulk_address=12; yalk_v=-0.969493"
"yalk_initial";"ubsi.yalk.initial.signal.12";"ЯЛК адрес 12: исходный сигнал";1;"лог.";1;1;"OK";""
"yalk_initial";"ubsi.yalk.initial.13";"ЯЛК адрес 13: обрыв";-0.969493;"В";-6.2;-1e-12;"OK";"analog_code=0.000000; raw=1024.000000; signal=1; ulk_address=13; yalk_v=-0.969493"
"yalk_initial";"ubsi.yalk.initial.signal.13";"ЯЛК адрес 13: исходный сигнал";1;"лог.";1;1;"OK";""
"yalk_initial";"ubsi.yalk.initial.14";"ЯЛК адрес 14: обрыв";-0.969493;"В";-6.2;-1e-12;"OK";"analog_code=0.000000; raw=1024.000000; signal=1; ulk_address=14; yalk_v=-0.969493"
"yalk_initial";"ubsi.yalk.initial.signal.14";"ЯЛК адрес 14: исходный сигнал";1;"лог.";1;1;"OK";""
"yalk_initial";"ubsi.yalk.initial.15";"ЯЛК адрес 15: обрыв";-0.969493;"В";-6.2;-1e-12;"OK";"analog_code=0.000000; raw=1024.000000; signal=1; ulk_address=15; yalk_v=-0.969493"
"yalk_initial";"ubsi.yalk.initial.signal.15";"ЯЛК адрес 15: исходный сигнал";1;"лог.";1;1;"OK";""
"yalk_initial";"ubsi.yalk.initial.16";"ЯЛК адрес 16: обрыв";-0.969493;"В";-6.2;-1e-12;"OK";"analog_code=0.000000; raw=1024.000000; signal=1; ulk_address=16; yalk_v=-0.969493"
"yalk_initial";"ubsi.yalk.initial.signal.16";"ЯЛК адрес 16: исходный сигнал";1;"лог.";1;1;"OK";""
"yalk_initial";"ubsi.yalk.initial.17";"ЯЛК адрес 17: обрыв";-0.969493;"В";-6.2;-1e-12;"OK";"analog_code=0.000000; raw=1024.000000; signal=1; ulk_address=17; yalk_v=-0.969493"
"yalk_initial";"ubsi.yalk.initial.signal.17";"ЯЛК адрес 17: исходный сигнал";1;"лог.";1;1;"OK";""
"yalk_initial";"ubsi.yalk.initial.18";"ЯЛК адрес 18: обрыв";-0.969493;"В";-6.2;-1e-12;"OK";"analog_code=0.000000; raw=1024.000000; signal=1; ulk_address=18; yalk_v=-0.969493"
"yalk_initial";"ubsi.yalk.initial.signal.18";"ЯЛК адрес 18: исходный сигнал";1;"лог.";1;1;"OK";""
"yalk_initial";"ubsi.yalk.initial.19";"ЯЛК адрес 19: обрыв";-0.969493;"В";-6.2;-1e-12;"OK";"analog_code=0.000000; raw=1024.000000; signal=1; ulk_address=19; yalk_v=-0.969493"
"yalk_initial";"ubsi.yalk.initial.signal.19";"ЯЛК адрес 19: исходный сигнал";1;"лог.";1;1;"OK";""
"yalk_initial";"ubsi.yalk.initial.20";"ЯЛК адрес 20: обрыв";-0.969493;"В";-6.2;-1e-12;"OK";"analog_code=0.000000; raw=1024.000000; signal=1; ulk_address=20; yalk_v=-0.969493"
"yalk_initial";"ubsi.yalk.initial.signal.20";"ЯЛК адрес 20: исходный сигнал";1;"лог.";1;1;"OK";""
"yalk_initial";"ubsi.yalk.initial.21";"ЯЛК адрес 21: обрыв";-0.969493;"В";-6.2;-1e-12;"OK";"analog_code=0.000000; raw=1024.000000; signal=1; ulk_address=21; yalk_v=-0.969493"
"yalk_initial";"ubsi.yalk.initial.signal.21";"ЯЛК адрес 21: исходный сигнал";1;"лог.";1;1;"OK";""
"yalk_initial";"ubsi.yalk.initial.22";"ЯЛК адрес 22: обрыв";-0.969493;"В";-6.2;-1e-12;"OK";"analog_code=0.000000; raw=1024.000000; signal=1; ulk_address=22; yalk_v=-0.969493"
"yalk_initial";"ubsi.yalk.initial.signal.22";"ЯЛК адрес 22: исходный сигнал";1;"лог.";1;1;"OK";""
"yalk_initial";"ubsi.yalk.initial.23";"ЯЛК адрес 23: обрыв";-0.969493;"В";-6.2;-1e-12;"OK";"analog_code=0.000000; raw=1024.000000; signal=1; ulk_address=23; yalk_v=-0.969493"
"yalk_initial";"ubsi.yalk.initial.signal.23";"ЯЛК адрес 23: исходный сигнал";1;"лог.";1;1;"OK";""
"yalk_initial";"ubsi.yalk.initial.24";"ЯЛК адрес 24: обрыв";-0.969493;"В";-6.2;-1e-12;"OK";"analog_code=0.000000; raw=1024.000000; signal=1; ulk_address=24; yalk_v=-0.969493"
"yalk_initial";"ubsi.yalk.initial.signal.24";"ЯЛК адрес 24: исходный сигнал";1;"лог.";1;1;"OK";""
"yalk_initial";"ubsi.yalk.initial.25";"ЯЛК адрес 25: обрыв";-0.969493;"В";-6.2;-1e-12;"OK";"analog_code=0.000000; raw=1024.000000; signal=1; ulk_address=25; yalk_v=-0.969493"
"yalk_initial";"ubsi.yalk.initial.signal.25";"ЯЛК адрес 25: исходный сигнал";1;"лог.";1;1;"OK";""
"yalk_initial";"ubsi.yalk.initial.26";"ЯЛК адрес 26: обрыв";-0.969493;"В";-6.2;-1e-12;"OK";"analog_code=0.000000; raw=1024.000000; signal=1; ulk_address=26; yalk_v=-0.969493"
"yalk_initial";"ubsi.yalk.initial.signal.26";"ЯЛК адрес 26: исходный сигнал";1;"лог.";1;1;"OK";""
"yalk_initial";"ubsi.yalk.initial.27";"ЯЛК адрес 27: обрыв";-0.969493;"В";-6.2;-1e-12;"OK";"analog_code=0.000000; raw=1024.000000; signal=1; ulk_address=27; yalk_v=-0.969493"
"yalk_initial";"ubsi.yalk.initial.signal.27";"ЯЛК адрес 27: исходный сигнал";1;"лог.";1;1;"OK";""
"yalk_initial";"ubsi.yalk.initial.28";"ЯЛК адрес 28: обрыв";-0.969493;"В";-6.2;-1e-12;"OK";"analog_code=0.000000; raw=1024.000000; signal=1; ulk_address=28; yalk_v=-0.969493"
"yalk_initial";"ubsi.yalk.initial.signal.28";"ЯЛК адрес 28: исходный сигнал";1;"лог.";1;1;"OK";""
"yalk_initial";"ubsi.yalk.initial.32";"ЯЛК адрес 32: обрыв";-0.969493;"В";-6.2;-1e-12;"OK";"analog_code=0.000000; raw=1024.000000; signal=1; ulk_address=32; yalk_v=-0.969493"
"yalk_initial";"ubsi.yalk.initial.signal.32";"ЯЛК адрес 32: исходный сигнал";1;"лог.";1;1;"OK";""
"yalk_initial";"ubsi.yalk.initial.33";"ЯЛК адрес 33: обрыв";-0.969493;"В";-6.2;-1e-12;"OK";"analog_code=0.000000; raw=1024.000000; signal=1; ulk_address=33; yalk_v=-0.969493"
"yalk_initial";"ubsi.yalk.initial.signal.33";"ЯЛК адрес 33: исходный сигнал";1;"лог.";1;1;"OK";""
"yalk_initial";"ubsi.yalk.initial.34";"ЯЛК адрес 34: обрыв";-0.969493;"В";-6.2;-1e-12;"OK";"analog_code=0.000000; raw=1024.000000; signal=1; ulk_address=34; yalk_v=-0.969493"
"yalk_initial";"ubsi.yalk.initial.signal.34";"ЯЛК адрес 34: исходный сигнал";1;"лог.";1;1;"OK";""
"yalk_initial";"ubsi.yalk.initial.35";"ЯЛК адрес 35: обрыв";-0.969493;"В";-6.2;-1e-12;"OK";"analog_code=0.000000; raw=1024.000000; signal=1; ulk_address=35; yalk_v=-0.969493"
"yalk_initial";"ubsi.yalk.initial.signal.35";"ЯЛК адрес 35: исходный сигнал";1;"лог.";1;1;"OK";""
"yalk_initial";"ubsi.yalk.initial.36";"ЯЛК адрес 36: обрыв";-0.969493;"В";-6.2;-1e-12;"OK";"analog_code=0.000000; raw=1024.000000; signal=1; ulk_address=36; yalk_v=-0.969493"
"yalk_initial";"ubsi.yalk.initial.signal.36";"ЯЛК адрес 36: исходный сигнал";1;"лог.";1;1;"OK";""
"yalk_initial";"ubsi.yalk.initial.37";"ЯЛК адрес 37: обрыв";-0.969493;"В";-6.2;-1e-12;"OK";"analog_code=0.000000; raw=1024.000000; signal=1; ulk_address=37; yalk_v=-0.969493"
"yalk_initial";"ubsi.yalk.initial.signal.37";"ЯЛК адрес 37: исходный сигнал";1;"лог.";1;1;"OK";""
"yalk_initial";"ubsi.yalk.initial.38";"ЯЛК адрес 38: обрыв";-0.969493;"В";-6.2;-1e-12;"OK";"analog_code=0.000000; raw=1024.000000; signal=1; ulk_address=38; yalk_v=-0.969493"
"yalk_initial";"ubsi.yalk.initial.signal.38";"ЯЛК адрес 38: исходный сигнал";1;"лог.";1;1;"OK";""
"yalk_initial";"ubsi.yalk.initial.39";"ЯЛК адрес 39: обрыв";-0.969493;"В";-6.2;-1e-12;"OK";"analog_code=0.000000; raw=1024.000000; signal=1; ulk_address=39; yalk_v=-0.969493"
"yalk_initial";"ubsi.yalk.initial.signal.39";"ЯЛК адрес 39: исходный сигнал";1;"лог.";1;1;"OK";""
"yalk_initial";"ubsi.yalk.initial.40";"ЯЛК адрес 40: обрыв";-0.969493;"В";-6.2;-1e-12;"OK";"analog_code=0.000000; raw=1024.000000; signal=1; ulk_address=40; yalk_v=-0.969493"
"yalk_initial";"ubsi.yalk.initial.signal.40";"ЯЛК адрес 40: исходный сигнал";1;"лог.";1;1;"OK";""
"yalk_initial";"ubsi.yalk.initial.41";"ЯЛК адрес 41: обрыв";-0.969493;"В";-6.2;-1e-12;"OK";"analog_code=0.000000; raw=1024.000000; signal=1; ulk_address=41; yalk_v=-0.969493"
"yalk_initial";"ubsi.yalk.initial.signal.41";"ЯЛК адрес 41: исходный сигнал";1;"лог.";1;1;"OK";""
"yalk_initial";"ubsi.yalk.initial.42";"ЯЛК адрес 42: обрыв";-0.969493;"В";-6.2;-1e-12;"OK";"analog_code=0.000000; raw=1024.000000; signal=1; ulk_address=42; yalk_v=-0.969493"
"yalk_initial";"ubsi.yalk.initial.signal.42";"ЯЛК адрес 42: исходный сигнал";1;"лог.";1;1;"OK";""
"yalk_initial";"ubsi.yalk.initial.43";"ЯЛК адрес 43: обрыв";-0.969493;"В";-6.2;-1e-12;"OK";"analog_code=0.000000; raw=1024.000000; signal=1; ulk_address=43; yalk_v=-0.969493"
"yalk_initial";"ubsi.yalk.initial.signal.43";"ЯЛК адрес 43: исходный сигнал";1;"лог.";1;1;"OK";""
"yalk_initial";"ubsi.yalk.initial.45";"ЯЛК адрес 45: обрыв";-0.969493;"В";-6.2;-1e-12;"OK";"analog_code=0.000000; raw=1024.000000; signal=1; ulk_address=45; yalk_v=-0.969493"
"yalk_initial";"ubsi.yalk.initial.signal.45";"ЯЛК адрес 45: исходный сигнал";1;"лог.";1;1;"OK";""
"yalk_initial";"ubsi.yalk.initial.46";"ЯЛК адрес 46: обрыв";-0.969493;"В";-6.2;-1e-12;"OK";"analog_code=0.000000; raw=1024.000000; signal=1; ulk_address=46; yalk_v=-0.969493"
"yalk_initial";"ubsi.yalk.initial.signal.46";"ЯЛК адрес 46: исходный сигнал";1;"лог.";1;1;"OK";""
"yalk_initial";"ubsi.yalk.initial.47";"ЯЛК адрес 47: обрыв";-0.969493;"В";-6.2;-1e-12;"OK";"analog_code=0.000000; raw=1024.000000; signal=1; ulk_address=47; yalk_v=-0.969493"
"yalk_initial";"ubsi.yalk.initial.signal.47";"ЯЛК адрес 47: исходный сигнал";1;"лог.";1;1;"OK";""
"yalk_initial";"ubsi.yalk.initial.48";"ЯЛК адрес 48: обрыв";-0.969493;"В";-6.2;-1e-12;"OK";"analog_code=0.000000; raw=1024.000000; signal=1; ulk_address=48; yalk_v=-0.969493"
"yalk_initial";"ubsi.yalk.initial.signal.48";"ЯЛК адрес 48: исходный сигнал";1;"лог.";1;1;"OK";""
"yalk_initial";"ubsi.yalk.initial.49";"ЯЛК адрес 49: обрыв";-0.969493;"В";-6.2;-1e-12;"OK";"analog_code=0.000000; raw=1024.000000; signal=1; ulk_address=49; yalk_v=-0.969493"
"yalk_initial";"ubsi.yalk.initial.signal.49";"ЯЛК адрес 49: исходный сигнал";1;"лог.";1;1;"OK";""
"yalk_initial";"ubsi.yalk.initial.50";"ЯЛК адрес 50: обрыв";-0.969493;"В";-6.2;-1e-12;"OK";"analog_code=0.000000; raw=1024.000000; signal=1; ulk_address=50; yalk_v=-0.969493"
"yalk_initial";"ubsi.yalk.initial.signal.50";"ЯЛК адрес 50: исходный сигнал";1;"лог.";1;1;"OK";""
"yalk_initial";"ubsi.yalk.initial.51";"ЯЛК адрес 51: обрыв";-0.969493;"В";-6.2;-1e-12;"OK";"analog_code=0.000000; raw=1024.000000; signal=1; ulk_address=51; yalk_v=-0.969493"
"yalk_initial";"ubsi.yalk.initial.signal.51";"ЯЛК адрес 51: исходный сигнал";1;"лог.";1;1;"OK";""
"yalk_initial";"ubsi.yalk.initial.52";"ЯЛК адрес 52: обрыв";-0.969493;"В";-6.2;-1e-12;"OK";"analog_code=0.000000; raw=1024.000000; signal=1; ulk_address=52; yalk_v=-0.969493"
"yalk_initial";"ubsi.yalk.initial.signal.52";"ЯЛК адрес 52: исходный сигнал";1;"лог.";1;1;"OK";""
"yalk_initial";"ubsi.yalk.initial.53";"ЯЛК адрес 53: обрыв";-0.969493;"В";-6.2;-1e-12;"OK";"analog_code=0.000000; raw=1024.000000; signal=1; ulk_address=53; yalk_v=-0.969493"
"yalk_initial";"ubsi.yalk.initial.signal.53";"ЯЛК адрес 53: исходный сигнал";1;"лог.";1;1;"OK";""
"yalk_initial";"ubsi.yalk.initial.54";"ЯЛК адрес 54: обрыв";-0.969493;"В";-6.2;-1e-12;"OK";"analog_code=0.000000; raw=1024.000000; signal=1; ulk_address=54; yalk_v=-0.969493"
"yalk_initial";"ubsi.yalk.initial.signal.54";"ЯЛК адрес 54: исходный сигнал";1;"лог.";1;1;"OK";""
"yalk_initial";"ubsi.yalk.initial.55";"ЯЛК адрес 55: обрыв";-0.969493;"В";-6.2;-1e-12;"OK";"analog_code=0.000000; raw=1024.000000; signal=1; ulk_address=55; yalk_v=-0.969493"
"yalk_initial";"ubsi.yalk.initial.signal.55";"ЯЛК адрес 55: исходный сигнал";1;"лог.";1;1;"OK";""
"yalk_initial";"ubsi.yalk.initial.56";"ЯЛК адрес 56: обрыв";-0.969493;"В";-6.2;-1e-12;"OK";"analog_code=0.000000; raw=1024.000000; signal=1; ulk_address=56; yalk_v=-0.969493"
"yalk_initial";"ubsi.yalk.initial.signal.56";"ЯЛК адрес 56: исходный сигнал";1;"лог.";1;1;"OK";""
"yalk_initial";"ubsi.yalk.initial.57";"ЯЛК адрес 57: обрыв";-0.969493;"В";-6.2;-1e-12;"OK";"analog_code=0.000000; raw=1024.000000; signal=1; ulk_address=57; yalk_v=-0.969493"
"yalk_initial";"ubsi.yalk.initial.signal.57";"ЯЛК адрес 57: исходный сигнал";1;"лог.";1;1;"OK";""
"yalk_initial";"ubsi.yalk.initial.58";"ЯЛК адрес 58: обрыв";-0.969493;"В";-6.2;-1e-12;"OK";"analog_code=0.000000; raw=1024.000000; signal=1; ulk_address=58; yalk_v=-0.969493"
"yalk_initial";"ubsi.yalk.initial.signal.58";"ЯЛК адрес 58: исходный сигнал";1;"лог.";1;1;"OK";""
"yalk_initial";"ubsi.yalk.initial.59";"ЯЛК адрес 59: обрыв";-0.969493;"В";-6.2;-1e-12;"OK";"analog_code=0.000000; raw=1024.000000; signal=1; ulk_address=59; yalk_v=-0.969493"
"yalk_initial";"ubsi.yalk.initial.signal.59";"ЯЛК адрес 59: исходный сигнал";1;"лог.";1;1;"OK";""
"yalk_initial";"ubsi.yalk.initial.60";"ЯЛК адрес 60: обрыв";-0.969493;"В";-6.2;-1e-12;"OK";"analog_code=0.000000; raw=1024.000000; signal=1; ulk_address=60; yalk_v=-0.969493"
"yalk_initial";"ubsi.yalk.initial.signal.60";"ЯЛК адрес 60: исходный сигнал";1;"лог.";1;1;"OK";""
"yalk_initial";"ubsi.yalk.initial.61";"ЯЛК адрес 61: обрыв";-0.969493;"В";-6.2;-1e-12;"OK";"analog_code=0.000000; raw=1024.000000; signal=1; ulk_address=61; yalk_v=-0.969493"
"yalk_initial";"ubsi.yalk.initial.signal.61";"ЯЛК адрес 61: исходный сигнал";1;"лог.";1;1;"OK";""
"yalk_initial";"ubsi.yalk.initial.62";"ЯЛК адрес 62: обрыв";-0.969493;"В";-6.2;-1e-12;"OK";"analog_code=0.000000; raw=1024.000000; signal=1; ulk_address=62; yalk_v=-0.969493"
"yalk_initial";"ubsi.yalk.initial.signal.62";"ЯЛК адрес 62: исходный сигнал";1;"лог.";1;1;"OK";""
"yalk_initial";"ubsi.yalk.initial.63";"ЯЛК адрес 63: обрыв";-0.969493;"В";-6.2;-1e-12;"OK";"analog_code=0.000000; raw=1024.000000; signal=1; ulk_address=63; yalk_v=-0.969493"
"yalk_initial";"ubsi.yalk.initial.signal.63";"ЯЛК адрес 63: исходный сигнал";1;"лог.";1;1;"OK";""
"yalk_initial";"ubsi.yalk.initial.64";"ЯЛК адрес 64: обрыв";-0.969493;"В";-6.2;-1e-12;"OK";"analog_code=0.000000; raw=1024.000000; signal=1; ulk_address=64; yalk_v=-0.969493"
"yalk_initial";"ubsi.yalk.initial.signal.64";"ЯЛК адрес 64: исходный сигнал";1;"лог.";1;1;"OK";""
"yalk_initial";"ubsi.yalk.initial.65";"ЯЛК адрес 65: обрыв";-0.969493;"В";-6.2;-1e-12;"OK";"analog_code=0.000000; raw=1024.000000; signal=1; ulk_address=65; yalk_v=-0.969493"
"yalk_initial";"ubsi.yalk.initial.signal.65";"ЯЛК адрес 65: исходный сигнал";1;"лог.";1;1;"OK";""
"yalk_initial";"ubsi.yalk.initial.66";"ЯЛК адрес 66: обрыв";-0.969493;"В";-6.2;-1e-12;"OK";"analog_code=0.000000; raw=1024.000000; signal=1; ulk_address=66; yalk_v=-0.969493"
"yalk_initial";"ubsi.yalk.initial.signal.66";"ЯЛК адрес 66: исходный сигнал";1;"лог.";1;1;"OK";""
"yalk_initial";"ubsi.yalk.initial.67";"ЯЛК адрес 67: обрыв";-0.969493;"В";-6.2;-1e-12;"OK";"analog_code=0.000000; raw=1024.000000; signal=1; ulk_address=67; yalk_v=-0.969493"
"yalk_initial";"ubsi.yalk.initial.signal.67";"ЯЛК адрес 67: исходный сигнал";1;"лог.";1;1;"OK";""
"yalk_initial";"ubsi.yalk.initial.68";"ЯЛК адрес 68: обрыв";-0.969493;"В";-6.2;-1e-12;"OK";"analog_code=0.000000; raw=1024.000000; signal=1; ulk_address=68; yalk_v=-0.969493"
"yalk_initial";"ubsi.yalk.initial.signal.68";"ЯЛК адрес 68: исходный сигнал";1;"лог.";1;1;"OK";""
"yalk_initial";"ubsi.yalk.initial.69";"ЯЛК адрес 69: обрыв";-0.969493;"В";-6.2;-1e-12;"OK";"analog_code=0.000000; raw=1024.000000; signal=1; ulk_address=69; yalk_v=-0.969493"
"yalk_initial";"ubsi.yalk.initial.signal.69";"ЯЛК адрес 69: исходный сигнал";1;"лог.";1;1;"OK";""
"yalk_initial";"ubsi.yalk.initial.70";"ЯЛК адрес 70: обрыв";-0.969493;"В";-6.2;-1e-12;"OK";"analog_code=0.000000; raw=1024.000000; signal=1; ulk_address=70; yalk_v=-0.969493"
"yalk_initial";"ubsi.yalk.initial.signal.70";"ЯЛК адрес 70: исходный сигнал";1;"лог.";1;1;"OK";""
"yalk_initial";"ubsi.yalk.initial.74";"ЯЛК адрес 74: обрыв";-0.969493;"В";-6.2;-1e-12;"OK";"analog_code=0.000000; raw=1024.000000; signal=1; ulk_address=74; yalk_v=-0.969493"
"yalk_initial";"ubsi.yalk.initial.signal.74";"ЯЛК адрес 74: исходный сигнал";1;"лог.";1;1;"OK";""
"yalk_initial";"ubsi.yalk.initial.75";"ЯЛК адрес 75: обрыв";-0.969493;"В";-6.2;-1e-12;"OK";"analog_code=0.000000; raw=1024.000000; signal=1; ulk_address=75; yalk_v=-0.969493"
"yalk_initial";"ubsi.yalk.initial.signal.75";"ЯЛК адрес 75: исходный сигнал";1;"лог.";1;1;"OK";""
"yalk_initial";"ubsi.yalk.initial.76";"ЯЛК адрес 76: обрыв";-0.969493;"В";-6.2;-1e-12;"OK";"analog_code=0.000000; raw=1024.000000; signal=1; ulk_address=76; yalk_v=-0.969493"
"yalk_initial";"ubsi.yalk.initial.signal.76";"ЯЛК адрес 76: исходный сигнал";1;"лог.";1;1;"OK";""
"yalk_initial";"ubsi.yalk.initial.77";"ЯЛК адрес 77: обрыв";-0.969493;"В";-6.2;-1e-12;"OK";"analog_code=0.000000; raw=1024.000000; signal=1; ulk_address=77; yalk_v=-0.969493"
"yalk_initial";"ubsi.yalk.initial.signal.77";"ЯЛК адрес 77: исходный сигнал";1;"лог.";1;1;"OK";""
"yalk_initial";"ubsi.yalk.initial.78";"ЯЛК адрес 78: обрыв";-0.969493;"В";-6.2;-1e-12;"OK";"analog_code=0.000000; raw=1024.000000; signal=1; ulk_address=78; yalk_v=-0.969493"
"yalk_initial";"ubsi.yalk.initial.signal.78";"ЯЛК адрес 78: исходный сигнал";1;"лог.";1;1;"OK";""
"yalk_initial";"ubsi.yalk.initial.79";"ЯЛК адрес 79: обрыв";-0.969493;"В";-6.2;-1e-12;"OK";"analog_code=0.000000; raw=1024.000000; signal=1; ulk_address=79; yalk_v=-0.969493"
"yalk_initial";"ubsi.yalk.initial.signal.79";"ЯЛК адрес 79: исходный сигнал";1;"лог.";1;1;"OK";""
"yalk_initial";"ubsi.yalk.initial.80";"ЯЛК адрес 80: обрыв";-0.969493;"В";-6.2;-1e-12;"OK";"analog_code=0.000000; raw=1024.000000; signal=1; ulk_address=80; yalk_v=-0.969493"
"yalk_initial";"ubsi.yalk.initial.signal.80";"ЯЛК адрес 80: исходный сигнал";1;"лог.";1;1;"OK";""
"yalk_initial";"ubsi.yalk.initial.81";"ЯЛК адрес 81: обрыв";-0.969493;"В";-6.2;-1e-12;"OK";"analog_code=0.000000; raw=1024.000000; signal=1; ulk_address=81; yalk_v=-0.969493"
"yalk_initial";"ubsi.yalk.initial.signal.81";"ЯЛК адрес 81: исходный сигнал";1;"лог.";1;1;"OK";""
"yalk_initial";"ubsi.yalk.initial.82";"ЯЛК адрес 82: обрыв";-0.969493;"В";-6.2;-1e-12;"OK";"analog_code=0.000000; raw=1024.000000; signal=1; ulk_address=82; yalk_v=-0.969493"
"yalk_initial";"ubsi.yalk.initial.signal.82";"ЯЛК адрес 82: исходный сигнал";1;"лог.";1;1;"OK";""
"yalk_initial";"ubsi.yalk.initial.83";"ЯЛК адрес 83: обрыв";-0.969493;"В";-6.2;-1e-12;"OK";"analog_code=0.000000; raw=1024.000000; signal=1; ulk_address=83; yalk_v=-0.969493"
"yalk_initial";"ubsi.yalk.initial.signal.83";"ЯЛК адрес 83: исходный сигнал";1;"лог.";1;1;"OK";""
"yalk_initial";"ubsi.yalk.initial.84";"ЯЛК адрес 84: обрыв";-0.969493;"В";-6.2;-1e-12;"OK";"analog_code=0.000000; raw=1024.000000; signal=1; ulk_address=84; yalk_v=-0.969493"
"yalk_initial";"ubsi.yalk.initial.signal.84";"ЯЛК адрес 84: исходный сигнал";1;"лог.";1;1;"OK";""
"yalk_initial";"ubsi.yalk.initial.85";"ЯЛК адрес 85: обрыв";-0.969493;"В";-6.2;-1e-12;"OK";"analog_code=0.000000; raw=1024.000000; signal=1; ulk_address=85; yalk_v=-0.969493"
"yalk_initial";"ubsi.yalk.initial.signal.85";"ЯЛК адрес 85: исходный сигнал";1;"лог.";1;1;"OK";""
"yalk_initial";"ubsi.yalk.initial.86";"ЯЛК адрес 86: обрыв";-0.969493;"В";-6.2;-1e-12;"OK";"analog_code=0.000000; raw=1024.000000; signal=1; ulk_address=86; yalk_v=-0.969493"
"yalk_initial";"ubsi.yalk.initial.signal.86";"ЯЛК адрес 86: исходный сигнал";1;"лог.";1;1;"OK";""
"yalk_initial";"ubsi.yalk.initial.87";"ЯЛК адрес 87: обрыв";-0.969493;"В";-6.2;-1e-12;"OK";"analog_code=0.000000; raw=1024.000000; signal=1; ulk_address=87; yalk_v=-0.969493"
"yalk_initial";"ubsi.yalk.initial.signal.87";"ЯЛК адрес 87: исходный сигнал";1;"лог.";1;1;"OK";""
"yalk_channels";"ubsi.yalk.channel.1.0";"ЯЛК адрес 1 · 0.000000 В";0.048062;"В";0.02254;0.08454;"OK";"absolute_error_v=0.005478; analog_code=131.000000; channel=1; channel_count=80; channel_index=1; command_v=0.000000; lower_limit_v=0.022540; point_count=3; point_index=1; raw=131.000000; reduced_error_percent=0.088354; scan_order=channel_major; section=YALK; ulk_address=1; upper_limit_v=0.084540; v7_v=0.053540; yalk_v=0.048062"
"yalk_channels";"ubsi.yalk.channel.1.1";"ЯЛК адрес 1 · 3.100000 В";3.09053;"В";3.06637;3.12837;"OK";"absolute_error_v=0.006836; analog_code=522.687500; channel=1; channel_count=80; channel_index=1; command_v=3.100000; lower_limit_v=3.066369; point_count=3; point_index=2; raw=1546.687500; reduced_error_percent=0.110254; scan_order=channel_major; section=YALK; ulk_address=1; upper_limit_v=3.128369; v7_v=3.097369; yalk_v=3.090533"
"yalk_channels";"ubsi.yalk.channel.1.2";"ЯЛК адрес 1 · 6.200000 В";6.13252;"В";6.1144;6.1764;"OK";"absolute_error_v=0.012877; analog_code=914.312500; channel=1; channel_count=80; channel_index=1; command_v=6.200000; lower_limit_v=6.114396; point_count=3; point_index=3; raw=1938.312500; reduced_error_percent=0.207691; scan_order=channel_major; section=YALK; ulk_address=1; upper_limit_v=6.176396; v7_v=6.145396; yalk_v=6.132519"
"yalk_channels";"ubsi.yalk.channel.2.0";"ЯЛК адрес 2 · 0.000000 В";-0.0796179;"В";-0.109295;-0.0472947;"OK";"absolute_error_v=0.001323; analog_code=114.562500; channel=2; channel_count=80; channel_index=2; command_v=0.000000; lower_limit_v=-0.109295; point_count=3; point_index=1; raw=114.562500; reduced_error_percent=0.021342; scan_order=channel_major; section=YALK; ulk_address=2; upper_limit_v=-0.047295; v7_v=-0.078295; yalk_v=-0.079618"
"yalk_channels";"ubsi.yalk.channel.2.1";"ЯЛК адрес 2 · 3.100000 В";2.9347;"В";2.91233;2.97433;"OK";"absolute_error_v=0.008637; analog_code=502.625000; channel=2; channel_count=80; channel_index=2; command_v=3.100000; lower_limit_v=2.912332; point_count=3; point_index=2; raw=1526.625000; reduced_error_percent=0.139301; scan_order=channel_major; section=YALK; ulk_address=2; upper_limit_v=2.974332; v7_v=2.943332; yalk_v=2.934696"
"yalk_channels";"ubsi.yalk.channel.2.2";"ЯЛК адрес 2 · 6.200000 В";5.97086;"В";5.94875;6.01075;"OK";"absolute_error_v=0.008898; analog_code=893.500000; channel=2; channel_count=80; channel_index=2; command_v=6.200000; lower_limit_v=5.948754; point_count=3; point_index=3; raw=1917.500000; reduced_error_percent=0.143512; scan_order=channel_major; section=YALK; ulk_address=2; upper_limit_v=6.010754; v7_v=5.979754; yalk_v=5.970856"
"yalk_channels";"ubsi.yalk.channel.3.0";"ЯЛК адрес 3 · 0.000000 В";-0.0626263;"В";-0.0942267;-0.0322267;"OK";"absolute_error_v=0.000600; analog_code=116.750000; channel=3; channel_count=80; channel_index=3; command_v=0.000000; lower_limit_v=-0.094227; point_count=3; point_index=1; raw=116.750000; reduced_error_percent=0.009685; scan_order=channel_major; section=YALK; ulk_address=3; upper_limit_v=-0.032227; v7_v=-0.063227; yalk_v=-0.062626"
"yalk_channels";"ubsi.yalk.channel.3.1";"ЯЛК адрес 3 · 3.100000 В";2.98567;"В";2.96297;3.02497;"OK";"absolute_error_v=0.008296; analog_code=509.187500; channel=3; channel_count=80; channel_index=3; command_v=3.100000; lower_limit_v=2.962966; point_count=3; point_index=2; raw=1533.187500; reduced_error_percent=0.133802; scan_order=channel_major; section=YALK; ulk_address=3; upper_limit_v=3.024966; v7_v=2.993966; yalk_v=2.985671"
"yalk_channels";"ubsi.yalk.channel.3.2";"ЯЛК адрес 3 · 6.200000 В";6.03737;"В";6.01336;6.07536;"OK";"absolute_error_v=0.006995; analog_code=902.062500; channel=3; channel_count=80; channel_index=3; command_v=6.200000; lower_limit_v=6.013361; point_count=3; point_index=3; raw=1926.062500; reduced_error_percent=0.112823; scan_order=channel_major; section=YALK; ulk_address=3; upper_limit_v=6.075361; v7_v=6.044361; yalk_v=6.037366"
"yalk_channels";"ubsi.yalk.channel.4.0";"ЯЛК адрес 4 · 0.000000 В";-0.0956386;"В";-0.128646;-0.0666461;"OK";"absolute_error_v=0.002008; analog_code=112.500000; channel=4; channel_count=80; channel_index=4; command_v=0.000000; lower_limit_v=-0.128646; point_count=3; point_index=1; raw=112.500000; reduced_error_percent=0.032379; scan_order=channel_major; section=YALK; ulk_address=4; upper_limit_v=-0.066646; v7_v=-0.097646; yalk_v=-0.095639"
"yalk_channels";"ubsi.yalk.channel.4.1";"ЯЛК адрес 4 · 3.100000 В";2.93567;"В";2.91521;2.97721;"OK";"absolute_error_v=0.010541; analog_code=502.750000; channel=4; channel_count=80; channel_index=4; command_v=3.100000; lower_limit_v=2.915207; point_count=3; point_index=2; raw=1526.750000; reduced_error_percent=0.170010; scan_order=channel_major; section=YALK; ulk_address=4; upper_limit_v=2.977207; v7_v=2.946207; yalk_v=2.935667"
"yalk_channels";"ubsi.yalk.channel.4.2";"ЯЛК адрес 4 · 6.200000 В";5.98688;"В";5.96466;6.02666;"OK";"absolute_error_v=0.008786; analog_code=895.562500; channel=4; channel_count=80; channel_index=4; command_v=6.200000; lower_limit_v=5.964663; point_count=3; point_index=3; raw=1919.562500; reduced_error_percent=0.141713; scan_order=channel_major; section=YALK; ulk_address=4; upper_limit_v=6.026663; v7_v=5.995663; yalk_v=5.986877"
"yalk_channels";"ubsi.yalk.channel.5.0";"ЯЛК адрес 5 · 0.000000 В";-0.0422363;"В";-0.070716;-0.00871595;"OK";"absolute_error_v=0.002520; analog_code=119.375000; channel=5; channel_count=80; channel_index=5; command_v=0.000000; lower_limit_v=-0.070716; point_count=3; point_index=1; raw=119.375000; reduced_error_percent=0.040651; scan_order=channel_major; section=YALK; ulk_address=5; upper_limit_v=-0.008716; v7_v=-0.039716; yalk_v=-0.042236"
"yalk_channels";"ubsi.yalk.channel.5.1";"ЯЛК адрес 5 · 3.100000 В";2.96819;"В";2.9465;3.0085;"OK";"absolute_error_v=0.009306; analog_code=506.937500; channel=5; channel_count=80; channel_index=5; command_v=3.100000; lower_limit_v=2.946500; point_count=3; point_index=2; raw=1530.937500; reduced_error_percent=0.150096; scan_order=channel_major; section=YALK; ulk_address=5; upper_limit_v=3.008500; v7_v=2.977500; yalk_v=2.968194"
"yalk_channels";"ubsi.yalk.channel.5.2";"ЯЛК адрес 5 · 6.200000 В";5.99562;"В";5.97585;6.03785;"OK";"absolute_error_v=0.011239; analog_code=896.687500; channel=5; channel_count=80; channel_index=5; command_v=6.200000; lower_limit_v=5.975854; point_count=3; point_index=3; raw=1920.687500; reduced_error_percent=0.181269; scan_order=channel_major; section=YALK; ulk_address=5; upper_limit_v=6.037854; v7_v=6.006854; yalk_v=5.995615"
"yalk_channels";"ubsi.yalk.channel.6.0";"ЯЛК адрес 6 · 0.000000 В";-0.0820453;"В";-0.109665;-0.0476652;"OK";"absolute_error_v=0.003380; analog_code=114.250000; channel=6; channel_count=80; channel_index=6; command_v=0.000000; lower_limit_v=-0.109665; point_count=3; point_index=1; raw=114.250000; reduced_error_percent=0.054517; scan_order=channel_major; section=YALK; ulk_address=6; upper_limit_v=-0.047665; v7_v=-0.078665; yalk_v=-0.082045"
"yalk_channels";"ubsi.yalk.channel.6.1";"ЯЛК адрес 6 · 3.100000 В";2.96625;"В";2.9435;3.0055;"OK";"absolute_error_v=0.008250; analog_code=506.687500; channel=6; channel_count=80; channel_index=6; command_v=3.100000; lower_limit_v=2.943502; point_count=3; point_index=2; raw=1530.687500; reduced_error_percent=0.133071; scan_order=channel_major; section=YALK; ulk_address=6; upper_limit_v=3.005502; v7_v=2.974502; yalk_v=2.966252"
"yalk_channels";"ubsi.yalk.channel.6.2";"ЯЛК адрес 6 · 6.200000 В";6.01261;"В";5.99347;6.05547;"OK";"absolute_error_v=0.011859; analog_code=898.875000; channel=6; channel_count=80; channel_index=6; command_v=6.200000; lower_limit_v=5.993466; point_count=3; point_index=3; raw=1922.875000; reduced_error_percent=0.191278; scan_order=channel_major; section=YALK; ulk_address=6; upper_limit_v=6.055466; v7_v=6.024466; yalk_v=6.012607"
"yalk_channels";"ubsi.yalk.channel.7.0";"ЯЛК адрес 7 · 0.000000 В";-0.0126223;"В";-0.0374272;0.0245728;"OK";"absolute_error_v=0.006195; analog_code=123.187500; channel=7; channel_count=80; channel_index=7; command_v=0.000000; lower_limit_v=-0.037427; point_count=3; point_index=1; raw=123.187500; reduced_error_percent=0.099921; scan_order=channel_major; section=YALK; ulk_address=7; upper_limit_v=0.024573; v7_v=-0.006427; yalk_v=-0.012622"
"yalk_channels";"ubsi.yalk.channel.7.1";"ЯЛК адрес 7 · 3.100000 В";3.02645;"В";2.99999;3.06199;"OK";"absolute_error_v=0.004544; analog_code=514.437500; channel=7; channel_count=80; channel_index=7; command_v=3.100000; lower_limit_v=2.999994; point_count=3; point_index=2; raw=1538.437500; reduced_error_percent=0.073285; scan_order=channel_major; section=YALK; ulk_address=7; upper_limit_v=3.061994; v7_v=3.030994; yalk_v=3.026451"
"yalk_channels";"ubsi.yalk.channel.7.2";"ЯЛК адрес 7 · 6.200000 В";6.04562;"В";6.03021;6.09221;"OK";"absolute_error_v=0.015589; analog_code=903.125000; channel=7; channel_count=80; channel_index=7; command_v=6.200000; lower_limit_v=6.030208; point_count=3; point_index=3; raw=1927.125000; reduced_error_percent=0.251431; scan_order=channel_major; section=YALK; ulk_address=7; upper_limit_v=6.092208; v7_v=6.061208; yalk_v=6.045619"
"yalk_channels";"ubsi.yalk.channel.8.0";"ЯЛК адрес 8 · 0.000000 В";-0.0199045;"В";-0.0519605;0.0100395;"OK";"absolute_error_v=0.001056; analog_code=122.250000; channel=8; channel_count=80; channel_index=8; command_v=0.000000; lower_limit_v=-0.051961; point_count=3; point_index=1; raw=122.250000; reduced_error_percent=0.017033; scan_order=channel_major; section=YALK; ulk_address=8; upper_limit_v=0.010039; v7_v=-0.020961; yalk_v=-0.019904"
"yalk_channels";"ubsi.yalk.channel.8.1";"ЯЛК адрес 8 · 3.100000 В";3.02014;"В";2.99399;3.05599;"OK";"absolute_error_v=0.004850; analog_code=513.625000; channel=8; channel_count=80; channel_index=8; command_v=3.100000; lower_limit_v=2.993989; point_count=3; point_index=2; raw=1537.625000; reduced_error_percent=0.078227; scan_order=channel_major; section=YALK; ulk_address=8; upper_limit_v=3.055989; v7_v=3.024989; yalk_v=3.020139"
"yalk_channels";"ubsi.yalk.channel.8.2";"ЯЛК адрес 8 · 6.200000 В";6.06115;"В";6.04204;6.10404;"OK";"absolute_error_v=0.011888; analog_code=905.125000; channel=8; channel_count=80; channel_index=8; command_v=6.200000; lower_limit_v=6.042043; point_count=3; point_index=3; raw=1929.125000; reduced_error_percent=0.191748; scan_order=channel_major; section=YALK; ulk_address=8; upper_limit_v=6.104043; v7_v=6.073043; yalk_v=6.061154"
"yalk_channels";"ubsi.yalk.channel.9.0";"ЯЛК адрес 9 · 0.000000 В";0.00728212;"В";-0.0219329;0.0400671;"OK";"absolute_error_v=0.001785; analog_code=125.750000; channel=9; channel_count=80; channel_index=9; command_v=0.000000; lower_limit_v=-0.021933; point_count=3; point_index=1; raw=125.750000; reduced_error_percent=0.028790; scan_order=channel_major; section=YALK; ulk_address=9; upper_limit_v=0.040067; v7_v=0.009067; yalk_v=0.007282"
"yalk_channels";"ubsi.yalk.channel.9.1";"ЯЛК адрес 9 · 3.100000 В";3.02742;"В";3.00544;3.06744;"OK";"absolute_error_v=0.009020; analog_code=514.562500; channel=9; channel_count=80; channel_index=9; command_v=3.100000; lower_limit_v=3.005441; point_count=3; point_index=2; raw=1538.562500; reduced_error_percent=0.145480; scan_order=channel_major; section=YALK; ulk_address=9; upper_limit_v=3.067441; v7_v=3.036441; yalk_v=3.027422"
"yalk_channels";"ubsi.yalk.channel.9.2";"ЯЛК адрес 9 · 6.200000 В";6.04708;"В";6.02771;6.08971;"OK";"absolute_error_v=0.011636; analog_code=903.312500; channel=9; channel_count=80; channel_index=9; command_v=6.200000; lower_limit_v=6.027712; point_count=3; point_index=3; raw=1927.312500; reduced_error_percent=0.187682; scan_order=channel_major; section=YALK; ulk_address=9; upper_limit_v=6.089712; v7_v=6.058712; yalk_v=6.047075"
"yalk_channels";"ubsi.yalk.channel.10.0";"ЯЛК адрес 10 · 0.000000 В";-0.125738;"В";-0.150035;-0.0880346;"OK";"absolute_error_v=0.006703; analog_code=108.625000; channel=10; channel_count=80; channel_index=10; command_v=0.000000; lower_limit_v=-0.150035; point_count=3; point_index=1; raw=108.625000; reduced_error_percent=0.108119; scan_order=channel_major; section=YALK; ulk_address=10; upper_limit_v=-0.088035; v7_v=-0.119035; yalk_v=-0.125738"
"yalk_channels";"ubsi.yalk.channel.10.1";"ЯЛК адрес 10 · 3.100000 В";2.91819;"В";2.89409;2.95609;"OK";"absolute_error_v=0.006905; analog_code=500.500000; channel=10; channel_count=80; channel_index=10; command_v=3.100000; lower_limit_v=2.894095; point_count=3; point_index=2; raw=1524.500000; reduced_error_percent=0.111372; scan_order=channel_major; section=YALK; ulk_address=10; upper_limit_v=2.956095; v7_v=2.925095; yalk_v=2.918190"
"yalk_channels";"ubsi.yalk.channel.10.2";"ЯЛК адрес 10 · 6.200000 В";5.95192;"В";5.92701;5.98901;"OK";"absolute_error_v=0.006091; analog_code=891.062500; channel=10; channel_count=80; channel_index=10; command_v=6.200000; lower_limit_v=5.927013; point_count=3; point_index=3; raw=1915.062500; reduced_error_percent=0.098244; scan_order=channel_major; section=YALK; ulk_address=10; upper_limit_v=5.989013; v7_v=5.958013; yalk_v=5.951922"
"yalk_channels";"ubsi.yalk.channel.11.0";"ЯЛК адрес 11 · 0.000000 В";-0.0883564;"В";-0.116889;-0.0548894;"OK";"absolute_error_v=0.002467; analog_code=113.437500; channel=11; channel_count=80; channel_index=11; command_v=0.000000; lower_limit_v=-0.116889; point_count=3; point_index=1; raw=113.437500; reduced_error_percent=0.039791; scan_order=channel_major; section=YALK; ulk_address=11; upper_limit_v=-0.054889; v7_v=-0.085889; yalk_v=-0.088356"
"yalk_channels";"ubsi.yalk.channel.11.1";"ЯЛК адрес 11 · 3.100000 В";2.95606;"В";2.93314;2.99514;"OK";"absolute_error_v=0.008087; analog_code=505.375000; channel=11; channel_count=80; channel_index=11; command_v=3.100000; lower_limit_v=2.933143; point_count=3; point_index=2; raw=1529.375000; reduced_error_percent=0.130430; scan_order=channel_major; section=YALK; ulk_address=11; upper_limit_v=2.995143; v7_v=2.964143; yalk_v=2.956057"
"yalk_channels";"ubsi.yalk.channel.11.2";"ЯЛК адрес 11 · 6.200000 В";5.9995;"В";5.97912;6.04112;"OK";"absolute_error_v=0.010621; analog_code=897.187500; channel=11; channel_count=80; channel_index=11; command_v=6.200000; lower_limit_v=5.979120; point_count=3; point_index=3; raw=1921.187500; reduced_error_percent=0.171314; scan_order=channel_major; section=YALK; ulk_address=11; upper_limit_v=6.041120; v7_v=6.010120; yalk_v=5.999499"
"yalk_channels";"ubsi.yalk.channel.12.0";"ЯЛК адрес 12 · 0.000000 В";-0.0485475;"В";-0.0754199;-0.0134199;"OK";"absolute_error_v=0.004128; analog_code=118.562500; channel=12; channel_count=80; channel_index=12; command_v=0.000000; lower_limit_v=-0.075420; point_count=3; point_index=1; raw=118.562500; reduced_error_percent=0.066575; scan_order=channel_major; section=YALK; ulk_address=12; upper_limit_v=-0.013420; v7_v=-0.044420; yalk_v=-0.048547"
"yalk_channels";"ubsi.yalk.channel.12.1";"ЯЛК адрес 12 · 3.100000 В";2.98616;"В";2.96301;3.02501;"OK";"absolute_error_v=0.007853; analog_code=509.250000; channel=12; channel_count=80; channel_index=12; command_v=3.100000; lower_limit_v=2.963009; point_count=3; point_index=2; raw=1533.250000; reduced_error_percent=0.126664; scan_order=channel_major; section=YALK; ulk_address=12; upper_limit_v=3.025009; v7_v=2.994009; yalk_v=2.986156"
"yalk_channels";"ubsi.yalk.channel.12.2";"ЯЛК адрес 12 · 6.200000 В";6.01649;"В";5.9995;6.0615;"OK";"absolute_error_v=0.014010; analog_code=899.375000; channel=12; channel_count=80; channel_index=12; command_v=6.200000; lower_limit_v=5.999500; point_count=3; point_index=3; raw=1923.375000; reduced_error_percent=0.225968; scan_order=channel_major; section=YALK; ulk_address=12; upper_limit_v=6.061500; v7_v=6.030500; yalk_v=6.016490"
"yalk_channels";"ubsi.yalk.channel.13.0";"ЯЛК адрес 13 · 0.000000 В";-0.0669955;"В";-0.093601;-0.031601;"OK";"absolute_error_v=0.004394; analog_code=116.187500; channel=13; channel_count=80; channel_index=13; command_v=0.000000; lower_limit_v=-0.093601; point_count=3; point_index=1; raw=116.187500; reduced_error_percent=0.070879; scan_order=channel_major; section=YALK; ulk_address=13; upper_limit_v=-0.031601; v7_v=-0.062601; yalk_v=-0.066996"
"yalk_channels";"ubsi.yalk.channel.13.1";"ЯЛК адрес 13 · 3.100000 В";2.96577;"В";2.94208;3.00408;"OK";"absolute_error_v=0.007309; analog_code=506.625000; channel=13; channel_count=80; channel_index=13; command_v=3.100000; lower_limit_v=2.942075; point_count=3; point_index=2; raw=1530.625000; reduced_error_percent=0.117887; scan_order=channel_major; section=YALK; ulk_address=13; upper_limit_v=3.004075; v7_v=2.973075; yalk_v=2.965766"
"yalk_channels";"ubsi.yalk.channel.13.2";"ЯЛК адрес 13 · 6.200000 В";5.99804;"В";5.9784;6.0404;"OK";"absolute_error_v=0.011360; analog_code=897.000000; channel=13; channel_count=80; channel_index=13; command_v=6.200000; lower_limit_v=5.978402; point_count=3; point_index=3; raw=1921.000000; reduced_error_percent=0.183223; scan_order=channel_major; section=YALK; ulk_address=13; upper_limit_v=6.040402; v7_v=6.009402; yalk_v=5.998042"
"yalk_channels";"ubsi.yalk.channel.14.0";"ЯЛК адрес 14 · 0.000000 В";-0.0558296;"В";-0.083573;-0.021573;"OK";"absolute_error_v=0.003257; analog_code=117.625000; channel=14; channel_count=80; channel_index=14; command_v=0.000000; lower_limit_v=-0.083573; point_count=3; point_index=1; raw=117.625000; reduced_error_percent=0.052527; scan_order=channel_major; section=YALK; ulk_address=14; upper_limit_v=-0.021573; v7_v=-0.052573; yalk_v=-0.055830"
"yalk_channels";"ubsi.yalk.channel.14.1";"ЯЛК адрес 14 · 3.100000 В";3.00703;"В";2.98646;3.04846;"OK";"absolute_error_v=0.010431; analog_code=511.937500; channel=14; channel_count=80; channel_index=14; command_v=3.100000; lower_limit_v=2.986462; point_count=3; point_index=2; raw=1535.937500; reduced_error_percent=0.168234; scan_order=channel_major; section=YALK; ulk_address=14; upper_limit_v=3.048462; v7_v=3.017462; yalk_v=3.007032"
"yalk_channels";"ubsi.yalk.channel.14.2";"ЯЛК адрес 14 · 6.200000 В";6.07523;"В";6.05786;6.11986;"OK";"absolute_error_v=0.013631; analog_code=906.937500; channel=14; channel_count=80; channel_index=14; command_v=6.200000; lower_limit_v=6.057864; point_count=3; point_index=3; raw=1930.937500; reduced_error_percent=0.219856; scan_order=channel_major; section=YALK; ulk_address=14; upper_limit_v=6.119864; v7_v=6.088864; yalk_v=6.075233"
"yalk_channels";"ubsi.yalk.channel.15.0";"ЯЛК адрес 15 · 0.000000 В";-0.00728212;"В";-0.0365259;0.0254741;"OK";"absolute_error_v=0.001756; analog_code=123.875000; channel=15; channel_count=80; channel_index=15; command_v=0.000000; lower_limit_v=-0.036526; point_count=3; point_index=1; raw=123.875000; reduced_error_percent=0.028326; scan_order=channel_major; section=YALK; ulk_address=15; upper_limit_v=0.025474; v7_v=-0.005526; yalk_v=-0.007282"
"yalk_channels";"ubsi.yalk.channel.15.1";"ЯЛК адрес 15 · 3.100000 В";3.03567;"В";3.01502;3.07702;"OK";"absolute_error_v=0.010343; analog_code=515.625000; channel=15; channel_count=80; channel_index=15; command_v=3.100000; lower_limit_v=3.015018; point_count=3; point_index=2; raw=1539.625000; reduced_error_percent=0.166828; scan_order=channel_major; section=YALK; ulk_address=15; upper_limit_v=3.077018; v7_v=3.046018; yalk_v=3.035675"
"yalk_channels";"ubsi.yalk.channel.15.2";"ЯЛК адрес 15 · 6.200000 В";6.0762;"В";6.05314;6.11514;"OK";"absolute_error_v=0.007932; analog_code=907.062500; channel=15; channel_count=80; channel_index=15; command_v=6.200000; lower_limit_v=6.053136; point_count=3; point_index=3; raw=1931.062500; reduced_error_percent=0.127932; scan_order=channel_major; section=YALK; ulk_address=15; upper_limit_v=6.115136; v7_v=6.084136; yalk_v=6.076204"
"yalk_channels";"ubsi.yalk.channel.16.0";"ЯЛК адрес 16 · 0.000000 В";-0.048062;"В";-0.0721321;-0.0101321;"OK";"absolute_error_v=0.006930; analog_code=118.625000; channel=16; channel_count=80; channel_index=16; command_v=0.000000; lower_limit_v=-0.072132; point_count=3; point_index=1; raw=118.625000; reduced_error_percent=0.111773; scan_order=channel_major; section=YALK; ulk_address=16; upper_limit_v=-0.010132; v7_v=-0.041132; yalk_v=-0.048062"
"yalk_channels";"ubsi.yalk.channel.16.1";"ЯЛК адрес 16 · 3.100000 В";2.99053;"В";2.96684;3.02884;"OK";"absolute_error_v=0.007314; analog_code=509.812500; channel=16; channel_count=80; channel_index=16; command_v=3.100000; lower_limit_v=2.966839; point_count=3; point_index=2; raw=1533.812500; reduced_error_percent=0.117962; scan_order=channel_major; section=YALK; ulk_address=16; upper_limit_v=3.028839; v7_v=2.997839; yalk_v=2.990525"
"yalk_channels";"ubsi.yalk.channel.16.2";"ЯЛК адрес 16 · 6.200000 В";6.02474;"В";6.00647;6.06847;"OK";"absolute_error_v=0.012731; analog_code=900.437500; channel=16; channel_count=80; channel_index=16; command_v=6.200000; lower_limit_v=6.006475; point_count=3; point_index=3; raw=1924.437500; reduced_error_percent=0.205339; scan_order=channel_major; section=YALK; ulk_address=16; upper_limit_v=6.068475; v7_v=6.037475; yalk_v=6.024744"
"yalk_channels";"ubsi.yalk.channel.17.0";"ЯЛК адрес 17 · 0.000000 В";-0.132535;"В";-0.16062;-0.0986204;"OK";"absolute_error_v=0.002914; analog_code=107.750000; channel=17; channel_count=80; channel_index=17; command_v=0.000000; lower_limit_v=-0.160620; point_count=3; point_index=1; raw=107.750000; reduced_error_percent=0.047005; scan_order=channel_major; section=YALK; ulk_address=17; upper_limit_v=-0.098620; v7_v=-0.129620; yalk_v=-0.132535"
"yalk_channels";"ubsi.yalk.channel.17.1";"ЯЛК адрес 17 · 3.100000 В";2.89974;"В";2.87732;2.93932;"OK";"absolute_error_v=0.008575; analog_code=498.125000; channel=17; channel_count=80; channel_index=17; command_v=3.100000; lower_limit_v=2.877316; point_count=3; point_index=2; raw=1522.125000; reduced_error_percent=0.138299; scan_order=channel_major; section=YALK; ulk_address=17; upper_limit_v=2.939316; v7_v=2.908316; yalk_v=2.899742"
"yalk_channels";"ubsi.yalk.channel.17.2";"ЯЛК адрес 17 · 6.200000 В";5.94658;"В";5.92102;5.98302;"OK";"absolute_error_v=0.005440; analog_code=890.375000; channel=17; channel_count=80; channel_index=17; command_v=6.200000; lower_limit_v=5.921022; point_count=3; point_index=3; raw=1914.375000; reduced_error_percent=0.087736; scan_order=channel_major; section=YALK; ulk_address=17; upper_limit_v=5.983022; v7_v=5.952022; yalk_v=5.946582"
"yalk_channels";"ubsi.yalk.channel.18.0";"ЯЛК адрес 18 · 0.000000 В";-0.010195;"В";-0.0349149;0.0270851;"OK";"absolute_error_v=0.006280; analog_code=123.500000; channel=18; channel_count=80; channel_index=18; command_v=0.000000; lower_limit_v=-0.034915; point_count=3; point_index=1; raw=123.500000; reduced_error_percent=0.101292; scan_order=channel_major; section=YALK; ulk_address=18; upper_limit_v=0.027085; v7_v=-0.003915; yalk_v=-0.010195"
"yalk_channels";"ubsi.yalk.channel.18.1";"ЯЛК адрес 18 · 3.100000 В";3.008;"В";2.98391;3.04591;"OK";"absolute_error_v=0.006912; analog_code=512.062500; channel=18; channel_count=80; channel_index=18; command_v=3.100000; lower_limit_v=2.983914; point_count=3; point_index=2; raw=1536.062500; reduced_error_percent=0.111480; scan_order=channel_major; section=YALK; ulk_address=18; upper_limit_v=3.045914; v7_v=3.014914; yalk_v=3.008003"
"yalk_channels";"ubsi.yalk.channel.18.2";"ЯЛК адрес 18 · 6.200000 В";6.01455;"В";5.99789;6.05989;"OK";"absolute_error_v=0.014338; analog_code=899.125000; channel=18; channel_count=80; channel_index=18; command_v=6.200000; lower_limit_v=5.997886; point_count=3; point_index=3; raw=1923.125000; reduced_error_percent=0.231255; scan_order=channel_major; section=YALK; ulk_address=18; upper_limit_v=6.059886; v7_v=6.028886; yalk_v=6.014549"
"yalk_channels";"ubsi.yalk.channel.19.0";"ЯЛК адрес 19 · 0.000000 В";-0.100979;"В";-0.130287;-0.0682872;"OK";"absolute_error_v=0.001692; analog_code=111.812500; channel=19; channel_count=80; channel_index=19; command_v=0.000000; lower_limit_v=-0.130287; point_count=3; point_index=1; raw=111.812500; reduced_error_percent=0.027283; scan_order=channel_major; section=YALK; ulk_address=19; upper_limit_v=-0.068287; v7_v=-0.099287; yalk_v=-0.100979"
"yalk_channels";"ubsi.yalk.channel.19.1";"ЯЛК адрес 19 · 3.100000 В";2.93372;"В";2.91248;2.97448;"OK";"absolute_error_v=0.009750; analog_code=502.500000; channel=19; channel_count=80; channel_index=19; command_v=3.100000; lower_limit_v=2.912475; point_count=3; point_index=2; raw=1526.500000; reduced_error_percent=0.157264; scan_order=channel_major; section=YALK; ulk_address=19; upper_limit_v=2.974475; v7_v=2.943475; yalk_v=2.933725"
"yalk_channels";"ubsi.yalk.channel.19.2";"ЯЛК адрес 19 · 6.200000 В";5.9626;"В";5.94161;6.00361;"OK";"absolute_error_v=0.010004; analog_code=892.437500; channel=19; channel_count=80; channel_index=19; command_v=6.200000; lower_limit_v=5.941607; point_count=3; point_index=3; raw=1916.437500; reduced_error_percent=0.161354; scan_order=channel_major; section=YALK; ulk_address=19; upper_limit_v=6.003607; v7_v=5.972607; yalk_v=5.962603"
"yalk_channels";"ubsi.yalk.channel.20.0";"ЯЛК адрес 20 · 0.000000 В";-0.0485475;"В";-0.0718639;-0.00986392;"OK";"absolute_error_v=0.007684; analog_code=118.562500; channel=20; channel_count=80; channel_index=20; command_v=0.000000; lower_limit_v=-0.071864; point_count=3; point_index=1; raw=118.562500; reduced_error_percent=0.123929; scan_order=channel_major; section=YALK; ulk_address=20; upper_limit_v=-0.009864; v7_v=-0.040864; yalk_v=-0.048547"
"yalk_channels";"ubsi.yalk.channel.20.1";"ЯЛК адрес 20 · 3.100000 В";2.9847;"В";2.96289;3.02489;"OK";"absolute_error_v=0.009190; analog_code=509.062500; channel=20; channel_count=80; channel_index=20; command_v=3.100000; lower_limit_v=2.962889; point_count=3; point_index=2; raw=1533.062500; reduced_error_percent=0.148219; scan_order=channel_major; section=YALK; ulk_address=20; upper_limit_v=3.024889; v7_v=2.993889; yalk_v=2.984700"
"yalk_channels";"ubsi.yalk.channel.20.2";"ЯЛК адрес 20 · 6.200000 В";6.01455;"В";5.99794;6.05994;"OK";"absolute_error_v=0.014388; analog_code=899.125000; channel=20; channel_count=80; channel_index=20; command_v=6.200000; lower_limit_v=5.997937; point_count=3; point_index=3; raw=1923.125000; reduced_error_percent=0.232071; scan_order=channel_major; section=YALK; ulk_address=20; upper_limit_v=6.059937; v7_v=6.028937; yalk_v=6.014549"
"yalk_channels";"ubsi.yalk.channel.21.0";"ЯЛК адрес 21 · 0.000000 В";-0.146613;"В";-0.174146;-0.112146;"OK";"absolute_error_v=0.003467; analog_code=105.937500; channel=21; channel_count=80; channel_index=21; command_v=0.000000; lower_limit_v=-0.174146; point_count=3; point_index=1; raw=105.937500; reduced_error_percent=0.055919; scan_order=channel_major; section=YALK; ulk_address=21; upper_limit_v=-0.112146; v7_v=-0.143146; yalk_v=-0.146613"
"yalk_channels";"ubsi.yalk.channel.21.1";"ЯЛК адрес 21 · 3.100000 В";2.87547;"В";2.85417;2.91617;"OK";"absolute_error_v=0.009702; analog_code=495.000000; channel=21; channel_count=80; channel_index=21; command_v=3.100000; lower_limit_v=2.854170; point_count=3; point_index=2; raw=1519.000000; reduced_error_percent=0.156490; scan_order=channel_major; section=YALK; ulk_address=21; upper_limit_v=2.916170; v7_v=2.885170; yalk_v=2.875468"
"yalk_channels";"ubsi.yalk.channel.21.2";"ЯЛК адрес 21 · 6.200000 В";5.90386;"В";5.88398;5.94598;"OK";"absolute_error_v=0.011120; analog_code=884.875000; channel=21; channel_count=80; channel_index=21; command_v=6.200000; lower_limit_v=5.883980; point_count=3; point_index=3; raw=1908.875000; reduced_error_percent=0.179358; scan_order=channel_major; section=YALK; ulk_address=21; upper_limit_v=5.945980; v7_v=5.914980; yalk_v=5.903860"
"yalk_channels";"ubsi.yalk.channel.22.0";"ЯЛК адрес 22 · 0.000000 В";0.019419;"В";-0.0139794;0.0480206;"OK";"absolute_error_v=0.002398; analog_code=127.312500; channel=22; channel_count=80; channel_index=22; command_v=0.000000; lower_limit_v=-0.013979; point_count=3; point_index=1; raw=127.312500; reduced_error_percent=0.038684; scan_order=channel_major; section=YALK; ulk_address=22; upper_limit_v=0.048021; v7_v=0.017021; yalk_v=0.019419"
"yalk_channels";"ubsi.yalk.channel.22.1";"ЯЛК адрес 22 · 3.100000 В";3.03762;"В";3.01841;3.08041;"OK";"absolute_error_v=0.011792; analog_code=515.875000; channel=22; channel_count=80; channel_index=22; command_v=3.100000; lower_limit_v=3.018409; point_count=3; point_index=2; raw=1539.875000; reduced_error_percent=0.190196; scan_order=channel_major; section=YALK; ulk_address=22; upper_limit_v=3.080409; v7_v=3.049409; yalk_v=3.037616"
"yalk_channels";"ubsi.yalk.channel.22.2";"ЯЛК адрес 22 · 6.200000 В";6.08009;"В";6.05902;6.12102;"OK";"absolute_error_v=0.009934; analog_code=907.562500; channel=22; channel_count=80; channel_index=22; command_v=6.200000; lower_limit_v=6.059022; point_count=3; point_index=3; raw=1931.562500; reduced_error_percent=0.160227; scan_order=channel_major; section=YALK; ulk_address=22; upper_limit_v=6.121022; v7_v=6.090022; yalk_v=6.080088"
"yalk_channels";"ubsi.yalk.channel.23.0";"ЯЛК адрес 23 · 0.000000 В";-0.0737922;"В";-0.0992257;-0.0372257;"OK";"absolute_error_v=0.005566; analog_code=115.312500; channel=23; channel_count=80; channel_index=23; command_v=0.000000; lower_limit_v=-0.099226; point_count=3; point_index=1; raw=115.312500; reduced_error_percent=0.089782; scan_order=channel_major; section=YALK; ulk_address=23; upper_limit_v=-0.037226; v7_v=-0.068226; yalk_v=-0.073792"
"yalk_channels";"ubsi.yalk.channel.23.1";"ЯЛК адрес 23 · 3.100000 В";2.95703;"В";2.92584;2.98784;"OK";"absolute_error_v=0.000189; analog_code=505.500000; channel=23; channel_count=80; channel_index=23; command_v=3.100000; lower_limit_v=2.925838; point_count=3; point_index=2; raw=1529.500000; reduced_error_percent=0.003052; scan_order=channel_major; section=YALK; ulk_address=23; upper_limit_v=2.987838; v7_v=2.956838; yalk_v=2.957028"
"yalk_channels";"ubsi.yalk.channel.23.2";"ЯЛК адрес 23 · 6.200000 В";5.97474;"В";5.95386;6.01586;"OK";"absolute_error_v=0.010119; analog_code=894.000000; channel=23; channel_count=80; channel_index=23; command_v=6.200000; lower_limit_v=5.953859; point_count=3; point_index=3; raw=1918.000000; reduced_error_percent=0.163213; scan_order=channel_major; section=YALK; ulk_address=23; upper_limit_v=6.015859; v7_v=5.984859; yalk_v=5.974740"
"yalk_channels";"ubsi.yalk.channel.24.0";"ЯЛК адрес 24 · 0.000000 В";-0.10195;"В";-0.128395;-0.0663946;"OK";"absolute_error_v=0.004555; analog_code=111.687500; channel=24; channel_count=80; channel_index=24; command_v=0.000000; lower_limit_v=-0.128395; point_count=3; point_index=1; raw=111.687500; reduced_error_percent=0.073470; scan_order=channel_major; section=YALK; ulk_address=24; upper_limit_v=-0.066395; v7_v=-0.097395; yalk_v=-0.101950"
"yalk_channels";"ubsi.yalk.channel.24.1";"ЯЛК адрес 24 · 3.100000 В";2.95751;"В";2.92764;2.98964;"OK";"absolute_error_v=0.001127; analog_code=505.562500; channel=24; channel_count=80; channel_index=24; command_v=3.100000; lower_limit_v=2.927640; point_count=3; point_index=2; raw=1529.562500; reduced_error_percent=0.018176; scan_order=channel_major; section=YALK; ulk_address=24; upper_limit_v=2.989640; v7_v=2.958640; yalk_v=2.957513"
"yalk_channels";"ubsi.yalk.channel.24.2";"ЯЛК адрес 24 · 6.200000 В";6.0029;"В";5.98209;6.04409;"OK";"absolute_error_v=0.010191; analog_code=897.625000; channel=24; channel_count=80; channel_index=24; command_v=6.200000; lower_limit_v=5.982088; point_count=3; point_index=3; raw=1921.625000; reduced_error_percent=0.164368; scan_order=channel_major; section=YALK; ulk_address=24; upper_limit_v=6.044088; v7_v=6.013088; yalk_v=6.002897"
"yalk_channels";"ubsi.yalk.channel.25.0";"ЯЛК адрес 25 · 0.000000 В";-0.0577715;"В";-0.0936466;-0.0316466;"OK";"absolute_error_v=0.004875; analog_code=117.375000; channel=25; channel_count=80; channel_index=25; command_v=0.000000; lower_limit_v=-0.093647; point_count=3; point_index=1; raw=117.375000; reduced_error_percent=0.078630; scan_order=channel_major; section=YALK; ulk_address=25; upper_limit_v=-0.031647; v7_v=-0.062647; yalk_v=-0.057772"
"yalk_channels";"ubsi.yalk.channel.25.1";"ЯЛК адрес 25 · 3.100000 В";2.98179;"В";2.95548;3.01748;"OK";"absolute_error_v=0.004693; analog_code=508.687500; channel=25; channel_count=80; channel_index=25; command_v=3.100000; lower_limit_v=2.955480; point_count=3; point_index=2; raw=1532.687500; reduced_error_percent=0.075691; scan_order=channel_major; section=YALK; ulk_address=25; upper_limit_v=3.017480; v7_v=2.986480; yalk_v=2.981787"
"yalk_channels";"ubsi.yalk.channel.25.2";"ЯЛК адрес 25 · 6.200000 В";6.01406;"В";5.99501;6.05701;"OK";"absolute_error_v=0.011945; analog_code=899.062500; channel=25; channel_count=80; channel_index=25; command_v=6.200000; lower_limit_v=5.995008; point_count=3; point_index=3; raw=1923.062500; reduced_error_percent=0.192654; scan_order=channel_major; section=YALK; ulk_address=25; upper_limit_v=6.057008; v7_v=6.026008; yalk_v=6.014063"
"yalk_channels";"ubsi.yalk.channel.26.0";"ЯЛК адрес 26 · 0.000000 В";-0.0922402;"В";-0.118332;-0.0563325;"OK";"absolute_error_v=0.004908; analog_code=112.937500; channel=26; channel_count=80; channel_index=26; command_v=0.000000; lower_limit_v=-0.118332; point_count=3; point_index=1; raw=112.937500; reduced_error_percent=0.079157; scan_order=channel_major; section=YALK; ulk_address=26; upper_limit_v=-0.056332; v7_v=-0.087332; yalk_v=-0.092240"
"yalk_channels";"ubsi.yalk.channel.26.1";"ЯЛК адрес 26 · 3.100000 В";2.94829;"В";2.92393;2.98593;"OK";"absolute_error_v=0.006642; analog_code=504.375000; channel=26; channel_count=80; channel_index=26; command_v=3.100000; lower_limit_v=2.923931; point_count=3; point_index=2; raw=1528.375000; reduced_error_percent=0.107126; scan_order=channel_major; section=YALK; ulk_address=26; upper_limit_v=2.985931; v7_v=2.954931; yalk_v=2.948289"
"yalk_channels";"ubsi.yalk.channel.26.2";"ЯЛК адрес 26 · 6.200000 В";5.99513;"В";5.97298;6.03498;"OK";"absolute_error_v=0.008850; analog_code=896.625000; channel=26; channel_count=80; channel_index=26; command_v=6.200000; lower_limit_v=5.972980; point_count=3; point_index=3; raw=1920.625000; reduced_error_percent=0.142741; scan_order=channel_major; section=YALK; ulk_address=26; upper_limit_v=6.034980; v7_v=6.003980; yalk_v=5.995130"
"yalk_channels";"ubsi.yalk.channel.27.0";"ЯЛК адрес 27 · 0.000000 В";-0.0422363;"В";-0.07514;-0.01314;"OK";"absolute_error_v=0.001904; analog_code=119.375000; channel=27; channel_count=80; channel_index=27; command_v=0.000000; lower_limit_v=-0.075140; point_count=3; point_index=1; raw=119.375000; reduced_error_percent=0.030704; scan_order=channel_major; section=YALK; ulk_address=27; upper_limit_v=-0.013140; v7_v=-0.044140; yalk_v=-0.042236"
"yalk_channels";"ubsi.yalk.channel.27.1";"ЯЛК адрес 27 · 3.100000 В";2.97208;"В";2.94958;3.01158;"OK";"absolute_error_v=0.008504; analog_code=507.437500; channel=27; channel_count=80; channel_index=27; command_v=3.100000; lower_limit_v=2.949581; point_count=3; point_index=2; raw=1531.437500; reduced_error_percent=0.137157; scan_order=channel_major; section=YALK; ulk_address=27; upper_limit_v=3.011581; v7_v=2.980581; yalk_v=2.972077"
"yalk_channels";"ubsi.yalk.channel.27.2";"ЯЛК адрес 27 · 6.200000 В";5.98202;"В";5.95744;6.01944;"OK";"absolute_error_v=0.006422; analog_code=894.937500; channel=27; channel_count=80; channel_index=27; command_v=6.200000; lower_limit_v=5.957444; point_count=3; point_index=3; raw=1918.937500; reduced_error_percent=0.103577; scan_order=channel_major; section=YALK; ulk_address=27; upper_limit_v=6.019444; v7_v=5.988444; yalk_v=5.982022"
"yalk_channels";"ubsi.yalk.channel.28.0";"ЯЛК адрес 28 · 0.000000 В";-0.010195;"В";-0.0391692;0.0228308;"OK";"absolute_error_v=0.002026; analog_code=123.500000; channel=28; channel_count=80; channel_index=28; command_v=0.000000; lower_limit_v=-0.039169; point_count=3; point_index=1; raw=123.500000; reduced_error_percent=0.032673; scan_order=channel_major; section=YALK; ulk_address=28; upper_limit_v=0.022831; v7_v=-0.008169; yalk_v=-0.010195"
"yalk_channels";"ubsi.yalk.channel.28.1";"ЯЛК адрес 28 · 3.100000 В";3.01286;"В";2.98791;3.04991;"OK";"absolute_error_v=0.006049; analog_code=512.687500; channel=28; channel_count=80; channel_index=28; command_v=3.100000; lower_limit_v=2.987907; point_count=3; point_index=2; raw=1536.687500; reduced_error_percent=0.097569; scan_order=channel_major; section=YALK; ulk_address=28; upper_limit_v=3.049907; v7_v=3.018907; yalk_v=3.012857"
"yalk_channels";"ubsi.yalk.channel.28.2";"ЯЛК адрес 28 · 6.200000 В";6.04659;"В";6.02652;6.08852;"OK";"absolute_error_v=0.010932; analog_code=903.250000; channel=28; channel_count=80; channel_index=28; command_v=6.200000; lower_limit_v=6.026522; point_count=3; point_index=3; raw=1927.250000; reduced_error_percent=0.176322; scan_order=channel_major; section=YALK; ulk_address=28; upper_limit_v=6.088522; v7_v=6.057522; yalk_v=6.046590"
"yalk_channels";"ubsi.yalk.channel.32.0";"ЯЛК адрес 32 · 0.000000 В";-0.0801034;"В";-0.111246;-0.0492462;"OK";"absolute_error_v=0.000143; analog_code=114.500000; channel=29; channel_count=80; channel_index=29; command_v=0.000000; lower_limit_v=-0.111246; point_count=3; point_index=1; raw=114.500000; reduced_error_percent=0.002305; scan_order=channel_major; section=YALK; ulk_address=32; upper_limit_v=-0.049246; v7_v=-0.080246; yalk_v=-0.080103"
"yalk_channels";"ubsi.yalk.channel.32.1";"ЯЛК адрес 32 · 3.100000 В";2.94198;"В";2.9191;2.9811;"OK";"absolute_error_v=0.008125; analog_code=503.562500; channel=29; channel_count=80; channel_index=29; command_v=3.100000; lower_limit_v=2.919103; point_count=3; point_index=2; raw=1527.562500; reduced_error_percent=0.131056; scan_order=channel_major; section=YALK; ulk_address=32; upper_limit_v=2.981103; v7_v=2.950103; yalk_v=2.941978"
"yalk_channels";"ubsi.yalk.channel.32.2";"ЯЛК адрес 32 · 6.200000 В";5.97668;"В";5.95756;6.01956;"OK";"absolute_error_v=0.011880; analog_code=894.250000; channel=29; channel_count=80; channel_index=29; command_v=6.200000; lower_limit_v=5.957561; point_count=3; point_index=3; raw=1918.250000; reduced_error_percent=0.191609; scan_order=channel_major; section=YALK; ulk_address=32; upper_limit_v=6.019561; v7_v=5.988561; yalk_v=5.976682"
"yalk_channels";"ubsi.yalk.channel.33.0";"ЯЛК адрес 33 · 0.000000 В";-0.0631117;"В";-0.0860007;-0.0240007;"OK";"absolute_error_v=0.008111; analog_code=116.687500; channel=30; channel_count=80; channel_index=30; command_v=0.000000; lower_limit_v=-0.086001; point_count=3; point_index=1; raw=116.687500; reduced_error_percent=0.130823; scan_order=channel_major; section=YALK; ulk_address=33; upper_limit_v=-0.024001; v7_v=-0.055001; yalk_v=-0.063112"
"yalk_channels";"ubsi.yalk.channel.33.1";"ЯЛК адрес 33 · 3.100000 В";3.00509;"В";2.97687;3.03887;"OK";"absolute_error_v=0.002784; analog_code=511.687500; channel=30; channel_count=80; channel_index=30; command_v=3.100000; lower_limit_v=2.976874; point_count=3; point_index=2; raw=1535.687500; reduced_error_percent=0.044902; scan_order=channel_major; section=YALK; ulk_address=33; upper_limit_v=3.038874; v7_v=3.007874; yalk_v=3.005090"
"yalk_channels";"ubsi.yalk.channel.33.2";"ЯЛК адрес 33 · 6.200000 В";6.0495;"В";6.03279;6.09479;"OK";"absolute_error_v=0.014286; analog_code=903.625000; channel=30; channel_count=80; channel_index=30; command_v=6.200000; lower_limit_v=6.032789; point_count=3; point_index=3; raw=1927.625000; reduced_error_percent=0.230420; scan_order=channel_major; section=YALK; ulk_address=33; upper_limit_v=6.094789; v7_v=6.063789; yalk_v=6.049503"
"yalk_channels";"ubsi.yalk.channel.34.0";"ЯЛК адрес 34 · 0.000000 В";-0.138846;"В";-0.166471;-0.104471;"OK";"absolute_error_v=0.003375; analog_code=106.937500; channel=31; channel_count=80; channel_index=31; command_v=0.000000; lower_limit_v=-0.166471; point_count=3; point_index=1; raw=106.937500; reduced_error_percent=0.054433; scan_order=channel_major; section=YALK; ulk_address=34; upper_limit_v=-0.104471; v7_v=-0.135471; yalk_v=-0.138846"
"yalk_channels";"ubsi.yalk.channel.34.1";"ЯЛК адрес 34 · 3.100000 В";2.88081;"В";2.86167;2.92367;"OK";"absolute_error_v=0.011866; analog_code=495.687500; channel=31; channel_count=80; channel_index=31; command_v=3.100000; lower_limit_v=2.861674; point_count=3; point_index=2; raw=1519.687500; reduced_error_percent=0.191385; scan_order=channel_major; section=YALK; ulk_address=34; upper_limit_v=2.923674; v7_v=2.892674; yalk_v=2.880808"
"yalk_channels";"ubsi.yalk.channel.34.2";"ЯЛК адрес 34 · 6.200000 В";5.91697;"В";5.89216;5.95416;"OK";"absolute_error_v=0.006195; analog_code=886.562500; channel=31; channel_count=80; channel_index=31; command_v=6.200000; lower_limit_v=5.892164; point_count=3; point_index=3; raw=1910.562500; reduced_error_percent=0.099926; scan_order=channel_major; section=YALK; ulk_address=34; upper_limit_v=5.954164; v7_v=5.923164; yalk_v=5.916968"
"yalk_channels";"ubsi.yalk.channel.35.0";"ЯЛК адрес 35 · 0.000000 В";-0.0669955;"В";-0.0906234;-0.0286234;"OK";"absolute_error_v=0.007372; analog_code=116.187500; channel=32; channel_count=80; channel_index=32; command_v=0.000000; lower_limit_v=-0.090623; point_count=3; point_index=1; raw=116.187500; reduced_error_percent=0.118905; scan_order=channel_major; section=YALK; ulk_address=35; upper_limit_v=-0.028623; v7_v=-0.059623; yalk_v=-0.066996"
"yalk_channels";"ubsi.yalk.channel.35.1";"ЯЛК адрес 35 · 3.100000 В";2.9478;"В";2.9239;2.9859;"OK";"absolute_error_v=0.007097; analog_code=504.312500; channel=32; channel_count=80; channel_index=32; command_v=3.100000; lower_limit_v=2.923900; point_count=3; point_index=2; raw=1528.312500; reduced_error_percent=0.114460; scan_order=channel_major; section=YALK; ulk_address=35; upper_limit_v=2.985900; v7_v=2.954900; yalk_v=2.947804"
"yalk_channels";"ubsi.yalk.channel.35.2";"ЯЛК адрес 35 · 6.200000 В";5.97037;"В";5.94859;6.01059;"OK";"absolute_error_v=0.009224; analog_code=893.437500; channel=32; channel_count=80; channel_index=32; command_v=6.200000; lower_limit_v=5.948594; point_count=3; point_index=3; raw=1917.437500; reduced_error_percent=0.148772; scan_order=channel_major; section=YALK; ulk_address=35; upper_limit_v=6.010594; v7_v=5.979594; yalk_v=5.970370"
"yalk_channels";"ubsi.yalk.channel.36.0";"ЯЛК адрес 36 · 0.000000 В";-0.145157;"В";-0.176083;-0.114083;"OK";"absolute_error_v=0.000074; analog_code=106.125000; channel=33; channel_count=80; channel_index=33; command_v=0.000000; lower_limit_v=-0.176083; point_count=3; point_index=1; raw=106.125000; reduced_error_percent=0.001187; scan_order=channel_major; section=YALK; ulk_address=36; upper_limit_v=-0.114083; v7_v=-0.145083; yalk_v=-0.145157"
"yalk_channels";"ubsi.yalk.channel.36.1";"ЯЛК адрес 36 · 3.100000 В";2.87304;"В";2.84842;2.91042;"OK";"absolute_error_v=0.006376; analog_code=494.687500; channel=33; channel_count=80; channel_index=33; command_v=3.100000; lower_limit_v=2.848417; point_count=3; point_index=2; raw=1518.687500; reduced_error_percent=0.102846; scan_order=channel_major; section=YALK; ulk_address=36; upper_limit_v=2.910417; v7_v=2.879417; yalk_v=2.873040"
"yalk_channels";"ubsi.yalk.channel.36.2";"ЯЛК адрес 36 · 6.200000 В";5.90435;"В";5.88492;5.94692;"OK";"absolute_error_v=0.011572; analog_code=884.937500; channel=33; channel_count=80; channel_index=33; command_v=6.200000; lower_limit_v=5.884918; point_count=3; point_index=3; raw=1908.937500; reduced_error_percent=0.186650; scan_order=channel_major; section=YALK; ulk_address=36; upper_limit_v=5.946918; v7_v=5.915918; yalk_v=5.904346"
"yalk_channels";"ubsi.yalk.channel.37.0";"ЯЛК адрес 37 · 0.000000 В";-0.0344687;"В";-0.0549947;0.00700533;"OK";"absolute_error_v=0.010474; analog_code=120.375000; channel=34; channel_count=80; channel_index=34; command_v=0.000000; lower_limit_v=-0.054995; point_count=3; point_index=1; raw=120.375000; reduced_error_percent=0.168936; scan_order=channel_major; section=YALK; ulk_address=37; upper_limit_v=0.007005; v7_v=-0.023995; yalk_v=-0.034469"
"yalk_channels";"ubsi.yalk.channel.37.1";"ЯЛК адрес 37 · 3.100000 В";3.00315;"В";2.98017;3.04217;"OK";"absolute_error_v=0.008027; analog_code=511.437500; channel=34; channel_count=80; channel_index=34; command_v=3.100000; lower_limit_v=2.980174; point_count=3; point_index=2; raw=1535.437500; reduced_error_percent=0.129462; scan_order=channel_major; section=YALK; ulk_address=37; upper_limit_v=3.042174; v7_v=3.011174; yalk_v=3.003148"
"yalk_channels";"ubsi.yalk.channel.37.2";"ЯЛК адрес 37 · 6.200000 В";6.03008;"В";6.01268;6.07468;"OK";"absolute_error_v=0.013599; analog_code=901.125000; channel=34; channel_count=80; channel_index=34; command_v=6.200000; lower_limit_v=6.012683; point_count=3; point_index=3; raw=1925.125000; reduced_error_percent=0.219345; scan_order=channel_major; section=YALK; ulk_address=37; upper_limit_v=6.074683; v7_v=6.043683; yalk_v=6.030084"
"yalk_channels";"ubsi.yalk.channel.38.0";"ЯЛК адрес 38 · 0.000000 В";-0.0631117;"В";-0.0905833;-0.0285833;"OK";"absolute_error_v=0.003528; analog_code=116.687500; channel=35; channel_count=80; channel_index=35; command_v=0.000000; lower_limit_v=-0.090583; point_count=3; point_index=1; raw=116.687500; reduced_error_percent=0.056910; scan_order=channel_major; section=YALK; ulk_address=38; upper_limit_v=-0.028583; v7_v=-0.059583; yalk_v=-0.063112"
"yalk_channels";"ubsi.yalk.channel.38.1";"ЯЛК адрес 38 · 3.100000 В";2.9813;"В";2.95503;3.01703;"OK";"absolute_error_v=0.004728; analog_code=508.625000; channel=35; channel_count=80; channel_index=35; command_v=3.100000; lower_limit_v=2.955029; point_count=3; point_index=2; raw=1532.625000; reduced_error_percent=0.076259; scan_order=channel_major; section=YALK; ulk_address=38; upper_limit_v=3.017029; v7_v=2.986029; yalk_v=2.981301"
"yalk_channels";"ubsi.yalk.channel.38.2";"ЯЛК адрес 38 · 6.200000 В";6.01795;"В";5.99726;6.05926;"OK";"absolute_error_v=0.010317; analog_code=899.562500; channel=35; channel_count=80; channel_index=35; command_v=6.200000; lower_limit_v=5.997264; point_count=3; point_index=3; raw=1923.562500; reduced_error_percent=0.166400; scan_order=channel_major; section=YALK; ulk_address=38; upper_limit_v=6.059264; v7_v=6.028264; yalk_v=6.017947"
"yalk_channels";"ubsi.yalk.channel.39.0";"ЯЛК адрес 39 · 0.000000 В";-0.0451492;"В";-0.0729521;-0.0109521;"OK";"absolute_error_v=0.003197; analog_code=119.000000; channel=36; channel_count=80; channel_index=36; command_v=0.000000; lower_limit_v=-0.072952; point_count=3; point_index=1; raw=119.000000; reduced_error_percent=0.051565; scan_order=channel_major; section=YALK; ulk_address=39; upper_limit_v=-0.010952; v7_v=-0.041952; yalk_v=-0.045149"
"yalk_channels";"ubsi.yalk.channel.39.1";"ЯЛК адрес 39 · 3.100000 В";2.98082;"В";2.96084;3.02284;"OK";"absolute_error_v=0.011020; analog_code=508.562500; channel=36; channel_count=80; channel_index=36; command_v=3.100000; lower_limit_v=2.960836; point_count=3; point_index=2; raw=1532.562500; reduced_error_percent=0.177741; scan_order=channel_major; section=YALK; ulk_address=39; upper_limit_v=3.022836; v7_v=2.991836; yalk_v=2.980816"
"yalk_channels";"ubsi.yalk.channel.39.2";"ЯЛК адрес 39 · 6.200000 В";6.00921;"В";5.98535;6.04735;"OK";"absolute_error_v=0.007145; analog_code=898.437500; channel=36; channel_count=80; channel_index=36; command_v=6.200000; lower_limit_v=5.985353; point_count=3; point_index=3; raw=1922.437500; reduced_error_percent=0.115241; scan_order=channel_major; section=YALK; ulk_address=39; upper_limit_v=6.047353; v7_v=6.016353; yalk_v=6.009208"
"yalk_channels";"ubsi.yalk.channel.40.0";"ЯЛК адрес 40 · 0.000000 В";-0.0398089;"В";-0.0665056;-0.00450558;"OK";"absolute_error_v=0.004303; analog_code=119.687500; channel=37; channel_count=80; channel_index=37; command_v=0.000000; lower_limit_v=-0.066506; point_count=3; point_index=1; raw=119.687500; reduced_error_percent=0.069409; scan_order=channel_major; section=YALK; ulk_address=40; upper_limit_v=-0.004506; v7_v=-0.035506; yalk_v=-0.039809"
"yalk_channels";"ubsi.yalk.channel.40.1";"ЯЛК адрес 40 · 3.100000 В";2.98421;"В";2.96404;3.02604;"OK";"absolute_error_v=0.010830; analog_code=509.000000; channel=37; channel_count=80; channel_index=37; command_v=3.100000; lower_limit_v=2.964044; point_count=3; point_index=2; raw=1533.000000; reduced_error_percent=0.174671; scan_order=channel_major; section=YALK; ulk_address=40; upper_limit_v=3.026044; v7_v=2.995044; yalk_v=2.984214"
"yalk_channels";"ubsi.yalk.channel.40.2";"ЯЛК адрес 40 · 6.200000 В";6.00241;"В";5.98514;6.04714;"OK";"absolute_error_v=0.013728; analog_code=897.562500; channel=37; channel_count=80; channel_index=37; command_v=6.200000; lower_limit_v=5.985140; point_count=3; point_index=3; raw=1921.562500; reduced_error_percent=0.221416; scan_order=channel_major; section=YALK; ulk_address=40; upper_limit_v=6.047140; v7_v=6.016140; yalk_v=6.002412"
"yalk_channels";"ubsi.yalk.channel.41.0";"ЯЛК адрес 41 · 0.000000 В";-0.114087;"В";-0.141699;-0.0796991;"OK";"absolute_error_v=0.003388; analog_code=110.125000; channel=38; channel_count=80; channel_index=38; command_v=0.000000; lower_limit_v=-0.141699; point_count=3; point_index=1; raw=110.125000; reduced_error_percent=0.054638; scan_order=channel_major; section=YALK; ulk_address=41; upper_limit_v=-0.079699; v7_v=-0.110699; yalk_v=-0.114087"
"yalk_channels";"ubsi.yalk.channel.41.1";"ЯЛК адрес 41 · 3.100000 В";2.92741;"В";2.90151;2.96351;"OK";"absolute_error_v=0.005100; analog_code=501.687500; channel=38; channel_count=80; channel_index=38; command_v=3.100000; lower_limit_v=2.901513; point_count=3; point_index=2; raw=1525.687500; reduced_error_percent=0.082252; scan_order=channel_major; section=YALK; ulk_address=41; upper_limit_v=2.963513; v7_v=2.932513; yalk_v=2.927414"
"yalk_channels";"ubsi.yalk.channel.41.2";"ЯЛК адрес 41 · 6.200000 В";5.96357;"В";5.94064;6.00264;"OK";"absolute_error_v=0.008069; analog_code=892.562500; channel=38; channel_count=80; channel_index=38; command_v=6.200000; lower_limit_v=5.940643; point_count=3; point_index=3; raw=1916.562500; reduced_error_percent=0.130148; scan_order=channel_major; section=YALK; ulk_address=41; upper_limit_v=6.002643; v7_v=5.971643; yalk_v=5.963574"
"yalk_channels";"ubsi.yalk.channel.42.0";"ЯЛК адрес 42 · 0.000000 В";-0.0975805;"В";-0.128315;-0.0663149;"OK";"absolute_error_v=0.000266; analog_code=112.250000; channel=39; channel_count=80; channel_index=39; command_v=0.000000; lower_limit_v=-0.128315; point_count=3; point_index=1; raw=112.250000; reduced_error_percent=0.004283; scan_order=channel_major; section=YALK; ulk_address=42; upper_limit_v=-0.066315; v7_v=-0.097315; yalk_v=-0.097580"
"yalk_channels";"ubsi.yalk.channel.42.1";"ЯЛК адрес 42 · 3.100000 В";2.92936;"В";2.90679;2.96879;"OK";"absolute_error_v=0.008433; analog_code=501.937500; channel=39; channel_count=80; channel_index=39; command_v=3.100000; lower_limit_v=2.906788; point_count=3; point_index=2; raw=1525.937500; reduced_error_percent=0.136015; scan_order=channel_major; section=YALK; ulk_address=42; upper_limit_v=2.968788; v7_v=2.937788; yalk_v=2.929356"
"yalk_channels";"ubsi.yalk.channel.42.2";"ЯЛК адрес 42 · 6.200000 В";5.95629;"В";5.93734;5.99934;"OK";"absolute_error_v=0.012051; analog_code=891.625000; channel=39; channel_count=80; channel_index=39; command_v=6.200000; lower_limit_v=5.937343; point_count=3; point_index=3; raw=1915.625000; reduced_error_percent=0.194378; scan_order=channel_major; section=YALK; ulk_address=42; upper_limit_v=5.999343; v7_v=5.968343; yalk_v=5.956292"
"yalk_channels";"ubsi.yalk.channel.43.0";"ЯЛК адрес 43 · 0.000000 В";-0.0747631;"В";-0.103481;-0.0414812;"OK";"absolute_error_v=0.002282; analog_code=115.187500; channel=40; channel_count=80; channel_index=40; command_v=0.000000; lower_limit_v=-0.103481; point_count=3; point_index=1; raw=115.187500; reduced_error_percent=0.036805; scan_order=channel_major; section=YALK; ulk_address=43; upper_limit_v=-0.041481; v7_v=-0.072481; yalk_v=-0.074763"
"yalk_channels";"ubsi.yalk.channel.43.1";"ЯЛК адрес 43 · 3.100000 В";2.94198;"В";2.92235;2.98435;"OK";"absolute_error_v=0.011371; analog_code=503.562500; channel=40; channel_count=80; channel_index=40; command_v=3.100000; lower_limit_v=2.922348; point_count=3; point_index=2; raw=1527.562500; reduced_error_percent=0.183396; scan_order=channel_major; section=YALK; ulk_address=43; upper_limit_v=2.984348; v7_v=2.953348; yalk_v=2.941978"
"yalk_channels";"ubsi.yalk.channel.43.2";"ЯЛК адрес 43 · 6.200000 В";5.97668;"В";5.95368;6.01568;"OK";"absolute_error_v=0.008003; analog_code=894.250000; channel=40; channel_count=80; channel_index=40; command_v=6.200000; lower_limit_v=5.953685; point_count=3; point_index=3; raw=1918.250000; reduced_error_percent=0.129085; scan_order=channel_major; section=YALK; ulk_address=43; upper_limit_v=6.015685; v7_v=5.984685; yalk_v=5.976682"
"yalk_channels";"ubsi.yalk.channel.45.0";"ЯЛК адрес 45 · 0.000000 В";-0.058257;"В";-0.0865517;-0.0245517;"OK";"absolute_error_v=0.002705; analog_code=117.312500; channel=41; channel_count=80; channel_index=41; command_v=0.000000; lower_limit_v=-0.086552; point_count=3; point_index=1; raw=117.312500; reduced_error_percent=0.043634; scan_order=channel_major; section=YALK; ulk_address=45; upper_limit_v=-0.024552; v7_v=-0.055552; yalk_v=-0.058257"
"yalk_channels";"ubsi.yalk.channel.45.1";"ЯЛК адрес 45 · 3.100000 В";2.98567;"В";2.95985;3.02185;"OK";"absolute_error_v=0.005178; analog_code=509.187500; channel=41; channel_count=80; channel_index=41; command_v=3.100000; lower_limit_v=2.959848; point_count=3; point_index=2; raw=1533.187500; reduced_error_percent=0.083511; scan_order=channel_major; section=YALK; ulk_address=45; upper_limit_v=3.021848; v7_v=2.990848; yalk_v=2.985671"
"yalk_channels";"ubsi.yalk.channel.45.2";"ЯЛК адрес 45 · 6.200000 В";6.04271;"В";6.02243;6.08443;"OK";"absolute_error_v=0.010728; analog_code=902.750000; channel=41; channel_count=80; channel_index=41; command_v=6.200000; lower_limit_v=6.022434; point_count=3; point_index=3; raw=1926.750000; reduced_error_percent=0.173034; scan_order=channel_major; section=YALK; ulk_address=45; upper_limit_v=6.084434; v7_v=6.053434; yalk_v=6.042706"
"yalk_channels";"ubsi.yalk.channel.46.0";"ЯЛК адрес 46 · 0.000000 В";-0.0417508;"В";-0.0697811;-0.00778109;"OK";"absolute_error_v=0.002970; analog_code=119.437500; channel=42; channel_count=80; channel_index=42; command_v=0.000000; lower_limit_v=-0.069781; point_count=3; point_index=1; raw=119.437500; reduced_error_percent=0.047899; scan_order=channel_major; section=YALK; ulk_address=46; upper_limit_v=-0.007781; v7_v=-0.038781; yalk_v=-0.041751"
"yalk_channels";"ubsi.yalk.channel.46.1";"ЯЛК адрес 46 · 3.100000 В";2.97693;"В";2.95107;3.01307;"OK";"absolute_error_v=0.005141; analog_code=508.062500; channel=42; channel_count=80; channel_index=42; command_v=3.100000; lower_limit_v=2.951073; point_count=3; point_index=2; raw=1532.062500; reduced_error_percent=0.082912; scan_order=channel_major; section=YALK; ulk_address=46; upper_limit_v=3.013073; v7_v=2.982073; yalk_v=2.976932"
"yalk_channels";"ubsi.yalk.channel.46.2";"ЯЛК адрес 46 · 6.200000 В";5.99367;"В";5.97042;6.03242;"OK";"absolute_error_v=0.007747; analog_code=896.437500; channel=42; channel_count=80; channel_index=42; command_v=6.200000; lower_limit_v=5.970420; point_count=3; point_index=3; raw=1920.437500; reduced_error_percent=0.124952; scan_order=channel_major; section=YALK; ulk_address=46; upper_limit_v=6.032420; v7_v=6.001420; yalk_v=5.993673"
"yalk_channels";"ubsi.yalk.channel.47.0";"ЯЛК адрес 47 · 0.000000 В";-0.171858;"В";-0.195508;-0.133508;"OK";"absolute_error_v=0.007351; analog_code=102.687500; channel=43; channel_count=80; channel_index=43; command_v=0.000000; lower_limit_v=-0.195508; point_count=3; point_index=1; raw=102.687500; reduced_error_percent=0.118557; scan_order=channel_major; section=YALK; ulk_address=47; upper_limit_v=-0.133508; v7_v=-0.164508; yalk_v=-0.171858"
"yalk_channels";"ubsi.yalk.channel.47.1";"ЯЛК адрес 47 · 3.100000 В";2.87935;"В";2.85371;2.91571;"OK";"absolute_error_v=0.005363; analog_code=495.500000; channel=43; channel_count=80; channel_index=43; command_v=3.100000; lower_limit_v=2.853715; point_count=3; point_index=2; raw=1519.500000; reduced_error_percent=0.086504; scan_order=channel_major; section=YALK; ulk_address=47; upper_limit_v=2.915715; v7_v=2.884715; yalk_v=2.879352"
"yalk_channels";"ubsi.yalk.channel.47.2";"ЯЛК адрес 47 · 6.200000 В";5.92328;"В";5.89953;5.96153;"OK";"absolute_error_v=0.007255; analog_code=887.375000; channel=43; channel_count=80; channel_index=43; command_v=6.200000; lower_limit_v=5.899534; point_count=3; point_index=3; raw=1911.375000; reduced_error_percent=0.117018; scan_order=channel_major; section=YALK; ulk_address=47; upper_limit_v=5.961534; v7_v=5.930534; yalk_v=5.923279"
"yalk_channels";"ubsi.yalk.channel.48.0";"ЯЛК адрес 48 · 0.000000 В";-0.0975805;"В";-0.126848;-0.0648482;"OK";"absolute_error_v=0.001732; analog_code=112.250000; channel=44; channel_count=80; channel_index=44; command_v=0.000000; lower_limit_v=-0.126848; point_count=3; point_index=1; raw=112.250000; reduced_error_percent=0.027940; scan_order=channel_major; section=YALK; ulk_address=48; upper_limit_v=-0.064848; v7_v=-0.095848; yalk_v=-0.097580"
"yalk_channels";"ubsi.yalk.channel.48.1";"ЯЛК адрес 48 · 3.100000 В";2.9313;"В";2.9093;2.9713;"OK";"absolute_error_v=0.009004; analog_code=502.187500; channel=44; channel_count=80; channel_index=44; command_v=3.100000; lower_limit_v=2.909301; point_count=3; point_index=2; raw=1526.187500; reduced_error_percent=0.145220; scan_order=channel_major; section=YALK; ulk_address=48; upper_limit_v=2.971301; v7_v=2.940301; yalk_v=2.931297"
"yalk_channels";"ubsi.yalk.channel.48.2";"ЯЛК адрес 48 · 6.200000 В";5.97523;"В";5.95401;6.01601;"OK";"absolute_error_v=0.009787; analog_code=894.062500; channel=44; channel_count=80; channel_index=44; command_v=6.200000; lower_limit_v=5.954012; point_count=3; point_index=3; raw=1918.062500; reduced_error_percent=0.157850; scan_order=channel_major; section=YALK; ulk_address=48; upper_limit_v=6.016012; v7_v=5.985012; yalk_v=5.975225"
"yalk_channels";"ubsi.yalk.channel.49.0";"ЯЛК адрес 49 · 0.000000 В";-0.0844726;"В";-0.112668;-0.050668;"OK";"absolute_error_v=0.002805; analog_code=113.937500; channel=45; channel_count=80; channel_index=45; command_v=0.000000; lower_limit_v=-0.112668; point_count=3; point_index=1; raw=113.937500; reduced_error_percent=0.045236; scan_order=channel_major; section=YALK; ulk_address=49; upper_limit_v=-0.050668; v7_v=-0.081668; yalk_v=-0.084473"
"yalk_channels";"ubsi.yalk.channel.49.1";"ЯЛК адрес 49 · 3.100000 В";2.93809;"В";2.91594;2.97794;"OK";"absolute_error_v=0.008848; analog_code=503.062500; channel=45; channel_count=80; channel_index=45; command_v=3.100000; lower_limit_v=2.915942; point_count=3; point_index=2; raw=1527.062500; reduced_error_percent=0.142709; scan_order=channel_major; section=YALK; ulk_address=49; upper_limit_v=2.977942; v7_v=2.946942; yalk_v=2.938094"
"yalk_channels";"ubsi.yalk.channel.49.2";"ЯЛК адрес 49 · 6.200000 В";5.95581;"В";5.93742;5.99942;"OK";"absolute_error_v=0.012609; analog_code=891.562500; channel=45; channel_count=80; channel_index=45; command_v=6.200000; lower_limit_v=5.937415; point_count=3; point_index=3; raw=1915.562500; reduced_error_percent=0.203375; scan_order=channel_major; section=YALK; ulk_address=49; upper_limit_v=5.999415; v7_v=5.968415; yalk_v=5.955806"
"yalk_channels";"ubsi.yalk.channel.50.0";"ЯЛК адрес 50 · 0.000000 В";-0.0228173;"В";-0.0629986;-0.000998608;"OK";"absolute_error_v=0.009181; analog_code=121.875000; channel=46; channel_count=80; channel_index=46; command_v=0.000000; lower_limit_v=-0.062999; point_count=3; point_index=1; raw=121.875000; reduced_error_percent=0.148085; scan_order=channel_major; section=YALK; ulk_address=50; upper_limit_v=-0.000999; v7_v=-0.031999; yalk_v=-0.022817"
"yalk_channels";"ubsi.yalk.channel.50.1";"ЯЛК адрес 50 · 3.100000 В";2.96916;"В";2.94256;3.00456;"OK";"absolute_error_v=0.004398; analog_code=507.062500; channel=46; channel_count=80; channel_index=46; command_v=3.100000; lower_limit_v=2.942562; point_count=3; point_index=2; raw=1531.062500; reduced_error_percent=0.070931; scan_order=channel_major; section=YALK; ulk_address=50; upper_limit_v=3.004562; v7_v=2.973562; yalk_v=2.969165"
"yalk_channels";"ubsi.yalk.channel.50.2";"ЯЛК адрес 50 · 6.200000 В";5.98348;"В";5.96255;6.02455;"OK";"absolute_error_v=0.010073; analog_code=895.125000; channel=46; channel_count=80; channel_index=46; command_v=6.200000; lower_limit_v=5.962551; point_count=3; point_index=3; raw=1919.125000; reduced_error_percent=0.162470; scan_order=channel_major; section=YALK; ulk_address=50; upper_limit_v=6.024551; v7_v=5.993551; yalk_v=5.983478"
"yalk_channels";"ubsi.yalk.channel.51.0";"ЯЛК адрес 51 · 0.000000 В";-0.0927257;"В";-0.118316;-0.056316;"OK";"absolute_error_v=0.005410; analog_code=112.875000; channel=47; channel_count=80; channel_index=47; command_v=0.000000; lower_limit_v=-0.118316; point_count=3; point_index=1; raw=112.875000; reduced_error_percent=0.087253; scan_order=channel_major; section=YALK; ulk_address=51; upper_limit_v=-0.056316; v7_v=-0.087316; yalk_v=-0.092726"
"yalk_channels";"ubsi.yalk.channel.51.1";"ЯЛК адрес 51 · 3.100000 В";2.95266;"В";2.93088;2.99288;"OK";"absolute_error_v=0.009226; analog_code=504.937500; channel=47; channel_count=80; channel_index=47; command_v=3.100000; lower_limit_v=2.930884; point_count=3; point_index=2; raw=1528.937500; reduced_error_percent=0.148803; scan_order=channel_major; section=YALK; ulk_address=51; upper_limit_v=2.992884; v7_v=2.961884; yalk_v=2.952658"
"yalk_channels";"ubsi.yalk.channel.51.2";"ЯЛК адрес 51 · 6.200000 В";5.99173;"В";5.96984;6.03184;"OK";"absolute_error_v=0.009110; analog_code=896.187500; channel=47; channel_count=80; channel_index=47; command_v=6.200000; lower_limit_v=5.969841; point_count=3; point_index=3; raw=1920.187500; reduced_error_percent=0.146931; scan_order=channel_major; section=YALK; ulk_address=51; upper_limit_v=6.031841; v7_v=6.000841; yalk_v=5.991731"
"yalk_channels";"ubsi.yalk.channel.52.0";"ЯЛК адрес 52 · 0.000000 В";-0.0699084;"В";-0.103288;-0.0412878;"OK";"absolute_error_v=0.002379; analog_code=115.812500; channel=48; channel_count=80; channel_index=48; command_v=0.000000; lower_limit_v=-0.103288; point_count=3; point_index=1; raw=115.812500; reduced_error_percent=0.038377; scan_order=channel_major; section=YALK; ulk_address=52; upper_limit_v=-0.041288; v7_v=-0.072288; yalk_v=-0.069908"
"yalk_channels";"ubsi.yalk.channel.52.1";"ЯЛК адрес 52 · 3.100000 В";2.93712;"В";2.92593;2.98793;"OK";"absolute_error_v=0.019810; analog_code=502.937500; channel=48; channel_count=80; channel_index=48; command_v=3.100000; lower_limit_v=2.925933; point_count=3; point_index=2; raw=1526.937500; reduced_error_percent=0.319515; scan_order=channel_major; section=YALK; ulk_address=52; upper_limit_v=2.987933; v7_v=2.956933; yalk_v=2.937123"
"yalk_channels";"ubsi.yalk.channel.52.2";"ЯЛК адрес 52 · 6.200000 В";5.98882;"В";5.96638;6.02838;"OK";"absolute_error_v=0.008561; analog_code=895.812500; channel=48; channel_count=80; channel_index=48; command_v=6.200000; lower_limit_v=5.966380; point_count=3; point_index=3; raw=1919.812500; reduced_error_percent=0.138087; scan_order=channel_major; section=YALK; ulk_address=52; upper_limit_v=6.028380; v7_v=5.997380; yalk_v=5.988818"
"yalk_channels";"ubsi.yalk.channel.53.0";"ЯЛК адрес 53 · 0.000000 В";-0.068452;"В";-0.0990391;-0.0370391;"OK";"absolute_error_v=0.000413; analog_code=116.000000; channel=49; channel_count=80; channel_index=49; command_v=0.000000; lower_limit_v=-0.099039; point_count=3; point_index=1; raw=116.000000; reduced_error_percent=0.006659; scan_order=channel_major; section=YALK; ulk_address=53; upper_limit_v=-0.037039; v7_v=-0.068039; yalk_v=-0.068452"
"yalk_channels";"ubsi.yalk.channel.53.1";"ЯЛК адрес 53 · 3.100000 В";2.97353;"В";2.94656;3.00856;"OK";"absolute_error_v=0.004026; analog_code=507.625000; channel=49; channel_count=80; channel_index=49; command_v=3.100000; lower_limit_v=2.946559; point_count=3; point_index=2; raw=1531.625000; reduced_error_percent=0.064929; scan_order=channel_major; section=YALK; ulk_address=53; upper_limit_v=3.008559; v7_v=2.977559; yalk_v=2.973534"
"yalk_channels";"ubsi.yalk.channel.53.2";"ЯЛК адрес 53 · 6.200000 В";5.99804;"В";5.97944;6.04144;"OK";"absolute_error_v=0.012400; analog_code=897.000000; channel=49; channel_count=80; channel_index=49; command_v=6.200000; lower_limit_v=5.979443; point_count=3; point_index=3; raw=1921.000000; reduced_error_percent=0.200007; scan_order=channel_major; section=YALK; ulk_address=53; upper_limit_v=6.041443; v7_v=6.010443; yalk_v=5.998042"
"yalk_channels";"ubsi.yalk.channel.54.0";"ЯЛК адрес 54 · 0.000000 В";-0.067481;"В";-0.0865174;-0.0245174;"OK";"absolute_error_v=0.011964; analog_code=116.125000; channel=50; channel_count=80; channel_index=50; command_v=0.000000; lower_limit_v=-0.086517; point_count=3; point_index=1; raw=116.125000; reduced_error_percent=0.192961; scan_order=channel_major; section=YALK; ulk_address=54; upper_limit_v=-0.024517; v7_v=-0.055517; yalk_v=-0.067481"
"yalk_channels";"ubsi.yalk.channel.54.1";"ЯЛК адрес 54 · 3.100000 В";2.94975;"В";2.91789;2.97989;"OK";"absolute_error_v=0.000855; analog_code=504.562500; channel=50; channel_count=80; channel_index=50; command_v=3.100000; lower_limit_v=2.917890; point_count=3; point_index=2; raw=1528.562500; reduced_error_percent=0.013795; scan_order=channel_major; section=YALK; ulk_address=54; upper_limit_v=2.979890; v7_v=2.948890; yalk_v=2.949746"
"yalk_channels";"ubsi.yalk.channel.54.2";"ЯЛК адрес 54 · 6.200000 В";5.94658;"В";5.92763;5.98963;"OK";"absolute_error_v=0.012051; analog_code=890.375000; channel=50; channel_count=80; channel_index=50; command_v=6.200000; lower_limit_v=5.927634; point_count=3; point_index=3; raw=1914.375000; reduced_error_percent=0.194379; scan_order=channel_major; section=YALK; ulk_address=54; upper_limit_v=5.989634; v7_v=5.958634; yalk_v=5.946582"
"yalk_channels";"ubsi.yalk.channel.55.0";"ЯЛК адрес 55 · 0.000000 В";0.0466056;"В";0.0184371;0.0804371;"OK";"absolute_error_v=0.002831; analog_code=130.812500; channel=51; channel_count=80; channel_index=51; command_v=0.000000; lower_limit_v=0.018437; point_count=3; point_index=1; raw=130.812500; reduced_error_percent=0.045669; scan_order=channel_major; section=YALK; ulk_address=55; upper_limit_v=0.080437; v7_v=0.049437; yalk_v=0.046606"
"yalk_channels";"ubsi.yalk.channel.55.1";"ЯЛК адрес 55 · 3.100000 В";3.08471;"В";3.05898;3.12098;"OK";"absolute_error_v=0.005270; analog_code=521.937500; channel=51; channel_count=80; channel_index=51; command_v=3.100000; lower_limit_v=3.058978; point_count=3; point_index=2; raw=1545.937500; reduced_error_percent=0.085006; scan_order=channel_major; section=YALK; ulk_address=55; upper_limit_v=3.120978; v7_v=3.089978; yalk_v=3.084708"
"yalk_channels";"ubsi.yalk.channel.55.2";"ЯЛК адрес 55 · 6.200000 В";6.10825;"В";6.09371;6.15571;"OK";"absolute_error_v=0.016463; analog_code=911.187500; channel=51; channel_count=80; channel_index=51; command_v=6.200000; lower_limit_v=6.093708; point_count=3; point_index=3; raw=1935.187500; reduced_error_percent=0.265536; scan_order=channel_major; section=YALK; ulk_address=55; upper_limit_v=6.155708; v7_v=6.124708; yalk_v=6.108245"
"yalk_channels";"ubsi.yalk.channel.56.0";"ЯЛК адрес 56 · 0.000000 В";-0.0737922;"В";-0.0860878;-0.0240878;"OK";"absolute_error_v=0.018704; analog_code=115.312500; channel=52; channel_count=80; channel_index=52; command_v=0.000000; lower_limit_v=-0.086088; point_count=3; point_index=1; raw=115.312500; reduced_error_percent=0.301684; scan_order=channel_major; section=YALK; ulk_address=56; upper_limit_v=-0.024088; v7_v=-0.055088; yalk_v=-0.073792"
"yalk_channels";"ubsi.yalk.channel.56.1";"ЯЛК адрес 56 · 3.100000 В";2.95897;"В";2.93351;2.99551;"OK";"absolute_error_v=0.005543; analog_code=505.750000; channel=52; channel_count=80; channel_index=52; command_v=3.100000; lower_limit_v=2.933513; point_count=3; point_index=2; raw=1529.750000; reduced_error_percent=0.089405; scan_order=channel_major; section=YALK; ulk_address=56; upper_limit_v=2.995513; v7_v=2.964513; yalk_v=2.958970"
"yalk_channels";"ubsi.yalk.channel.56.2";"ЯЛК адрес 56 · 6.200000 В";5.97862;"В";5.96107;6.02307;"OK";"absolute_error_v=0.013442; analog_code=894.500000; channel=52; channel_count=80; channel_index=52; command_v=6.200000; lower_limit_v=5.961066; point_count=3; point_index=3; raw=1918.500000; reduced_error_percent=0.216814; scan_order=channel_major; section=YALK; ulk_address=56; upper_limit_v=6.023066; v7_v=5.992066; yalk_v=5.978623"
"yalk_channels";"ubsi.yalk.channel.57.0";"ЯЛК адрес 57 · 0.000000 В";-0.0417508;"В";-0.0711503;-0.00915028;"OK";"absolute_error_v=0.001601; analog_code=119.437500; channel=53; channel_count=80; channel_index=53; command_v=0.000000; lower_limit_v=-0.071150; point_count=3; point_index=1; raw=119.437500; reduced_error_percent=0.025815; scan_order=channel_major; section=YALK; ulk_address=57; upper_limit_v=-0.009150; v7_v=-0.040150; yalk_v=-0.041751"
"yalk_channels";"ubsi.yalk.channel.57.1";"ЯЛК адрес 57 · 3.100000 В";2.98907;"В";2.96278;3.02478;"OK";"absolute_error_v=0.004715; analog_code=509.625000; channel=53; channel_count=80; channel_index=53; command_v=3.100000; lower_limit_v=2.962784; point_count=3; point_index=2; raw=1533.625000; reduced_error_percent=0.076049; scan_order=channel_major; section=YALK; ulk_address=57; upper_limit_v=3.024784; v7_v=2.993784; yalk_v=2.989069"
"yalk_channels";"ubsi.yalk.channel.57.2";"ЯЛК адрес 57 · 6.200000 В";6.01649;"В";5.99563;6.05763;"OK";"absolute_error_v=0.010139; analog_code=899.375000; channel=53; channel_count=80; channel_index=53; command_v=6.200000; lower_limit_v=5.995630; point_count=3; point_index=3; raw=1923.375000; reduced_error_percent=0.163537; scan_order=channel_major; section=YALK; ulk_address=57; upper_limit_v=6.057630; v7_v=6.026630; yalk_v=6.016490"
"yalk_channels";"ubsi.yalk.channel.58.0";"ЯЛК адрес 58 · 0.000000 В";-0.0864145;"В";-0.127853;-0.065853;"OK";"absolute_error_v=0.010438; analog_code=113.687500; channel=54; channel_count=80; channel_index=54; command_v=0.000000; lower_limit_v=-0.127853; point_count=3; point_index=1; raw=113.687500; reduced_error_percent=0.168362; scan_order=channel_major; section=YALK; ulk_address=58; upper_limit_v=-0.065853; v7_v=-0.096853; yalk_v=-0.086415"
"yalk_channels";"ubsi.yalk.channel.58.1";"ЯЛК адрес 58 · 3.100000 В";2.9347;"В";2.91626;2.97826;"OK";"absolute_error_v=0.012564; analog_code=502.625000; channel=54; channel_count=80; channel_index=54; command_v=3.100000; lower_limit_v=2.916260; point_count=3; point_index=2; raw=1526.625000; reduced_error_percent=0.202646; scan_order=channel_major; section=YALK; ulk_address=58; upper_limit_v=2.978260; v7_v=2.947260; yalk_v=2.934696"
"yalk_channels";"ubsi.yalk.channel.58.2";"ЯЛК адрес 58 · 6.200000 В";5.97959;"В";5.96189;6.02389;"OK";"absolute_error_v=0.013300; analog_code=894.625000; channel=54; channel_count=80; channel_index=54; command_v=6.200000; lower_limit_v=5.961894; point_count=3; point_index=3; raw=1918.625000; reduced_error_percent=0.214511; scan_order=channel_major; section=YALK; ulk_address=58; upper_limit_v=6.023894; v7_v=5.992894; yalk_v=5.979594"
"yalk_channels";"ubsi.yalk.channel.59.0";"ЯЛК адрес 59 · 0.000000 В";-0.0534022;"В";-0.0787399;-0.0167399;"OK";"absolute_error_v=0.005662; analog_code=117.937500; channel=55; channel_count=80; channel_index=55; command_v=0.000000; lower_limit_v=-0.078740; point_count=3; point_index=1; raw=117.937500; reduced_error_percent=0.091328; scan_order=channel_major; section=YALK; ulk_address=59; upper_limit_v=-0.016740; v7_v=-0.047740; yalk_v=-0.053402"
"yalk_channels";"ubsi.yalk.channel.59.1";"ЯЛК адрес 59 · 3.100000 В";2.97353;"В";2.94761;3.00961;"OK";"absolute_error_v=0.005071; analog_code=507.625000; channel=55; channel_count=80; channel_index=55; command_v=3.100000; lower_limit_v=2.947605; point_count=3; point_index=2; raw=1531.625000; reduced_error_percent=0.081796; scan_order=channel_major; section=YALK; ulk_address=59; upper_limit_v=3.009605; v7_v=2.978605; yalk_v=2.973534"
"yalk_channels";"ubsi.yalk.channel.59.2";"ЯЛК адрес 59 · 6.200000 В";5.99804;"В";5.97983;6.04183;"OK";"absolute_error_v=0.012786; analog_code=897.000000; channel=55; channel_count=80; channel_index=55; command_v=6.200000; lower_limit_v=5.979829; point_count=3; point_index=3; raw=1921.000000; reduced_error_percent=0.206232; scan_order=channel_major; section=YALK; ulk_address=59; upper_limit_v=6.041829; v7_v=6.010829; yalk_v=5.998042"
"yalk_channels";"ubsi.yalk.channel.60.0";"ЯЛК адрес 60 · 0.000000 В";-0.0436927;"В";-0.0713477;-0.00934771;"OK";"absolute_error_v=0.003345; analog_code=119.187500; channel=56; channel_count=80; channel_index=56; command_v=0.000000; lower_limit_v=-0.071348; point_count=3; point_index=1; raw=119.187500; reduced_error_percent=0.053952; scan_order=channel_major; section=YALK; ulk_address=60; upper_limit_v=-0.009348; v7_v=-0.040348; yalk_v=-0.043693"
"yalk_channels";"ubsi.yalk.channel.60.1";"ЯЛК адрес 60 · 3.100000 В";2.97208;"В";2.94676;3.00876;"OK";"absolute_error_v=0.005679; analog_code=507.437500; channel=56; channel_count=80; channel_index=56; command_v=3.100000; lower_limit_v=2.946757; point_count=3; point_index=2; raw=1531.437500; reduced_error_percent=0.091604; scan_order=channel_major; section=YALK; ulk_address=60; upper_limit_v=3.008757; v7_v=2.977757; yalk_v=2.972077"
"yalk_channels";"ubsi.yalk.channel.60.2";"ЯЛК адрес 60 · 6.200000 В";5.98396;"В";5.97031;6.03231;"OK";"absolute_error_v=0.017348; analog_code=895.187500; channel=56; channel_count=80; channel_index=56; command_v=6.200000; lower_limit_v=5.970311; point_count=3; point_index=3; raw=1919.187500; reduced_error_percent=0.279801; scan_order=channel_major; section=YALK; ulk_address=60; upper_limit_v=6.032311; v7_v=6.001311; yalk_v=5.983964"
"yalk_channels";"ubsi.yalk.channel.61.0";"ЯЛК адрес 61 · 0.000000 В";-0.0140788;"В";-0.0532499;0.00875008;"OK";"absolute_error_v=0.008171; analog_code=123.000000; channel=57; channel_count=80; channel_index=57; command_v=0.000000; lower_limit_v=-0.053250; point_count=3; point_index=1; raw=123.000000; reduced_error_percent=0.131793; scan_order=channel_major; section=YALK; ulk_address=61; upper_limit_v=0.008750; v7_v=-0.022250; yalk_v=-0.014079"
"yalk_channels";"ubsi.yalk.channel.61.1";"ЯЛК адрес 61 · 3.100000 В";2.9847;"В";2.96908;3.03108;"OK";"absolute_error_v=0.015381; analog_code=509.062500; channel=57; channel_count=80; channel_index=57; command_v=3.100000; lower_limit_v=2.969081; point_count=3; point_index=2; raw=1533.062500; reduced_error_percent=0.248085; scan_order=channel_major; section=YALK; ulk_address=61; upper_limit_v=3.031081; v7_v=3.000081; yalk_v=2.984700"
"yalk_channels";"ubsi.yalk.channel.61.2";"ЯЛК адрес 61 · 6.200000 В";6.02135;"В";6.00631;6.06831;"OK";"absolute_error_v=0.015961; analog_code=900.000000; channel=57; channel_count=80; channel_index=57; command_v=6.200000; lower_limit_v=6.006306; point_count=3; point_index=3; raw=1924.000000; reduced_error_percent=0.257436; scan_order=channel_major; section=YALK; ulk_address=61; upper_limit_v=6.068306; v7_v=6.037306; yalk_v=6.021345"
"yalk_channels";"ubsi.yalk.channel.62.0";"ЯЛК адрес 62 · 0.000000 В";-0.0635972;"В";-0.0921719;-0.0301719;"OK";"absolute_error_v=0.002425; analog_code=116.625000; channel=58; channel_count=80; channel_index=58; command_v=0.000000; lower_limit_v=-0.092172; point_count=3; point_index=1; raw=116.625000; reduced_error_percent=0.039118; scan_order=channel_major; section=YALK; ulk_address=62; upper_limit_v=-0.030172; v7_v=-0.061172; yalk_v=-0.063597"
"yalk_channels";"ubsi.yalk.channel.62.1";"ЯЛК адрес 62 · 3.100000 В";2.9745;"В";2.94974;3.01174;"OK";"absolute_error_v=0.006237; analog_code=507.750000; channel=58; channel_count=80; channel_index=58; command_v=3.100000; lower_limit_v=2.949742; point_count=3; point_index=2; raw=1531.750000; reduced_error_percent=0.100602; scan_order=channel_major; section=YALK; ulk_address=62; upper_limit_v=3.011742; v7_v=2.980742; yalk_v=2.974505"
"yalk_channels";"ubsi.yalk.channel.62.2";"ЯЛК адрес 62 · 6.200000 В";6.02037;"В";5.99793;6.05993;"OK";"absolute_error_v=0.008554; analog_code=899.875000; channel=58; channel_count=80; channel_index=58; command_v=6.200000; lower_limit_v=5.997928; point_count=3; point_index=3; raw=1923.875000; reduced_error_percent=0.137963; scan_order=channel_major; section=YALK; ulk_address=62; upper_limit_v=6.059928; v7_v=6.028928; yalk_v=6.020374"
"yalk_channels";"ubsi.yalk.channel.63.0";"ЯЛК адрес 63 · 0.000000 В";0.0334978;"В";0.0110925;0.0730925;"OK";"absolute_error_v=0.008595; analog_code=129.125000; channel=59; channel_count=80; channel_index=59; command_v=0.000000; lower_limit_v=0.011092; point_count=3; point_index=1; raw=129.125000; reduced_error_percent=0.138624; scan_order=channel_major; section=YALK; ulk_address=63; upper_limit_v=0.073092; v7_v=0.042092; yalk_v=0.033498"
"yalk_channels";"ubsi.yalk.channel.63.1";"ЯЛК адрес 63 · 3.100000 В";3.05898;"В";3.03763;3.09963;"OK";"absolute_error_v=0.009651; analog_code=518.625000; channel=59; channel_count=80; channel_index=59; command_v=3.100000; lower_limit_v=3.037628; point_count=3; point_index=2; raw=1542.625000; reduced_error_percent=0.155663; scan_order=channel_major; section=YALK; ulk_address=63; upper_limit_v=3.099628; v7_v=3.068628; yalk_v=3.058977"
"yalk_channels";"ubsi.yalk.channel.63.2";"ЯЛК адрес 63 · 6.200000 В";6.08591;"В";6.06749;6.12949;"OK";"absolute_error_v=0.012574; analog_code=908.312500; channel=59; channel_count=80; channel_index=59; command_v=6.200000; lower_limit_v=6.067487; point_count=3; point_index=3; raw=1932.312500; reduced_error_percent=0.202801; scan_order=channel_major; section=YALK; ulk_address=63; upper_limit_v=6.129487; v7_v=6.098487; yalk_v=6.085913"
"yalk_channels";"ubsi.yalk.channel.64.0";"ЯЛК адрес 64 · 0.000000 В";-0.110688;"В";-0.140957;-0.0789571;"OK";"absolute_error_v=0.000731; analog_code=110.562500; channel=60; channel_count=80; channel_index=60; command_v=0.000000; lower_limit_v=-0.140957; point_count=3; point_index=1; raw=110.562500; reduced_error_percent=0.011793; scan_order=channel_major; section=YALK; ulk_address=64; upper_limit_v=-0.078957; v7_v=-0.109957; yalk_v=-0.110688"
"yalk_channels";"ubsi.yalk.channel.64.1";"ЯЛК адрес 64 · 3.100000 В";2.90168;"В";2.88264;2.94464;"OK";"absolute_error_v=0.011957; analog_code=498.375000; channel=60; channel_count=80; channel_index=60; command_v=3.100000; lower_limit_v=2.882640; point_count=3; point_index=2; raw=1522.375000; reduced_error_percent=0.192852; scan_order=channel_major; section=YALK; ulk_address=64; upper_limit_v=2.944640; v7_v=2.913640; yalk_v=2.901684"
"yalk_channels";"ubsi.yalk.channel.64.2";"ЯЛК адрес 64 · 6.200000 В";5.9393;"В";5.91995;5.98195;"OK";"absolute_error_v=0.011651; analog_code=889.437500; channel=60; channel_count=80; channel_index=60; command_v=6.200000; lower_limit_v=5.919951; point_count=3; point_index=3; raw=1913.437500; reduced_error_percent=0.187920; scan_order=channel_major; section=YALK; ulk_address=64; upper_limit_v=5.981951; v7_v=5.950951; yalk_v=5.939300"
"yalk_channels";"ubsi.yalk.channel.65.0";"ЯЛК адрес 65 · 0.000000 В";-0.0752486;"В";-0.106248;-0.0442476;"OK";"absolute_error_v=0.000001; analog_code=115.125000; channel=61; channel_count=80; channel_index=61; command_v=0.000000; lower_limit_v=-0.106248; point_count=3; point_index=1; raw=115.125000; reduced_error_percent=0.000016; scan_order=channel_major; section=YALK; ulk_address=65; upper_limit_v=-0.044248; v7_v=-0.075248; yalk_v=-0.075249"
"yalk_channels";"ubsi.yalk.channel.65.1";"ЯЛК адрес 65 · 3.100000 В";2.97305;"В";2.94779;3.00979;"OK";"absolute_error_v=0.005745; analog_code=507.562500; channel=61; channel_count=80; channel_index=61; command_v=3.100000; lower_limit_v=2.947794; point_count=3; point_index=2; raw=1531.562500; reduced_error_percent=0.092666; scan_order=channel_major; section=YALK; ulk_address=65; upper_limit_v=3.009794; v7_v=2.978794; yalk_v=2.973048"
"yalk_channels";"ubsi.yalk.channel.65.2";"ЯЛК адрес 65 · 6.200000 В";6.02766;"В";6.00954;6.07154;"OK";"absolute_error_v=0.012885; analog_code=900.812500; channel=61; channel_count=80; channel_index=61; command_v=6.200000; lower_limit_v=6.009541; point_count=3; point_index=3; raw=1924.812500; reduced_error_percent=0.207823; scan_order=channel_major; section=YALK; ulk_address=65; upper_limit_v=6.071541; v7_v=6.040541; yalk_v=6.027656"
"yalk_channels";"ubsi.yalk.channel.66.0";"ЯЛК адрес 66 · 0.000000 В";-0.0635972;"В";-0.0938215;-0.0318215;"OK";"absolute_error_v=0.000776; analog_code=116.625000; channel=62; channel_count=80; channel_index=62; command_v=0.000000; lower_limit_v=-0.093821; point_count=3; point_index=1; raw=116.625000; reduced_error_percent=0.012512; scan_order=channel_major; section=YALK; ulk_address=66; upper_limit_v=-0.031821; v7_v=-0.062821; yalk_v=-0.063597"
"yalk_channels";"ubsi.yalk.channel.66.1";"ЯЛК адрес 66 · 3.100000 В";2.96674;"В";2.93801;3.00001;"OK";"absolute_error_v=0.002276; analog_code=506.750000; channel=62; channel_count=80; channel_index=62; command_v=3.100000; lower_limit_v=2.938013; point_count=3; point_index=2; raw=1530.750000; reduced_error_percent=0.036704; scan_order=channel_major; section=YALK; ulk_address=66; upper_limit_v=3.000013; v7_v=2.969013; yalk_v=2.966737"
"yalk_channels";"ubsi.yalk.channel.66.2";"ЯЛК адрес 66 · 6.200000 В";5.9927;"В";5.97381;6.03581;"OK";"absolute_error_v=0.012108; analog_code=896.312500; channel=62; channel_count=80; channel_index=62; command_v=6.200000; lower_limit_v=5.973810; point_count=3; point_index=3; raw=1920.312500; reduced_error_percent=0.195291; scan_order=channel_major; section=YALK; ulk_address=66; upper_limit_v=6.035810; v7_v=6.004810; yalk_v=5.992702"
"yalk_channels";"ubsi.yalk.channel.67.0";"ЯЛК адрес 67 · 0.000000 В";-0.0160207;"В";-0.0512209;0.0107791;"OK";"absolute_error_v=0.004200; analog_code=122.750000; channel=63; channel_count=80; channel_index=63; command_v=0.000000; lower_limit_v=-0.051221; point_count=3; point_index=1; raw=122.750000; reduced_error_percent=0.067745; scan_order=channel_major; section=YALK; ulk_address=67; upper_limit_v=0.010779; v7_v=-0.020221; yalk_v=-0.016021"
"yalk_channels";"ubsi.yalk.channel.67.1";"ЯЛК адрес 67 · 3.100000 В";3.00363;"В";2.9782;3.0402;"OK";"absolute_error_v=0.005569; analog_code=511.500000; channel=63; channel_count=80; channel_index=63; command_v=3.100000; lower_limit_v=2.978203; point_count=3; point_index=2; raw=1535.500000; reduced_error_percent=0.089828; scan_order=channel_major; section=YALK; ulk_address=67; upper_limit_v=3.040203; v7_v=3.009203; yalk_v=3.003633"
"yalk_channels";"ubsi.yalk.channel.67.2";"ЯЛК адрес 67 · 6.200000 В";6.02377;"В";6.0035;6.0655;"OK";"absolute_error_v=0.010727; analog_code=900.312500; channel=63; channel_count=80; channel_index=63; command_v=6.200000; lower_limit_v=6.003499; point_count=3; point_index=3; raw=1924.312500; reduced_error_percent=0.173010; scan_order=channel_major; section=YALK; ulk_address=67; upper_limit_v=6.065499; v7_v=6.034499; yalk_v=6.023773"
"yalk_channels";"ubsi.yalk.channel.68.0";"ЯЛК адрес 68 · 0.000000 В";-0.0771905;"В";-0.111734;-0.0497341;"OK";"absolute_error_v=0.003544; analog_code=114.875000; channel=64; channel_count=80; channel_index=64; command_v=0.000000; lower_limit_v=-0.111734; point_count=3; point_index=1; raw=114.875000; reduced_error_percent=0.057155; scan_order=channel_major; section=YALK; ulk_address=68; upper_limit_v=-0.049734; v7_v=-0.080734; yalk_v=-0.077191"
"yalk_channels";"ubsi.yalk.channel.68.1";"ЯЛК адрес 68 · 3.100000 В";2.92984;"В";2.90992;2.97192;"OK";"absolute_error_v=0.011077; analog_code=502.000000; channel=64; channel_count=80; channel_index=64; command_v=3.100000; lower_limit_v=2.909918; point_count=3; point_index=2; raw=1526.000000; reduced_error_percent=0.178667; scan_order=channel_major; section=YALK; ulk_address=68; upper_limit_v=2.971918; v7_v=2.940918; yalk_v=2.929841"
"yalk_channels";"ubsi.yalk.channel.68.2";"ЯЛК адрес 68 · 6.200000 В";5.95872;"В";5.9398;6.0018;"OK";"absolute_error_v=0.012080; analog_code=891.937500; channel=64; channel_count=80; channel_index=64; command_v=6.200000; lower_limit_v=5.939799; point_count=3; point_index=3; raw=1915.937500; reduced_error_percent=0.194835; scan_order=channel_major; section=YALK; ulk_address=68; upper_limit_v=6.001799; v7_v=5.970799; yalk_v=5.958719"
"yalk_channels";"ubsi.yalk.channel.69.0";"ЯЛК адрес 69 · 0.000000 В";-0.0718503;"В";-0.102006;-0.0400061;"OK";"absolute_error_v=0.000844; analog_code=115.562500; channel=65; channel_count=80; channel_index=65; command_v=0.000000; lower_limit_v=-0.102006; point_count=3; point_index=1; raw=115.562500; reduced_error_percent=0.013615; scan_order=channel_major; section=YALK; ulk_address=69; upper_limit_v=-0.040006; v7_v=-0.071006; yalk_v=-0.071850"
"yalk_channels";"ubsi.yalk.channel.69.1";"ЯЛК адрес 69 · 3.100000 В";2.9512;"В";2.92688;2.98888;"OK";"absolute_error_v=0.006678; analog_code=504.750000; channel=65; channel_count=80; channel_index=65; command_v=3.100000; lower_limit_v=2.926880; point_count=3; point_index=2; raw=1528.750000; reduced_error_percent=0.107711; scan_order=channel_major; section=YALK; ulk_address=69; upper_limit_v=2.988880; v7_v=2.957880; yalk_v=2.951202"
"yalk_channels";"ubsi.yalk.channel.69.2";"ЯЛК адрес 69 · 6.200000 В";5.99464;"В";5.97113;6.03313;"OK";"absolute_error_v=0.007490; analog_code=896.562500; channel=65; channel_count=80; channel_index=65; command_v=6.200000; lower_limit_v=5.971134; point_count=3; point_index=3; raw=1920.562500; reduced_error_percent=0.120811; scan_order=channel_major; section=YALK; ulk_address=69; upper_limit_v=6.033134; v7_v=6.002134; yalk_v=5.994644"
"yalk_channels";"ubsi.yalk.channel.70.0";"ЯЛК адрес 70 · 0.000000 В";-0.00631117;"В";-0.0428759;0.0191241;"OK";"absolute_error_v=0.005565; analog_code=124.000000; channel=66; channel_count=80; channel_index=66; command_v=0.000000; lower_limit_v=-0.042876; point_count=3; point_index=1; raw=124.000000; reduced_error_percent=0.089753; scan_order=channel_major; section=YALK; ulk_address=70; upper_limit_v=0.019124; v7_v=-0.011876; yalk_v=-0.006311"
"yalk_channels";"ubsi.yalk.channel.70.1";"ЯЛК адрес 70 · 3.100000 В";3.01917;"В";2.99635;3.05835;"OK";"absolute_error_v=0.008185; analog_code=513.500000; channel=66; channel_count=80; channel_index=66; command_v=3.100000; lower_limit_v=2.996354; point_count=3; point_index=2; raw=1537.500000; reduced_error_percent=0.132019; scan_order=channel_major; section=YALK; ulk_address=70; upper_limit_v=3.058354; v7_v=3.027354; yalk_v=3.019168"
"yalk_channels";"ubsi.yalk.channel.70.2";"ЯЛК адрес 70 · 6.200000 В";6.04222;"В";6.03097;6.09297;"OK";"absolute_error_v=0.019747; analog_code=902.687500; channel=66; channel_count=80; channel_index=66; command_v=6.200000; lower_limit_v=6.030967; point_count=3; point_index=3; raw=1926.687500; reduced_error_percent=0.318495; scan_order=channel_major; section=YALK; ulk_address=70; upper_limit_v=6.092967; v7_v=6.061967; yalk_v=6.042221"
"yalk_channels";"ubsi.yalk.channel.74.0";"ЯЛК адрес 74 · 0.000000 В";-0.101464;"В";-0.126023;-0.0640233;"OK";"absolute_error_v=0.006441; analog_code=111.750000; channel=67; channel_count=80; channel_index=67; command_v=0.000000; lower_limit_v=-0.126023; point_count=3; point_index=1; raw=111.750000; reduced_error_percent=0.103887; scan_order=channel_major; section=YALK; ulk_address=74; upper_limit_v=-0.064023; v7_v=-0.095023; yalk_v=-0.101464"
"yalk_channels";"ubsi.yalk.channel.74.1";"ЯЛК адрес 74 · 3.100000 В";2.9211;"В";2.90576;2.96776;"OK";"absolute_error_v=0.015658; analog_code=500.875000; channel=67; channel_count=80; channel_index=67; command_v=3.100000; lower_limit_v=2.905761; point_count=3; point_index=2; raw=1524.875000; reduced_error_percent=0.252551; scan_order=channel_major; section=YALK; ulk_address=74; upper_limit_v=2.967761; v7_v=2.936761; yalk_v=2.921102"
"yalk_channels";"ubsi.yalk.channel.74.2";"ЯЛК адрес 74 · 6.200000 В";5.97086;"В";5.95081;6.01281;"OK";"absolute_error_v=0.010957; analog_code=893.500000; channel=67; channel_count=80; channel_index=67; command_v=6.200000; lower_limit_v=5.950812; point_count=3; point_index=3; raw=1917.500000; reduced_error_percent=0.176720; scan_order=channel_major; section=YALK; ulk_address=74; upper_limit_v=6.012812; v7_v=5.981812; yalk_v=5.970856"
"yalk_channels";"ubsi.yalk.channel.75.0";"ЯЛК адрес 75 · 0.000000 В";-0.0121369;"В";-0.0476388;0.0143612;"OK";"absolute_error_v=0.004502; analog_code=123.250000; channel=68; channel_count=80; channel_index=68; command_v=0.000000; lower_limit_v=-0.047639; point_count=3; point_index=1; raw=123.250000; reduced_error_percent=0.072611; scan_order=channel_major; section=YALK; ulk_address=75; upper_limit_v=0.014361; v7_v=-0.016639; yalk_v=-0.012137"
"yalk_channels";"ubsi.yalk.channel.75.1";"ЯЛК адрес 75 · 3.100000 В";3.0415;"В";3.01601;3.07801;"OK";"absolute_error_v=0.005511; analog_code=516.375000; channel=68; channel_count=80; channel_index=68; command_v=3.100000; lower_limit_v=3.016012; point_count=3; point_index=2; raw=1540.375000; reduced_error_percent=0.088891; scan_order=channel_major; section=YALK; ulk_address=75; upper_limit_v=3.078012; v7_v=3.047012; yalk_v=3.041500"
"yalk_channels";"ubsi.yalk.channel.75.2";"ЯЛК адрес 75 · 6.200000 В";6.07717;"В";6.0588;6.1208;"OK";"absolute_error_v=0.012626; analog_code=907.187500; channel=68; channel_count=80; channel_index=68; command_v=6.200000; lower_limit_v=6.058801; point_count=3; point_index=3; raw=1931.187500; reduced_error_percent=0.203647; scan_order=channel_major; section=YALK; ulk_address=75; upper_limit_v=6.120801; v7_v=6.089801; yalk_v=6.077175"
"yalk_channels";"ubsi.yalk.channel.76.0";"ЯЛК адрес 76 · 0.000000 В";-0.077676;"В";-0.102989;-0.040989;"OK";"absolute_error_v=0.005687; analog_code=114.812500; channel=69; channel_count=80; channel_index=69; command_v=0.000000; lower_limit_v=-0.102989; point_count=3; point_index=1; raw=114.812500; reduced_error_percent=0.091726; scan_order=channel_major; section=YALK; ulk_address=76; upper_limit_v=-0.040989; v7_v=-0.071989; yalk_v=-0.077676"
"yalk_channels";"ubsi.yalk.channel.76.1";"ЯЛК адрес 76 · 3.100000 В";2.97159;"В";2.94876;3.01076;"OK";"absolute_error_v=0.008169; analog_code=507.375000; channel=69; channel_count=80; channel_index=69; command_v=3.100000; lower_limit_v=2.948761; point_count=3; point_index=2; raw=1531.375000; reduced_error_percent=0.131764; scan_order=channel_major; section=YALK; ulk_address=76; upper_limit_v=3.010761; v7_v=2.979761; yalk_v=2.971592"
"yalk_channels";"ubsi.yalk.channel.76.2";"ЯЛК адрес 76 · 6.200000 В";6.01358;"В";5.99738;6.05938;"OK";"absolute_error_v=0.014797; analog_code=899.000000; channel=69; channel_count=80; channel_index=69; command_v=6.200000; lower_limit_v=5.997375; point_count=3; point_index=3; raw=1923.000000; reduced_error_percent=0.238668; scan_order=channel_major; section=YALK; ulk_address=76; upper_limit_v=6.059375; v7_v=6.028375; yalk_v=6.013578"
"yalk_channels";"ubsi.yalk.channel.77.0";"ЯЛК адрес 77 · 0.000000 В";-0.0543732;"В";-0.0833664;-0.0213664;"OK";"absolute_error_v=0.002007; analog_code=117.812500; channel=70; channel_count=80; channel_index=70; command_v=0.000000; lower_limit_v=-0.083366; point_count=3; point_index=1; raw=117.812500; reduced_error_percent=0.032367; scan_order=channel_major; section=YALK; ulk_address=77; upper_limit_v=-0.021366; v7_v=-0.052366; yalk_v=-0.054373"
"yalk_channels";"ubsi.yalk.channel.77.1";"ЯЛК адрес 77 · 3.100000 В";2.95946;"В";2.94326;3.00526;"OK";"absolute_error_v=0.014806; analog_code=505.812500; channel=70; channel_count=80; channel_index=70; command_v=3.100000; lower_limit_v=2.943261; point_count=3; point_index=2; raw=1529.812500; reduced_error_percent=0.238808; scan_order=channel_major; section=YALK; ulk_address=77; upper_limit_v=3.005261; v7_v=2.974261; yalk_v=2.959455"
"yalk_channels";"ubsi.yalk.channel.77.2";"ЯЛК адрес 77 · 6.200000 В";5.99464;"В";5.97415;6.03615;"OK";"absolute_error_v=0.010509; analog_code=896.562500; channel=70; channel_count=80; channel_index=70; command_v=6.200000; lower_limit_v=5.974153; point_count=3; point_index=3; raw=1920.562500; reduced_error_percent=0.169503; scan_order=channel_major; section=YALK; ulk_address=77; upper_limit_v=6.036153; v7_v=6.005153; yalk_v=5.994644"
"yalk_channels";"ubsi.yalk.channel.78.0";"ЯЛК адрес 78 · 0.000000 В";0.0199045;"В";-0.00899525;0.0530047;"OK";"absolute_error_v=0.002100; analog_code=127.375000; channel=71; channel_count=80; channel_index=71; command_v=0.000000; lower_limit_v=-0.008995; point_count=3; point_index=1; raw=127.375000; reduced_error_percent=0.033875; scan_order=channel_major; section=YALK; ulk_address=78; upper_limit_v=0.053005; v7_v=0.022005; yalk_v=0.019904"
"yalk_channels";"ubsi.yalk.channel.78.1";"ЯЛК адрес 78 · 3.100000 В";3.05461;"В";3.02794;3.08994;"OK";"absolute_error_v=0.004327; analog_code=518.062500; channel=71; channel_count=80; channel_index=71; command_v=3.100000; lower_limit_v=3.027935; point_count=3; point_index=2; raw=1542.062500; reduced_error_percent=0.069795; scan_order=channel_major; section=YALK; ulk_address=78; upper_limit_v=3.089935; v7_v=3.058935; yalk_v=3.054608"
"yalk_channels";"ubsi.yalk.channel.78.2";"ЯЛК адрес 78 · 6.200000 В";6.08397;"В";6.06592;6.12792;"OK";"absolute_error_v=0.012950; analog_code=908.062500; channel=71; channel_count=80; channel_index=71; command_v=6.200000; lower_limit_v=6.065922; point_count=3; point_index=3; raw=1932.062500; reduced_error_percent=0.208873; scan_order=channel_major; section=YALK; ulk_address=78; upper_limit_v=6.127922; v7_v=6.096922; yalk_v=6.083971"
"yalk_channels";"ubsi.yalk.channel.79.0";"ЯЛК адрес 79 · 0.000000 В";-0.0568006;"В";-0.0710344;-0.00903444;"OK";"absolute_error_v=0.016766; analog_code=117.500000; channel=72; channel_count=80; channel_index=72; command_v=0.000000; lower_limit_v=-0.071034; point_count=3; point_index=1; raw=117.500000; reduced_error_percent=0.270421; scan_order=channel_major; section=YALK; ulk_address=79; upper_limit_v=-0.009034; v7_v=-0.040034; yalk_v=-0.056801"
"yalk_channels";"ubsi.yalk.channel.79.1";"ЯЛК адрес 79 · 3.100000 В";2.9614;"В";2.94306;3.00506;"OK";"absolute_error_v=0.012664; analog_code=506.062500; channel=72; channel_count=80; channel_index=72; command_v=3.100000; lower_limit_v=2.943060; point_count=3; point_index=2; raw=1530.062500; reduced_error_percent=0.204251; scan_order=channel_major; section=YALK; ulk_address=79; upper_limit_v=3.005060; v7_v=2.974060; yalk_v=2.961397"
"yalk_channels";"ubsi.yalk.channel.79.2";"ЯЛК адрес 79 · 6.200000 В";5.97523;"В";5.95451;6.01651;"OK";"absolute_error_v=0.010290; analog_code=894.062500; channel=72; channel_count=80; channel_index=72; command_v=6.200000; lower_limit_v=5.954515; point_count=3; point_index=3; raw=1918.062500; reduced_error_percent=0.165964; scan_order=channel_major; section=YALK; ulk_address=79; upper_limit_v=6.016515; v7_v=5.985515; yalk_v=5.975225"
"yalk_channels";"ubsi.yalk.channel.80.0";"ЯЛК адрес 80 · 0.000000 В";-0.0470911;"В";-0.0695548;-0.0075548;"OK";"absolute_error_v=0.008536; analog_code=118.750000; channel=73; channel_count=80; channel_index=73; command_v=0.000000; lower_limit_v=-0.069555; point_count=3; point_index=1; raw=118.750000; reduced_error_percent=0.137682; scan_order=channel_major; section=YALK; ulk_address=80; upper_limit_v=-0.007555; v7_v=-0.038555; yalk_v=-0.047091"
"yalk_channels";"ubsi.yalk.channel.80.1";"ЯЛК адрес 80 · 3.100000 В";2.9779;"В";2.95499;3.01699;"OK";"absolute_error_v=0.008082; analog_code=508.187500; channel=73; channel_count=80; channel_index=73; command_v=3.100000; lower_limit_v=2.954985; point_count=3; point_index=2; raw=1532.187500; reduced_error_percent=0.130358; scan_order=channel_major; section=YALK; ulk_address=80; upper_limit_v=3.016985; v7_v=2.985985; yalk_v=2.977903"
"yalk_channels";"ubsi.yalk.channel.80.2";"ЯЛК адрес 80 · 6.200000 В";5.99804;"В";5.97246;6.03446;"OK";"absolute_error_v=0.005420; analog_code=897.000000; channel=73; channel_count=80; channel_index=73; command_v=6.200000; lower_limit_v=5.972462; point_count=3; point_index=3; raw=1921.000000; reduced_error_percent=0.087419; scan_order=channel_major; section=YALK; ulk_address=80; upper_limit_v=6.034462; v7_v=6.003462; yalk_v=5.998042"
"yalk_channels";"ubsi.yalk.channel.81.0";"ЯЛК адрес 81 · 0.000000 В";-0.0402944;"В";-0.0795307;-0.0175307;"OK";"absolute_error_v=0.008236; analog_code=119.625000; channel=74; channel_count=80; channel_index=74; command_v=0.000000; lower_limit_v=-0.079531; point_count=3; point_index=1; raw=119.625000; reduced_error_percent=0.132843; scan_order=channel_major; section=YALK; ulk_address=81; upper_limit_v=-0.017531; v7_v=-0.048531; yalk_v=-0.040294"
"yalk_channels";"ubsi.yalk.channel.81.1";"ЯЛК адрес 81 · 3.100000 В";2.95994;"В";2.94316;3.00516;"OK";"absolute_error_v=0.014216; analog_code=505.875000; channel=74; channel_count=80; channel_index=74; command_v=3.100000; lower_limit_v=2.943156; point_count=3; point_index=2; raw=1529.875000; reduced_error_percent=0.229285; scan_order=channel_major; section=YALK; ulk_address=81; upper_limit_v=3.005156; v7_v=2.974156; yalk_v=2.959940"
"yalk_channels";"ubsi.yalk.channel.81.2";"ЯЛК адрес 81 · 6.200000 В";5.99319;"В";5.9798;6.0418;"OK";"absolute_error_v=0.017612; analog_code=896.375000; channel=74; channel_count=80; channel_index=74; command_v=6.200000; lower_limit_v=5.979799; point_count=3; point_index=3; raw=1920.375000; reduced_error_percent=0.284059; scan_order=channel_major; section=YALK; ulk_address=81; upper_limit_v=6.041799; v7_v=6.010799; yalk_v=5.993188"
"yalk_channels";"ubsi.yalk.channel.82.0";"ЯЛК адрес 82 · 0.000000 В";-0.100979;"В";-0.134178;-0.0721775;"OK";"absolute_error_v=0.002199; analog_code=111.812500; channel=75; channel_count=80; channel_index=75; command_v=0.000000; lower_limit_v=-0.134178; point_count=3; point_index=1; raw=111.812500; reduced_error_percent=0.035464; scan_order=channel_major; section=YALK; ulk_address=82; upper_limit_v=-0.072178; v7_v=-0.103178; yalk_v=-0.100979"
"yalk_channels";"ubsi.yalk.channel.82.1";"ЯЛК адрес 82 · 3.100000 В";2.95072;"В";2.93328;2.99528;"OK";"absolute_error_v=0.013566; analog_code=504.687500; channel=75; channel_count=80; channel_index=75; command_v=3.100000; lower_limit_v=2.933283; point_count=3; point_index=2; raw=1528.687500; reduced_error_percent=0.218808; scan_order=channel_major; section=YALK; ulk_address=82; upper_limit_v=2.995283; v7_v=2.964283; yalk_v=2.950716"
"yalk_channels";"ubsi.yalk.channel.82.2";"ЯЛК адрес 82 · 6.200000 В";5.99901;"В";5.97816;6.04016;"OK";"absolute_error_v=0.010147; analog_code=897.125000; channel=75; channel_count=80; channel_index=75; command_v=6.200000; lower_limit_v=5.978160; point_count=3; point_index=3; raw=1921.125000; reduced_error_percent=0.163660; scan_order=channel_major; section=YALK; ulk_address=82; upper_limit_v=6.040160; v7_v=6.009160; yalk_v=5.999013"
"yalk_channels";"ubsi.yalk.channel.83.0";"ЯЛК адрес 83 · 0.000000 В";0.0291285;"В";-0.0197293;0.0422707;"OK";"absolute_error_v=0.017858; analog_code=128.562500; channel=76; channel_count=80; channel_index=76; command_v=0.000000; lower_limit_v=-0.019729; point_count=3; point_index=1; raw=128.562500; reduced_error_percent=0.288029; scan_order=channel_major; section=YALK; ulk_address=83; upper_limit_v=0.042271; v7_v=0.011271; yalk_v=0.029128"
"yalk_channels";"ubsi.yalk.channel.83.1";"ЯЛК адрес 83 · 3.100000 В";3.05801;"В";3.02069;3.08269;"OK";"absolute_error_v=0.006319; analog_code=518.500000; channel=76; channel_count=80; channel_index=76; command_v=3.100000; lower_limit_v=3.020687; point_count=3; point_index=2; raw=1542.500000; reduced_error_percent=0.101925; scan_order=channel_major; section=YALK; ulk_address=83; upper_limit_v=3.082687; v7_v=3.051687; yalk_v=3.058006"
"yalk_channels";"ubsi.yalk.channel.83.2";"ЯЛК адрес 83 · 6.200000 В";6.08591;"В";6.06937;6.13137;"OK";"absolute_error_v=0.014460; analog_code=908.312500; channel=76; channel_count=80; channel_index=76; command_v=6.200000; lower_limit_v=6.069374; point_count=3; point_index=3; raw=1932.312500; reduced_error_percent=0.233232; scan_order=channel_major; section=YALK; ulk_address=83; upper_limit_v=6.131374; v7_v=6.100374; yalk_v=6.085913"
"yalk_channels";"ubsi.yalk.channel.84.0";"ЯЛК адрес 84 · 0.000000 В";-0.133991;"В";-0.166657;-0.104657;"OK";"absolute_error_v=0.001666; analog_code=107.562500; channel=77; channel_count=80; channel_index=77; command_v=0.000000; lower_limit_v=-0.166657; point_count=3; point_index=1; raw=107.562500; reduced_error_percent=0.026877; scan_order=channel_major; section=YALK; ulk_address=84; upper_limit_v=-0.104657; v7_v=-0.135657; yalk_v=-0.133991"
"yalk_channels";"ubsi.yalk.channel.84.1";"ЯЛК адрес 84 · 3.100000 В";2.89343;"В";2.87311;2.93511;"OK";"absolute_error_v=0.010677; analog_code=497.312500; channel=77; channel_count=80; channel_index=77; command_v=3.100000; lower_limit_v=2.873108; point_count=3; point_index=2; raw=1521.312500; reduced_error_percent=0.172216; scan_order=channel_major; section=YALK; ulk_address=84; upper_limit_v=2.935108; v7_v=2.904108; yalk_v=2.893430"
"yalk_channels";"ubsi.yalk.channel.84.2";"ЯЛК адрес 84 · 6.200000 В";5.92911;"В";5.9098;5.9718;"OK";"absolute_error_v=0.011692; analog_code=888.125000; channel=77; channel_count=80; channel_index=77; command_v=6.200000; lower_limit_v=5.909797; point_count=3; point_index=3; raw=1912.125000; reduced_error_percent=0.188577; scan_order=channel_major; section=YALK; ulk_address=84; upper_limit_v=5.971797; v7_v=5.940797; yalk_v=5.929105"
"yalk_channels";"ubsi.yalk.channel.85.0";"ЯЛК адрес 85 · 0.000000 В";-0.0611698;"В";-0.0713675;-0.00936747;"OK";"absolute_error_v=0.020802; analog_code=116.937500; channel=78; channel_count=80; channel_index=78; command_v=0.000000; lower_limit_v=-0.071367; point_count=3; point_index=1; raw=116.937500; reduced_error_percent=0.335522; scan_order=channel_major; section=YALK; ulk_address=85; upper_limit_v=-0.009367; v7_v=-0.040367; yalk_v=-0.061170"
"yalk_channels";"ubsi.yalk.channel.85.1";"ЯЛК адрес 85 · 3.100000 В";2.98955;"В";2.96972;3.03172;"OK";"absolute_error_v=0.011162; analog_code=509.687500; channel=78; channel_count=80; channel_index=78; command_v=3.100000; lower_limit_v=2.969716; point_count=3; point_index=2; raw=1533.687500; reduced_error_percent=0.180033; scan_order=channel_major; section=YALK; ulk_address=85; upper_limit_v=3.031716; v7_v=3.000716; yalk_v=2.989554"
"yalk_channels";"ubsi.yalk.channel.85.2";"ЯЛК адрес 85 · 6.200000 В";6.03979;"В";6.02415;6.08615;"OK";"absolute_error_v=0.015354; analog_code=902.375000; channel=78; channel_count=80; channel_index=78; command_v=6.200000; lower_limit_v=6.024147; point_count=3; point_index=3; raw=1926.375000; reduced_error_percent=0.247639; scan_order=channel_major; section=YALK; ulk_address=85; upper_limit_v=6.086147; v7_v=6.055147; yalk_v=6.039793"
"yalk_channels";"ubsi.yalk.channel.86.0";"ЯЛК адрес 86 · 0.000000 В";-0.0412654;"В";-0.0610194;0.000980557;"OK";"absolute_error_v=0.011246; analog_code=119.500000; channel=79; channel_count=80; channel_index=79; command_v=0.000000; lower_limit_v=-0.061019; point_count=3; point_index=1; raw=119.500000; reduced_error_percent=0.181386; scan_order=channel_major; section=YALK; ulk_address=86; upper_limit_v=0.000981; v7_v=-0.030019; yalk_v=-0.041265"
"yalk_channels";"ubsi.yalk.channel.86.1";"ЯЛК адрес 86 · 3.100000 В";2.99975;"В";2.96921;3.03121;"OK";"absolute_error_v=0.000464; analog_code=511.000000; channel=79; channel_count=80; channel_index=79; command_v=3.100000; lower_limit_v=2.969214; point_count=3; point_index=2; raw=1535.000000; reduced_error_percent=0.007489; scan_order=channel_major; section=YALK; ulk_address=86; upper_limit_v=3.031214; v7_v=3.000214; yalk_v=2.999749"
"yalk_channels";"ubsi.yalk.channel.86.2";"ЯЛК адрес 86 · 6.200000 В";6.02669;"В";6.01042;6.07242;"OK";"absolute_error_v=0.014739; analog_code=900.687500; channel=79; channel_count=80; channel_index=79; command_v=6.200000; lower_limit_v=6.010425; point_count=3; point_index=3; raw=1924.687500; reduced_error_percent=0.237729; scan_order=channel_major; section=YALK; ulk_address=86; upper_limit_v=6.072425; v7_v=6.041425; yalk_v=6.026685"
"yalk_channels";"ubsi.yalk.channel.87.0";"ЯЛК адрес 87 · 0.000000 В";-0.0747631;"В";-0.0792589;-0.0172589;"OK";"absolute_error_v=0.026504; analog_code=115.187500; channel=80; channel_count=80; channel_index=80; command_v=0.000000; lower_limit_v=-0.079259; point_count=3; point_index=1; raw=115.187500; reduced_error_percent=0.427487; scan_order=channel_major; section=YALK; ulk_address=87; upper_limit_v=-0.017259; v7_v=-0.048259; yalk_v=-0.074763"
"yalk_channels";"ubsi.yalk.channel.87.1";"ЯЛК адрес 87 · 3.100000 В";2.95509;"В";2.93466;2.99666;"OK";"absolute_error_v=0.010576; analog_code=505.250000; channel=80; channel_count=80; channel_index=80; command_v=3.100000; lower_limit_v=2.934661; point_count=3; point_index=2; raw=1529.250000; reduced_error_percent=0.170576; scan_order=channel_major; section=YALK; ulk_address=87; upper_limit_v=2.996661; v7_v=2.965661; yalk_v=2.955086"
"yalk_channels";"ubsi.yalk.channel.87.2";"ЯЛК адрес 87 · 6.200000 В";5.97959;"В";5.96311;6.02511;"OK";"absolute_error_v=0.014512; analog_code=894.625000; channel=80; channel_count=80; channel_index=80; command_v=6.200000; lower_limit_v=5.963107; point_count=3; point_index=3; raw=1918.625000; reduced_error_percent=0.234072; scan_order=channel_major; section=YALK; ulk_address=87; upper_limit_v=6.025107; v7_v=5.994107; yalk_v=5.979594"
"yalk_contact_thresholds";"ubsi.yalk.signal.1.0";"ЯЛК адрес 1: контакт при 0.000000 В";0;"лог.";0;0;"OK";"analog_code=131.500000; channel=1; channel_count=80; channel_index=1; command_v=0.000000; expected_signal=0; point_count=3; point_index=1; raw=131.500000; scan_order=channel_major; section=YALK; signal=0; ulk_address=1; v7_v=0.053178; yalk_v=0.051946"
"yalk_contact_thresholds";"ubsi.yalk.signal.1.1";"ЯЛК адрес 1: контакт при 0.900000 В";0;"лог.";0;0;"OK";"analog_code=244.750000; channel=1; channel_count=80; channel_index=1; command_v=0.900000; expected_signal=0; point_count=3; point_index=2; raw=244.750000; scan_order=channel_major; section=YALK; signal=0; ulk_address=1; v7_v=0.938121; yalk_v=0.931626"
"yalk_contact_thresholds";"ubsi.yalk.signal.1.2";"ЯЛК адрес 1: контакт при 2.500000 В";1;"лог.";1;1;"OK";"analog_code=446.625000; channel=1; channel_count=80; channel_index=1; command_v=2.500000; expected_signal=1; point_count=3; point_index=3; raw=1470.625000; scan_order=channel_major; section=YALK; signal=1; ulk_address=1; v7_v=2.512336; yalk_v=2.499710"
"yalk_contact_thresholds";"ubsi.yalk.signal.2.0";"ЯЛК адрес 2: контакт при 0.000000 В";0;"лог.";0;0;"OK";"analog_code=114.625000; channel=2; channel_count=80; channel_index=2; command_v=0.000000; expected_signal=0; point_count=3; point_index=1; raw=114.625000; scan_order=channel_major; section=YALK; signal=0; ulk_address=2; v7_v=-0.078234; yalk_v=-0.079132"
"yalk_contact_thresholds";"ubsi.yalk.signal.2.1";"ЯЛК адрес 2: контакт при 0.900000 В";0;"лог.";0;0;"OK";"analog_code=226.875000; channel=2; channel_count=80; channel_index=2; command_v=0.900000; expected_signal=0; point_count=3; point_index=2; raw=226.875000; scan_order=channel_major; section=YALK; signal=0; ulk_address=2; v7_v=0.797599; yalk_v=0.792781"
"yalk_contact_thresholds";"ubsi.yalk.signal.2.2";"ЯЛК адрес 2: контакт при 2.500000 В";1;"лог.";1;1;"OK";"analog_code=427.687500; channel=2; channel_count=80; channel_index=2; command_v=2.500000; expected_signal=1; point_count=3; point_index=3; raw=1451.687500; scan_order=channel_major; section=YALK; signal=1; ulk_address=2; v7_v=2.361552; yalk_v=2.352611"
"yalk_contact_thresholds";"ubsi.yalk.signal.3.0";"ЯЛК адрес 3: контакт при 0.000000 В";0;"лог.";0;0;"OK";"analog_code=116.500000; channel=3; channel_count=80; channel_index=3; command_v=0.000000; expected_signal=0; point_count=3; point_index=1; raw=116.500000; scan_order=channel_major; section=YALK; signal=0; ulk_address=3; v7_v=-0.063149; yalk_v=-0.064568"
"yalk_contact_thresholds";"ubsi.yalk.signal.3.1";"ЯЛК адрес 3: контакт при 0.900000 В";0;"лог.";0;0;"OK";"analog_code=230.062500; channel=3; channel_count=80; channel_index=3; command_v=0.900000; expected_signal=0; point_count=3; point_index=2; raw=230.062500; scan_order=channel_major; section=YALK; signal=0; ulk_address=3; v7_v=0.827170; yalk_v=0.817540"
"yalk_contact_thresholds";"ubsi.yalk.signal.3.2";"ЯЛК адрес 3: контакт при 2.500000 В";1;"лог.";1;1;"OK";"analog_code=433.875000; channel=3; channel_count=80; channel_index=3; command_v=2.500000; expected_signal=1; point_count=3; point_index=3; raw=1457.875000; scan_order=channel_major; section=YALK; signal=1; ulk_address=3; v7_v=2.412253; yalk_v=2.400673"
"yalk_contact_thresholds";"ubsi.yalk.signal.4.0";"ЯЛК адрес 4: контакт при 0.000000 В";0;"лог.";0;0;"OK";"analog_code=112.687500; channel=4; channel_count=80; channel_index=4; command_v=0.000000; expected_signal=0; point_count=3; point_index=1; raw=112.687500; scan_order=channel_major; section=YALK; signal=0; ulk_address=4; v7_v=-0.097705; yalk_v=-0.094182"
"yalk_contact_thresholds";"ubsi.yalk.signal.4.1";"ЯЛК адрес 4: контакт при 0.900000 В";0;"лог.";0;0;"OK";"analog_code=225.375000; channel=4; channel_count=80; channel_index=4; command_v=0.900000; expected_signal=0; point_count=3; point_index=2; raw=225.375000; scan_order=channel_major; section=YALK; signal=0; ulk_address=4; v7_v=0.783956; yalk_v=0.781129"
"yalk_contact_thresholds";"ubsi.yalk.signal.4.2";"ЯЛК адрес 4: контакт при 2.500000 В";1;"лог.";1;1;"OK";"analog_code=426.250000; channel=4; channel_count=80; channel_index=4; command_v=2.500000; expected_signal=1; point_count=3; point_index=3; raw=1450.250000; scan_order=channel_major; section=YALK; signal=1; ulk_address=4; v7_v=2.356575; yalk_v=2.341445"
"yalk_contact_thresholds";"ubsi.yalk.signal.5.0";"ЯЛК адрес 5: контакт при 0.000000 В";0;"лог.";0;0;"OK";"analog_code=120.250000; channel=5; channel_count=80; channel_index=5; command_v=0.000000; expected_signal=0; point_count=3; point_index=1; raw=120.250000; scan_order=channel_major; section=YALK; signal=0; ulk_address=5; v7_v=-0.039664; yalk_v=-0.035440"
"yalk_contact_thresholds";"ubsi.yalk.signal.5.1";"ЯЛК адрес 5: контакт при 0.900000 В";0;"лог.";0;0;"OK";"analog_code=231.500000; channel=5; channel_count=80; channel_index=5; command_v=0.900000; expected_signal=0; point_count=3; point_index=2; raw=231.500000; scan_order=channel_major; section=YALK; signal=0; ulk_address=5; v7_v=0.832931; yalk_v=0.828706"
"yalk_contact_thresholds";"ubsi.yalk.signal.5.2";"ЯЛК адрес 5: контакт при 2.500000 В";1;"лог.";1;1;"OK";"analog_code=431.875000; channel=5; channel_count=80; channel_index=5; command_v=2.500000; expected_signal=1; point_count=3; point_index=3; raw=1455.875000; scan_order=channel_major; section=YALK; signal=1; ulk_address=5; v7_v=2.393623; yalk_v=2.385138"
"yalk_contact_thresholds";"ubsi.yalk.signal.6.0";"ЯЛК адрес 6: контакт при 0.000000 В";0;"лог.";0;0;"OK";"analog_code=114.125000; channel=6; channel_count=80; channel_index=6; command_v=0.000000; expected_signal=0; point_count=3; point_index=1; raw=114.125000; scan_order=channel_major; section=YALK; signal=0; ulk_address=6; v7_v=-0.078576; yalk_v=-0.083016"
"yalk_contact_thresholds";"ubsi.yalk.signal.6.1";"ЯЛК адрес 6: контакт при 0.900000 В";0;"лог.";0;0;"OK";"analog_code=228.062500; channel=6; channel_count=80; channel_index=6; command_v=0.900000; expected_signal=0; point_count=3; point_index=2; raw=228.062500; scan_order=channel_major; section=YALK; signal=0; ulk_address=6; v7_v=0.810669; yalk_v=0.802005"
"yalk_contact_thresholds";"ubsi.yalk.signal.6.2";"ЯЛК адрес 6: контакт при 2.500000 В";1;"лог.";1;1;"OK";"analog_code=431.562500; channel=6; channel_count=80; channel_index=6; command_v=2.500000; expected_signal=1; point_count=3; point_index=3; raw=1455.562500; scan_order=channel_major; section=YALK; signal=1; ulk_address=6; v7_v=2.388928; yalk_v=2.382711"
"yalk_contact_thresholds";"ubsi.yalk.signal.7.0";"ЯЛК адрес 7: контакт при 0.000000 В";0;"лог.";0;0;"OK";"analog_code=123.812500; channel=7; channel_count=80; channel_index=7; command_v=0.000000; expected_signal=0; point_count=3; point_index=1; raw=123.812500; scan_order=channel_major; section=YALK; signal=0; ulk_address=7; v7_v=-0.006681; yalk_v=-0.007768"
"yalk_contact_thresholds";"ubsi.yalk.signal.7.1";"ЯЛК адрес 7: контакт при 0.900000 В";0;"лог.";0;0;"OK";"analog_code=235.937500; channel=7; channel_count=80; channel_index=7; command_v=0.900000; expected_signal=0; point_count=3; point_index=2; raw=235.937500; scan_order=channel_major; section=YALK; signal=0; ulk_address=7; v7_v=0.870686; yalk_v=0.863174"
"yalk_contact_thresholds";"ubsi.yalk.signal.7.2";"ЯЛК адрес 7: контакт при 2.500000 В";1;"лог.";1;1;"OK";"analog_code=438.375000; channel=7; channel_count=80; channel_index=7; command_v=2.500000; expected_signal=1; point_count=3; point_index=3; raw=1462.375000; scan_order=channel_major; section=YALK; signal=1; ulk_address=7; v7_v=2.443871; yalk_v=2.435628"
"yalk_contact_thresholds";"ubsi.yalk.signal.8.0";"ЯЛК адрес 8: контакт при 0.000000 В";0;"лог.";0;0;"OK";"analog_code=121.500000; channel=8; channel_count=80; channel_index=8; command_v=0.000000; expected_signal=0; point_count=3; point_index=1; raw=121.500000; scan_order=channel_major; section=YALK; signal=0; ulk_address=8; v7_v=-0.020894; yalk_v=-0.025730"
"yalk_contact_thresholds";"ubsi.yalk.signal.8.1";"ЯЛК адрес 8: контакт при 0.900000 В";0;"лог.";0;0;"OK";"analog_code=234.937500; channel=8; channel_count=80; channel_index=8; command_v=0.900000; expected_signal=0; point_count=3; point_index=2; raw=234.937500; scan_order=channel_major; section=YALK; signal=0; ulk_address=8; v7_v=0.861291; yalk_v=0.855407"
"yalk_contact_thresholds";"ubsi.yalk.signal.8.2";"ЯЛК адрес 8: контакт при 2.500000 В";1;"лог.";1;1;"OK";"analog_code=437.500000; channel=8; channel_count=80; channel_index=8; command_v=2.500000; expected_signal=1; point_count=3; point_index=3; raw=1461.500000; scan_order=channel_major; section=YALK; signal=1; ulk_address=8; v7_v=2.438008; yalk_v=2.428831"
"yalk_contact_thresholds";"ubsi.yalk.signal.9.0";"ЯЛК адрес 9: контакт при 0.000000 В";0;"лог.";0;0;"OK";"analog_code=125.687500; channel=9; channel_count=80; channel_index=9; command_v=0.000000; expected_signal=0; point_count=3; point_index=1; raw=125.687500; scan_order=channel_major; section=YALK; signal=0; ulk_address=9; v7_v=0.009080; yalk_v=0.006797"
"yalk_contact_thresholds";"ubsi.yalk.signal.9.1";"ЯЛК адрес 9: контакт при 0.900000 В";0;"лог.";0;0;"OK";"analog_code=239.187500; channel=9; channel_count=80; channel_index=9; command_v=0.900000; expected_signal=0; point_count=3; point_index=2; raw=239.187500; scan_order=channel_major; section=YALK; signal=0; ulk_address=9; v7_v=0.894148; yalk_v=0.888419"
"yalk_contact_thresholds";"ubsi.yalk.signal.9.2";"ЯЛК адрес 9: контакт при 2.500000 В";1;"лог.";1;1;"OK";"analog_code=439.312500; channel=9; channel_count=80; channel_index=9; command_v=2.500000; expected_signal=1; point_count=3; point_index=3; raw=1463.312500; scan_order=channel_major; section=YALK; signal=1; ulk_address=9; v7_v=2.453808; yalk_v=2.442910"
"yalk_contact_thresholds";"ubsi.yalk.signal.10.0";"ЯЛК адрес 10: контакт при 0.000000 В";0;"лог.";0;0;"OK";"analog_code=108.812500; channel=10; channel_count=80; channel_index=10; command_v=0.000000; expected_signal=0; point_count=3; point_index=1; raw=108.812500; scan_order=channel_major; section=YALK; signal=0; ulk_address=10; v7_v=-0.119026; yalk_v=-0.124282"
"yalk_contact_thresholds";"ubsi.yalk.signal.10.1";"ЯЛК адрес 10: контакт при 0.900000 В";0;"лог.";0;0;"OK";"analog_code=223.062500; channel=10; channel_count=80; channel_index=10; command_v=0.900000; expected_signal=0; point_count=3; point_index=2; raw=223.062500; scan_order=channel_major; section=YALK; signal=0; ulk_address=10; v7_v=0.769167; yalk_v=0.763167"
"yalk_contact_thresholds";"ubsi.yalk.signal.10.2";"ЯЛК адрес 10: контакт при 2.500000 В";1;"лог.";1;1;"OK";"analog_code=425.000000; channel=10; channel_count=80; channel_index=10; command_v=2.500000; expected_signal=1; point_count=3; point_index=3; raw=1449.000000; scan_order=channel_major; section=YALK; signal=1; ulk_address=10; v7_v=2.337328; yalk_v=2.331736"
"yalk_contact_thresholds";"ubsi.yalk.signal.11.0";"ЯЛК адрес 11: контакт при 0.000000 В";0;"лог.";0;0;"OK";"analog_code=113.125000; channel=11; channel_count=80; channel_index=11; command_v=0.000000; expected_signal=0; point_count=3; point_index=1; raw=113.125000; scan_order=channel_major; section=YALK; signal=0; ulk_address=11; v7_v=-0.085109; yalk_v=-0.090784"
"yalk_contact_thresholds";"ubsi.yalk.signal.11.1";"ЯЛК адрес 11: контакт при 0.900000 В";0;"лог.";0;0;"OK";"analog_code=225.875000; channel=11; channel_count=80; channel_index=11; command_v=0.900000; expected_signal=0; point_count=3; point_index=2; raw=225.875000; scan_order=channel_major; section=YALK; signal=0; ulk_address=11; v7_v=0.796078; yalk_v=0.785013"
"yalk_contact_thresholds";"ubsi.yalk.signal.11.2";"ЯЛК адрес 11: контакт при 2.500000 В";1;"лог.";1;1;"OK";"analog_code=429.312500; channel=11; channel_count=80; channel_index=11; command_v=2.500000; expected_signal=1; point_count=3; point_index=3; raw=1453.312500; scan_order=channel_major; section=YALK; signal=1; ulk_address=11; v7_v=2.373920; yalk_v=2.365234"
"yalk_contact_thresholds";"ubsi.yalk.signal.12.0";"ЯЛК адрес 12: контакт при 0.000000 В";0;"лог.";0;0;"OK";"analog_code=118.250000; channel=12; channel_count=80; channel_index=12; command_v=0.000000; expected_signal=0; point_count=3; point_index=1; raw=118.250000; scan_order=channel_major; section=YALK; signal=0; ulk_address=12; v7_v=-0.044420; yalk_v=-0.050975"
"yalk_contact_thresholds";"ubsi.yalk.signal.12.1";"ЯЛК адрес 12: контакт при 0.900000 В";0;"лог.";0;0;"OK";"analog_code=231.937500; channel=12; channel_count=80; channel_index=12; command_v=0.900000; expected_signal=0; point_count=3; point_index=2; raw=231.937500; scan_order=channel_major; section=YALK; signal=0; ulk_address=12; v7_v=0.837778; yalk_v=0.832104"
"yalk_contact_thresholds";"ubsi.yalk.signal.12.2";"ЯЛК адрес 12: контакт при 2.500000 В";1;"лог.";1;1;"OK";"analog_code=434.375000; channel=12; channel_count=80; channel_index=12; command_v=2.500000; expected_signal=1; point_count=3; point_index=3; raw=1458.375000; scan_order=channel_major; section=YALK; signal=1; ulk_address=12; v7_v=2.409578; yalk_v=2.404557"
"yalk_contact_thresholds";"ubsi.yalk.signal.13.0";"ЯЛК адрес 13: контакт при 0.000000 В";0;"лог.";0;0;"OK";"analog_code=115.875000; channel=13; channel_count=80; channel_index=13; command_v=0.000000; expected_signal=0; point_count=3; point_index=1; raw=115.875000; scan_order=channel_major; section=YALK; signal=0; ulk_address=13; v7_v=-0.062750; yalk_v=-0.069423"
"yalk_contact_thresholds";"ubsi.yalk.signal.13.1";"ЯЛК адрес 13: контакт при 0.900000 В";0;"лог.";0;0;"OK";"analog_code=229.250000; channel=13; channel_count=80; channel_index=13; command_v=0.900000; expected_signal=0; point_count=3; point_index=2; raw=229.250000; scan_order=channel_major; section=YALK; signal=0; ulk_address=13; v7_v=0.818273; yalk_v=0.811229"
"yalk_contact_thresholds";"ubsi.yalk.signal.13.2";"ЯЛК адрес 13: контакт при 2.500000 В";1;"лог.";1;1;"OK";"analog_code=431.187500; channel=13; channel_count=80; channel_index=13; command_v=2.500000; expected_signal=1; point_count=3; point_index=3; raw=1455.187500; scan_order=channel_major; section=YALK; signal=1; ulk_address=13; v7_v=2.385006; yalk_v=2.379798"
"yalk_contact_thresholds";"ubsi.yalk.signal.14.0";"ЯЛК адрес 14: контакт при 0.000000 В";0;"лог.";0;0;"OK";"analog_code=117.875000; channel=14; channel_count=80; channel_index=14; command_v=0.000000; expected_signal=0; point_count=3; point_index=1; raw=117.875000; scan_order=channel_major; section=YALK; signal=0; ulk_address=14; v7_v=-0.052419; yalk_v=-0.053888"
"yalk_contact_thresholds";"ubsi.yalk.signal.14.1";"ЯЛК адрес 14: контакт при 0.900000 В";0;"лог.";0;0;"OK";"analog_code=232.000000; channel=14; channel_count=80; channel_index=14; command_v=0.900000; expected_signal=0; point_count=3; point_index=2; raw=232.000000; scan_order=channel_major; section=YALK; signal=0; ulk_address=14; v7_v=0.840508; yalk_v=0.832589"
"yalk_contact_thresholds";"ubsi.yalk.signal.14.2";"ЯЛК адрес 14: контакт при 2.500000 В";1;"лог.";1;1;"OK";"analog_code=436.312500; channel=14; channel_count=80; channel_index=14; command_v=2.500000; expected_signal=1; point_count=3; point_index=3; raw=1460.312500; scan_order=channel_major; section=YALK; signal=1; ulk_address=14; v7_v=2.429774; yalk_v=2.419607"
"yalk_contact_thresholds";"ubsi.yalk.signal.15.0";"ЯЛК адрес 15: контакт при 0.000000 В";0;"лог.";0;0;"OK";"analog_code=123.812500; channel=15; channel_count=80; channel_index=15; command_v=0.000000; expected_signal=0; point_count=3; point_index=1; raw=123.812500; scan_order=channel_major; section=YALK; signal=0; ulk_address=15; v7_v=-0.005544; yalk_v=-0.007768"
"yalk_contact_thresholds";"ubsi.yalk.signal.15.1";"ЯЛК адрес 15: контакт при 0.900000 В";0;"лог.";0;0;"OK";"analog_code=237.125000; channel=15; channel_count=80; channel_index=15; command_v=0.900000; expected_signal=0; point_count=3; point_index=2; raw=237.125000; scan_order=channel_major; section=YALK; signal=0; ulk_address=15; v7_v=0.874696; yalk_v=0.872398"
"yalk_contact_thresholds";"ubsi.yalk.signal.15.2";"ЯЛК адрес 15: контакт при 2.500000 В";1;"лог.";1;1;"OK";"analog_code=440.625000; channel=15; channel_count=80; channel_index=15; command_v=2.500000; expected_signal=1; point_count=3; point_index=3; raw=1464.625000; scan_order=channel_major; section=YALK; signal=1; ulk_address=15; v7_v=2.461915; yalk_v=2.453105"
"yalk_contact_thresholds";"ubsi.yalk.signal.16.0";"ЯЛК адрес 16: контакт при 0.000000 В";0;"лог.";0;0;"OK";"analog_code=118.875000; channel=16; channel_count=80; channel_index=16; command_v=0.000000; expected_signal=0; point_count=3; point_index=1; raw=118.875000; scan_order=channel_major; section=YALK; signal=0; ulk_address=16; v7_v=-0.040906; yalk_v=-0.046120"
"yalk_contact_thresholds";"ubsi.yalk.signal.16.1";"ЯЛК адрес 16: контакт при 0.900000 В";0;"лог.";0;0;"OK";"analog_code=231.437500; channel=16; channel_count=80; channel_index=16; command_v=0.900000; expected_signal=0; point_count=3; point_index=2; raw=231.437500; scan_order=channel_major; section=YALK; signal=0; ulk_address=16; v7_v=0.837422; yalk_v=0.828220"
"yalk_contact_thresholds";"ubsi.yalk.signal.16.2";"ЯЛК адрес 16: контакт при 2.500000 В";1;"лог.";1;1;"OK";"analog_code=434.625000; channel=16; channel_count=80; channel_index=16; command_v=2.500000; expected_signal=1; point_count=3; point_index=3; raw=1458.625000; scan_order=channel_major; section=YALK; signal=1; ulk_address=16; v7_v=2.414075; yalk_v=2.406499"
"yalk_contact_thresholds";"ubsi.yalk.signal.17.0";"ЯЛК адрес 17: контакт при 0.000000 В";0;"лог.";0;0;"OK";"analog_code=107.687500; channel=17; channel_count=80; channel_index=17; command_v=0.000000; expected_signal=0; point_count=3; point_index=1; raw=107.687500; scan_order=channel_major; section=YALK; signal=0; ulk_address=17; v7_v=-0.129716; yalk_v=-0.133020"
"yalk_contact_thresholds";"ubsi.yalk.signal.17.1";"ЯЛК адрес 17: контакт при 0.900000 В";0;"лог.";0;0;"OK";"analog_code=221.312500; channel=17; channel_count=80; channel_index=17; command_v=0.900000; expected_signal=0; point_count=3; point_index=2; raw=221.312500; scan_order=channel_major; section=YALK; signal=0; ulk_address=17; v7_v=0.754075; yalk_v=0.749573"
"yalk_contact_thresholds";"ubsi.yalk.signal.17.2";"ЯЛК адрес 17: контакт при 2.500000 В";1;"лог.";1;1;"OK";"analog_code=422.500000; channel=17; channel_count=80; channel_index=17; command_v=2.500000; expected_signal=1; point_count=3; point_index=3; raw=1446.500000; scan_order=channel_major; section=YALK; signal=1; ulk_address=17; v7_v=2.319944; yalk_v=2.312317"
"yalk_contact_thresholds";"ubsi.yalk.signal.18.0";"ЯЛК адрес 18: контакт при 0.000000 В";0;"лог.";0;0;"OK";"analog_code=123.875000; channel=18; channel_count=80; channel_index=18; command_v=0.000000; expected_signal=0; point_count=3; point_index=1; raw=123.875000; scan_order=channel_major; section=YALK; signal=0; ulk_address=18; v7_v=-0.003840; yalk_v=-0.007282"
"yalk_contact_thresholds";"ubsi.yalk.signal.18.1";"ЯЛК адрес 18: контакт при 0.900000 В";0;"лог.";0;0;"OK";"analog_code=235.687500; channel=18; channel_count=80; channel_index=18; command_v=0.900000; expected_signal=0; point_count=3; point_index=2; raw=235.687500; scan_order=channel_major; section=YALK; signal=0; ulk_address=18; v7_v=0.865839; yalk_v=0.861232"
"yalk_contact_thresholds";"ubsi.yalk.signal.18.2";"ЯЛК адрес 18: контакт при 2.500000 В";1;"лог.";1;1;"OK";"analog_code=436.562500; channel=18; channel_count=80; channel_index=18; command_v=2.500000; expected_signal=1; point_count=3; point_index=3; raw=1460.562500; scan_order=channel_major; section=YALK; signal=1; ulk_address=18; v7_v=2.430898; yalk_v=2.421549"
"yalk_contact_thresholds";"ubsi.yalk.signal.19.0";"ЯЛК адрес 19: контакт при 0.000000 В";0;"лог.";0;0;"OK";"analog_code=112.000000; channel=19; channel_count=80; channel_index=19; command_v=0.000000; expected_signal=0; point_count=3; point_index=1; raw=112.000000; scan_order=channel_major; section=YALK; signal=0; ulk_address=19; v7_v=-0.099188; yalk_v=-0.099522"
"yalk_contact_thresholds";"ubsi.yalk.signal.19.1";"ЯЛК адрес 19: контакт при 0.900000 В";0;"лог.";0;0;"OK";"analog_code=224.812500; channel=19; channel_count=80; channel_index=19; command_v=0.900000; expected_signal=0; point_count=3; point_index=2; raw=224.812500; scan_order=channel_major; section=YALK; signal=0; ulk_address=19; v7_v=0.786536; yalk_v=0.776760"
"yalk_contact_thresholds";"ubsi.yalk.signal.19.2";"ЯЛК адрес 19: контакт при 2.500000 В";1;"лог.";1;1;"OK";"analog_code=426.875000; channel=19; channel_count=80; channel_index=19; command_v=2.500000; expected_signal=1; point_count=3; point_index=3; raw=1450.875000; scan_order=channel_major; section=YALK; signal=1; ulk_address=19; v7_v=2.355262; yalk_v=2.346300"
"yalk_contact_thresholds";"ubsi.yalk.signal.20.0";"ЯЛК адрес 20: контакт при 0.000000 В";0;"лог.";0;0;"OK";"analog_code=119.250000; channel=20; channel_count=80; channel_index=20; command_v=0.000000; expected_signal=0; point_count=3; point_index=1; raw=119.250000; scan_order=channel_major; section=YALK; signal=0; ulk_address=20; v7_v=-0.040612; yalk_v=-0.043207"
"yalk_contact_thresholds";"ubsi.yalk.signal.20.1";"ЯЛК адрес 20: контакт при 0.900000 В";0;"лог.";0;0;"OK";"analog_code=231.625000; channel=20; channel_count=80; channel_index=20; command_v=0.900000; expected_signal=0; point_count=3; point_index=2; raw=231.625000; scan_order=channel_major; section=YALK; signal=0; ulk_address=20; v7_v=0.838594; yalk_v=0.829677"
"yalk_contact_thresholds";"ubsi.yalk.signal.20.2";"ЯЛК адрес 20: контакт при 2.500000 В";1;"лог.";1;1;"OK";"analog_code=433.500000; channel=20; channel_count=80; channel_index=20; command_v=2.500000; expected_signal=1; point_count=3; point_index=3; raw=1457.500000; scan_order=channel_major; section=YALK; signal=1; ulk_address=20; v7_v=2.408271; yalk_v=2.397761"
"yalk_contact_thresholds";"ubsi.yalk.signal.21.0";"ЯЛК адрес 21: контакт при 0.000000 В";0;"лог.";0;0;"OK";"analog_code=106.375000; channel=21; channel_count=80; channel_index=21; command_v=0.000000; expected_signal=0; point_count=3; point_index=1; raw=106.375000; scan_order=channel_major; section=YALK; signal=0; ulk_address=21; v7_v=-0.143332; yalk_v=-0.143215"
"yalk_contact_thresholds";"ubsi.yalk.signal.21.1";"ЯЛК адрес 21: контакт при 0.900000 В";0;"лог.";0;0;"OK";"analog_code=218.500000; channel=21; channel_count=80; channel_index=21; command_v=0.900000; expected_signal=0; point_count=3; point_index=2; raw=218.500000; scan_order=channel_major; section=YALK; signal=0; ulk_address=21; v7_v=0.731546; yalk_v=0.727727"
"yalk_contact_thresholds";"ubsi.yalk.signal.21.2";"ЯЛК адрес 21: контакт при 2.500000 В";1;"лог.";1;1;"OK";"analog_code=419.562500; channel=21; channel_count=80; channel_index=21; command_v=2.500000; expected_signal=1; point_count=3; point_index=3; raw=1443.562500; scan_order=channel_major; section=YALK; signal=1; ulk_address=21; v7_v=2.296473; yalk_v=2.289500"
"yalk_contact_thresholds";"ubsi.yalk.signal.22.0";"ЯЛК адрес 22: контакт при 0.000000 В";0;"лог.";0;0;"OK";"analog_code=126.562500; channel=22; channel_count=80; channel_index=22; command_v=0.000000; expected_signal=0; point_count=3; point_index=1; raw=126.562500; scan_order=channel_major; section=YALK; signal=0; ulk_address=22; v7_v=0.016971; yalk_v=0.013593"
"yalk_contact_thresholds";"ubsi.yalk.signal.22.1";"ЯЛК адрес 22: контакт при 0.900000 В";0;"лог.";0;0;"OK";"analog_code=240.062500; channel=22; channel_count=80; channel_index=22; command_v=0.900000; expected_signal=0; point_count=3; point_index=2; raw=240.062500; scan_order=channel_major; section=YALK; signal=0; ulk_address=22; v7_v=0.901617; yalk_v=0.895216"
"yalk_contact_thresholds";"ubsi.yalk.signal.22.2";"ЯЛК адрес 22: контакт при 2.500000 В";1;"лог.";1;1;"OK";"analog_code=441.125000; channel=22; channel_count=80; channel_index=22; command_v=2.500000; expected_signal=1; point_count=3; point_index=3; raw=1465.125000; scan_order=channel_major; section=YALK; signal=1; ulk_address=22; v7_v=2.467184; yalk_v=2.456988"
"yalk_contact_thresholds";"ubsi.yalk.signal.23.0";"ЯЛК адрес 23: контакт при 0.000000 В";0;"лог.";0;0;"OK";"analog_code=115.875000; channel=23; channel_count=80; channel_index=23; command_v=0.000000; expected_signal=0; point_count=3; point_index=1; raw=115.875000; scan_order=channel_major; section=YALK; signal=0; ulk_address=23; v7_v=-0.067892; yalk_v=-0.069423"
"yalk_contact_thresholds";"ubsi.yalk.signal.23.1";"ЯЛК адрес 23: контакт при 0.900000 В";0;"лог.";0;0;"OK";"analog_code=229.187500; channel=23; channel_count=80; channel_index=23; command_v=0.900000; expected_signal=0; point_count=3; point_index=2; raw=229.187500; scan_order=channel_major; section=YALK; signal=0; ulk_address=23; v7_v=0.809524; yalk_v=0.810743"
"yalk_contact_thresholds";"ubsi.yalk.signal.23.2";"ЯЛК адрес 23: контакт при 2.500000 В";1;"лог.";1;1;"OK";"analog_code=429.625000; channel=23; channel_count=80; channel_index=23; command_v=2.500000; expected_signal=1; point_count=3; point_index=3; raw=1453.625000; scan_order=channel_major; section=YALK; signal=1; ulk_address=23; v7_v=2.375394; yalk_v=2.367661"
"yalk_contact_thresholds";"ubsi.yalk.signal.24.0";"ЯЛК адрес 24: контакт при 0.000000 В";0;"лог.";0;0;"OK";"analog_code=112.437500; channel=24; channel_count=80; channel_index=24; command_v=0.000000; expected_signal=0; point_count=3; point_index=1; raw=112.437500; scan_order=channel_major; section=YALK; signal=0; ulk_address=24; v7_v=-0.097535; yalk_v=-0.096124"
"yalk_contact_thresholds";"ubsi.yalk.signal.24.1";"ЯЛК адрес 24: контакт при 0.900000 В";0;"лог.";0;0;"OK";"analog_code=225.687500; channel=24; channel_count=80; channel_index=24; command_v=0.900000; expected_signal=0; point_count=3; point_index=2; raw=225.687500; scan_order=channel_major; section=YALK; signal=0; ulk_address=24; v7_v=0.790615; yalk_v=0.783556"
"yalk_contact_thresholds";"ubsi.yalk.signal.24.2";"ЯЛК адрес 24: контакт при 2.500000 В";1;"лог.";1;1;"OK";"analog_code=429.312500; channel=24; channel_count=80; channel_index=24; command_v=2.500000; expected_signal=1; point_count=3; point_index=3; raw=1453.312500; scan_order=channel_major; section=YALK; signal=1; ulk_address=24; v7_v=2.372991; yalk_v=2.365234"
"yalk_contact_thresholds";"ubsi.yalk.signal.25.0";"ЯЛК адрес 25: контакт при 0.000000 В";0;"лог.";0;0;"OK";"analog_code=118.937500; channel=25; channel_count=80; channel_index=25; command_v=0.000000; expected_signal=0; point_count=3; point_index=1; raw=118.937500; scan_order=channel_major; section=YALK; signal=0; ulk_address=25; v7_v=-0.062930; yalk_v=-0.045635"
"yalk_contact_thresholds";"ubsi.yalk.signal.25.1";"ЯЛК адрес 25: контакт при 0.900000 В";1;"лог.";0;0;"FAIL";"analog_code=229.937500; channel=25; channel_count=80; channel_index=25; command_v=0.900000; expected_signal=0; point_count=3; point_index=2; raw=1253.937500; scan_order=channel_major; section=YALK; signal=1; ulk_address=25; v7_v=0.822314; yalk_v=0.816569"
"yalk_contact_thresholds";"ubsi.yalk.signal.25.2";"ЯЛК адрес 25: контакт при 2.500000 В";1;"лог.";1;1;"OK";"analog_code=431.187500; channel=25; channel_count=80; channel_index=25; command_v=2.500000; expected_signal=1; point_count=3; point_index=3; raw=1455.187500; scan_order=channel_major; section=YALK; signal=1; ulk_address=25; v7_v=2.391362; yalk_v=2.379798"
"yalk_contact_thresholds";"ubsi.yalk.signal.26.0";"ЯЛК адрес 26: контакт при 0.000000 В";0;"лог.";0;0;"OK";"analog_code=113.312500; channel=26; channel_count=80; channel_index=26; command_v=0.000000; expected_signal=0; point_count=3; point_index=1; raw=113.312500; scan_order=channel_major; section=YALK; signal=0; ulk_address=26; v7_v=-0.087212; yalk_v=-0.089327"
"yalk_contact_thresholds";"ubsi.yalk.signal.26.1";"ЯЛК адрес 26: контакт при 0.900000 В";0;"лог.";0;0;"OK";"analog_code=225.500000; channel=26; channel_count=80; channel_index=26; command_v=0.900000; expected_signal=0; point_count=3; point_index=2; raw=225.500000; scan_order=channel_major; section=YALK; signal=0; ulk_address=26; v7_v=0.789302; yalk_v=0.782100"
"yalk_contact_thresholds";"ubsi.yalk.signal.26.2";"ЯЛК адрес 26: контакт при 2.500000 В";1;"лог.";1;1;"OK";"analog_code=427.625000; channel=26; channel_count=80; channel_index=26; command_v=2.500000; expected_signal=1; point_count=3; point_index=3; raw=1451.625000; scan_order=channel_major; section=YALK; signal=1; ulk_address=26; v7_v=2.365285; yalk_v=2.352126"
"yalk_contact_thresholds";"ubsi.yalk.signal.27.0";"ЯЛК адрес 27: контакт при 0.000000 В";0;"лог.";0;0;"OK";"analog_code=118.687500; channel=27; channel_count=80; channel_index=27; command_v=0.000000; expected_signal=0; point_count=3; point_index=1; raw=118.687500; scan_order=channel_major; section=YALK; signal=0; ulk_address=27; v7_v=-0.044048; yalk_v=-0.047577"
"yalk_contact_thresholds";"ubsi.yalk.signal.27.1";"ЯЛК адрес 27: контакт при 0.900000 В";0;"лог.";0;0;"OK";"analog_code=231.062500; channel=27; channel_count=80; channel_index=27; command_v=0.900000; expected_signal=0; point_count=3; point_index=2; raw=231.062500; scan_order=channel_major; section=YALK; signal=0; ulk_address=27; v7_v=0.829997; yalk_v=0.825307"
"yalk_contact_thresholds";"ubsi.yalk.signal.27.2";"ЯЛК адрес 27: контакт при 2.500000 В";1;"лог.";1;1;"OK";"analog_code=433.187500; channel=27; channel_count=80; channel_index=27; command_v=2.500000; expected_signal=1; point_count=3; point_index=3; raw=1457.187500; scan_order=channel_major; section=YALK; signal=1; ulk_address=27; v7_v=2.399068; yalk_v=2.395333"
"yalk_contact_thresholds";"ubsi.yalk.signal.28.0";"ЯЛК адрес 28: контакт при 0.000000 В";0;"лог.";0;0;"OK";"analog_code=123.375000; channel=28; channel_count=80; channel_index=28; command_v=0.000000; expected_signal=0; point_count=3; point_index=1; raw=123.375000; scan_order=channel_major; section=YALK; signal=0; ulk_address=28; v7_v=-0.008159; yalk_v=-0.011166"
"yalk_contact_thresholds";"ubsi.yalk.signal.28.1";"ЯЛК адрес 28: контакт при 0.900000 В";0;"лог.";0;0;"OK";"analog_code=235.937500; channel=28; channel_count=80; channel_index=28; command_v=0.900000; expected_signal=0; point_count=3; point_index=2; raw=235.937500; scan_order=channel_major; section=YALK; signal=0; ulk_address=28; v7_v=0.867632; yalk_v=0.863174"
"yalk_contact_thresholds";"ubsi.yalk.signal.28.2";"ЯЛК адрес 28: контакт при 2.500000 В";1;"лог.";1;1;"OK";"analog_code=437.812500; channel=28; channel_count=80; channel_index=28; command_v=2.500000; expected_signal=1; point_count=3; point_index=3; raw=1461.812500; scan_order=channel_major; section=YALK; signal=1; ulk_address=28; v7_v=2.434554; yalk_v=2.431258"
"yalk_contact_thresholds";"ubsi.yalk.signal.32.0";"ЯЛК адрес 32: контакт при 0.000000 В";0;"лог.";0;0;"OK";"analog_code=114.312500; channel=29; channel_count=80; channel_index=29; command_v=0.000000; expected_signal=0; point_count=3; point_index=1; raw=114.312500; scan_order=channel_major; section=YALK; signal=0; ulk_address=32; v7_v=-0.080587; yalk_v=-0.081560"
"yalk_contact_thresholds";"ubsi.yalk.signal.32.1";"ЯЛК адрес 32: контакт при 0.900000 В";0;"лог.";0;0;"OK";"analog_code=226.812500; channel=29; channel_count=80; channel_index=29; command_v=0.900000; expected_signal=0; point_count=3; point_index=2; raw=226.812500; scan_order=channel_major; section=YALK; signal=0; ulk_address=32; v7_v=0.797320; yalk_v=0.792295"
"yalk_contact_thresholds";"ubsi.yalk.signal.32.2";"ЯЛК адрес 32: контакт при 2.500000 В";1;"лог.";1;1;"OK";"analog_code=428.000000; channel=29; channel_count=80; channel_index=29; command_v=2.500000; expected_signal=1; point_count=3; point_index=3; raw=1452.000000; scan_order=channel_major; section=YALK; signal=1; ulk_address=32; v7_v=2.367000; yalk_v=2.355039"
"yalk_contact_thresholds";"ubsi.yalk.signal.33.0";"ЯЛК адрес 33: контакт при 0.000000 В";0;"лог.";0;0;"OK";"analog_code=117.500000; channel=30; channel_count=80; channel_index=30; command_v=0.000000; expected_signal=0; point_count=3; point_index=1; raw=117.500000; scan_order=channel_major; section=YALK; signal=0; ulk_address=33; v7_v=-0.055210; yalk_v=-0.056801"
"yalk_contact_thresholds";"ubsi.yalk.signal.33.1";"ЯЛК адрес 33: контакт при 0.900000 В";0;"лог.";0;0;"OK";"analog_code=231.375000; channel=30; channel_count=80; channel_index=30; command_v=0.900000; expected_signal=0; point_count=3; point_index=2; raw=231.375000; scan_order=channel_major; section=YALK; signal=0; ulk_address=33; v7_v=0.829926; yalk_v=0.827735"
"yalk_contact_thresholds";"ubsi.yalk.signal.33.2";"ЯЛК адрес 33: контакт при 2.500000 В";1;"лог.";1;1;"OK";"analog_code=435.000000; channel=30; channel_count=80; channel_index=30; command_v=2.500000; expected_signal=1; point_count=3; point_index=3; raw=1459.000000; scan_order=channel_major; section=YALK; signal=1; ulk_address=33; v7_v=2.416546; yalk_v=2.409412"
"yalk_contact_thresholds";"ubsi.yalk.signal.34.0";"ЯЛК адрес 34: контакт при 0.000000 В";0;"лог.";0;0;"OK";"analog_code=106.687500; channel=31; channel_count=80; channel_index=31; command_v=0.000000; expected_signal=0; point_count=3; point_index=1; raw=106.687500; scan_order=channel_major; section=YALK; signal=0; ulk_address=34; v7_v=-0.135411; yalk_v=-0.140788"
"yalk_contact_thresholds";"ubsi.yalk.signal.34.1";"ЯЛК адрес 34: контакт при 0.900000 В";0;"лог.";0;0;"OK";"analog_code=220.062500; channel=31; channel_count=80; channel_index=31; command_v=0.900000; expected_signal=0; point_count=3; point_index=2; raw=220.062500; scan_order=channel_major; section=YALK; signal=0; ulk_address=34; v7_v=0.745218; yalk_v=0.739864"
"yalk_contact_thresholds";"ubsi.yalk.signal.34.2";"ЯЛК адрес 34: контакт при 2.500000 В";1;"лог.";1;1;"OK";"analog_code=421.625000; channel=31; channel_count=80; channel_index=31; command_v=2.500000; expected_signal=1; point_count=3; point_index=3; raw=1445.625000; scan_order=channel_major; section=YALK; signal=1; ulk_address=34; v7_v=2.310544; yalk_v=2.305520"
"yalk_contact_thresholds";"ubsi.yalk.signal.35.0";"ЯЛК адрес 35: контакт при 0.000000 В";0;"лог.";0;0;"OK";"analog_code=117.312500; channel=32; channel_count=80; channel_index=32; command_v=0.000000; expected_signal=0; point_count=3; point_index=1; raw=117.312500; scan_order=channel_major; section=YALK; signal=0; ulk_address=35; v7_v=-0.059595; yalk_v=-0.058257"
"yalk_contact_thresholds";"ubsi.yalk.signal.35.1";"ЯЛК адрес 35: контакт при 0.900000 В";0;"лог.";0;0;"OK";"analog_code=228.187500; channel=32; channel_count=80; channel_index=32; command_v=0.900000; expected_signal=0; point_count=3; point_index=2; raw=228.187500; scan_order=channel_major; section=YALK; signal=0; ulk_address=35; v7_v=0.811552; yalk_v=0.802975"
"yalk_contact_thresholds";"ubsi.yalk.signal.35.2";"ЯЛК адрес 35: контакт при 2.500000 В";1;"лог.";1;1;"OK";"analog_code=428.187500; channel=32; channel_count=80; channel_index=32; command_v=2.500000; expected_signal=1; point_count=3; point_index=3; raw=1452.187500; scan_order=channel_major; section=YALK; signal=1; ulk_address=35; v7_v=2.370256; yalk_v=2.356495"
"yalk_contact_thresholds";"ubsi.yalk.signal.36.0";"ЯЛК адрес 36: контакт при 0.000000 В";0;"лог.";0;0;"OK";"analog_code=105.187500; channel=33; channel_count=80; channel_index=33; command_v=0.000000; expected_signal=0; point_count=3; point_index=1; raw=105.187500; scan_order=channel_major; section=YALK; signal=0; ulk_address=36; v7_v=-0.145133; yalk_v=-0.152439"
"yalk_contact_thresholds";"ubsi.yalk.signal.36.1";"ЯЛК адрес 36: контакт при 0.900000 В";0;"лог.";0;0;"OK";"analog_code=218.375000; channel=33; channel_count=80; channel_index=33; command_v=0.900000; expected_signal=0; point_count=3; point_index=2; raw=218.375000; scan_order=channel_major; section=YALK; signal=0; ulk_address=36; v7_v=0.730433; yalk_v=0.726756"
"yalk_contact_thresholds";"ubsi.yalk.signal.36.2";"ЯЛК адрес 36: контакт при 2.500000 В";1;"лог.";1;1;"OK";"analog_code=418.812500; channel=33; channel_count=80; channel_index=33; command_v=2.500000; expected_signal=1; point_count=3; point_index=3; raw=1442.812500; scan_order=channel_major; section=YALK; signal=1; ulk_address=36; v7_v=2.296568; yalk_v=2.283674"
"yalk_contact_thresholds";"ubsi.yalk.signal.37.0";"ЯЛК адрес 37: контакт при 0.000000 В";0;"лог.";0;0;"OK";"analog_code=121.062500; channel=34; channel_count=80; channel_index=34; command_v=0.000000; expected_signal=0; point_count=3; point_index=1; raw=121.062500; scan_order=channel_major; section=YALK; signal=0; ulk_address=37; v7_v=-0.023491; yalk_v=-0.029128"
"yalk_contact_thresholds";"ubsi.yalk.signal.37.1";"ЯЛК адрес 37: контакт при 0.900000 В";0;"лог.";0;0;"OK";"analog_code=233.812500; channel=34; channel_count=80; channel_index=34; command_v=0.900000; expected_signal=0; point_count=3; point_index=2; raw=233.812500; scan_order=channel_major; section=YALK; signal=0; ulk_address=37; v7_v=0.854404; yalk_v=0.846668"
"yalk_contact_thresholds";"ubsi.yalk.signal.37.2";"ЯЛК адрес 37: контакт при 2.500000 В";1;"лог.";1;1;"OK";"analog_code=435.125000; channel=34; channel_count=80; channel_index=34; command_v=2.500000; expected_signal=1; point_count=3; point_index=3; raw=1459.125000; scan_order=channel_major; section=YALK; signal=1; ulk_address=37; v7_v=2.422947; yalk_v=2.410383"
"yalk_contact_thresholds";"ubsi.yalk.signal.38.0";"ЯЛК адрес 38: контакт при 0.000000 В";0;"лог.";0;0;"OK";"analog_code=117.125000; channel=35; channel_count=80; channel_index=35; command_v=0.000000; expected_signal=0; point_count=3; point_index=1; raw=117.125000; scan_order=channel_major; section=YALK; signal=0; ulk_address=38; v7_v=-0.059578; yalk_v=-0.059713"
"yalk_contact_thresholds";"ubsi.yalk.signal.38.1";"ЯЛК адрес 38: контакт при 0.900000 В";0;"лог.";0;0;"OK";"analog_code=229.937500; channel=35; channel_count=80; channel_index=35; command_v=0.900000; expected_signal=0; point_count=3; point_index=2; raw=229.937500; scan_order=channel_major; section=YALK; signal=0; ulk_address=38; v7_v=0.824478; yalk_v=0.816569"
"yalk_contact_thresholds";"ubsi.yalk.signal.38.2";"ЯЛК адрес 38: контакт при 2.500000 В";1;"лог.";1;1;"OK";"analog_code=432.125000; channel=35; channel_count=80; channel_index=35; command_v=2.500000; expected_signal=1; point_count=3; point_index=3; raw=1456.125000; scan_order=channel_major; section=YALK; signal=1; ulk_address=38; v7_v=2.396460; yalk_v=2.387080"
"yalk_contact_thresholds";"ubsi.yalk.signal.39.0";"ЯЛК адрес 39: контакт при 0.000000 В";0;"лог.";0;0;"OK";"analog_code=119.500000; channel=36; channel_count=80; channel_index=36; command_v=0.000000; expected_signal=0; point_count=3; point_index=1; raw=119.500000; scan_order=channel_major; section=YALK; signal=0; ulk_address=39; v7_v=-0.041968; yalk_v=-0.041265"
"yalk_contact_thresholds";"ubsi.yalk.signal.39.1";"ЯЛК адрес 39: контакт при 0.900000 В";0;"лог.";0;0;"OK";"analog_code=232.000000; channel=36; channel_count=80; channel_index=36; command_v=0.900000; expected_signal=0; point_count=3; point_index=2; raw=232.000000; scan_order=channel_major; section=YALK; signal=0; ulk_address=39; v7_v=0.838321; yalk_v=0.832589"
"yalk_contact_thresholds";"ubsi.yalk.signal.39.2";"ЯЛК адрес 39: контакт при 2.500000 В";1;"лог.";1;1;"OK";"analog_code=433.750000; channel=36; channel_count=80; channel_index=36; command_v=2.500000; expected_signal=1; point_count=3; point_index=3; raw=1457.750000; scan_order=channel_major; section=YALK; signal=1; ulk_address=39; v7_v=2.403870; yalk_v=2.399702"
"yalk_contact_thresholds";"ubsi.yalk.signal.40.0";"ЯЛК адрес 40: контакт при 0.000000 В";0;"лог.";0;0;"OK";"analog_code=119.812500; channel=37; channel_count=80; channel_index=37; command_v=0.000000; expected_signal=0; point_count=3; point_index=1; raw=119.812500; scan_order=channel_major; section=YALK; signal=0; ulk_address=40; v7_v=-0.035355; yalk_v=-0.038838"
"yalk_contact_thresholds";"ubsi.yalk.signal.40.1";"ЯЛК адрес 40: контакт при 0.900000 В";0;"лог.";0;0;"OK";"analog_code=231.937500; channel=37; channel_count=80; channel_index=37; command_v=0.900000; expected_signal=0; point_count=3; point_index=2; raw=231.937500; scan_order=channel_major; section=YALK; signal=0; ulk_address=40; v7_v=0.843201; yalk_v=0.832104"
"yalk_contact_thresholds";"ubsi.yalk.signal.40.2";"ЯЛК адрес 40: контакт при 2.500000 В";1;"лог.";1;1;"OK";"analog_code=433.812500; channel=37; channel_count=80; channel_index=37; command_v=2.500000; expected_signal=1; point_count=3; point_index=3; raw=1457.812500; scan_order=channel_major; section=YALK; signal=1; ulk_address=40; v7_v=2.410667; yalk_v=2.400188"
"yalk_contact_thresholds";"ubsi.yalk.signal.41.0";"ЯЛК адрес 41: контакт при 0.000000 В";0;"лог.";0;0;"OK";"analog_code=110.312500; channel=38; channel_count=80; channel_index=38; command_v=0.000000; expected_signal=0; point_count=3; point_index=1; raw=110.312500; scan_order=channel_major; section=YALK; signal=0; ulk_address=41; v7_v=-0.110752; yalk_v=-0.112630"
"yalk_contact_thresholds";"ubsi.yalk.signal.41.1";"ЯЛК адрес 41: контакт при 0.900000 В";0;"лог.";0;0;"OK";"analog_code=224.125000; channel=38; channel_count=80; channel_index=38; command_v=0.900000; expected_signal=0; point_count=3; point_index=2; raw=224.125000; scan_order=channel_major; section=YALK; signal=0; ulk_address=41; v7_v=0.775634; yalk_v=0.771420"
"yalk_contact_thresholds";"ubsi.yalk.signal.41.2";"ЯЛК адрес 41: контакт при 2.500000 В";1;"лог.";1;1;"OK";"analog_code=426.312500; channel=38; channel_count=80; channel_index=38; command_v=2.500000; expected_signal=1; point_count=3; point_index=3; raw=1450.312500; scan_order=channel_major; section=YALK; signal=1; ulk_address=41; v7_v=2.346906; yalk_v=2.341931"
"yalk_contact_thresholds";"ubsi.yalk.signal.42.0";"ЯЛК адрес 42: контакт при 0.000000 В";0;"лог.";0;0;"OK";"analog_code=112.312500; channel=39; channel_count=80; channel_index=39; command_v=0.000000; expected_signal=0; point_count=3; point_index=1; raw=112.312500; scan_order=channel_major; section=YALK; signal=0; ulk_address=42; v7_v=-0.097048; yalk_v=-0.097095"
"yalk_contact_thresholds";"ubsi.yalk.signal.42.1";"ЯЛК адрес 42: контакт при 0.900000 В";0;"лог.";0;0;"OK";"analog_code=224.000000; channel=39; channel_count=80; channel_index=39; command_v=0.900000; expected_signal=0; point_count=3; point_index=2; raw=224.000000; scan_order=channel_major; section=YALK; signal=0; ulk_address=42; v7_v=0.778053; yalk_v=0.770449"
"yalk_contact_thresholds";"ubsi.yalk.signal.42.2";"ЯЛК адрес 42: контакт при 2.500000 В";1;"лог.";1;1;"OK";"analog_code=426.625000; channel=39; channel_count=80; channel_index=39; command_v=2.500000; expected_signal=1; point_count=3; point_index=3; raw=1450.625000; scan_order=channel_major; section=YALK; signal=1; ulk_address=42; v7_v=2.349079; yalk_v=2.344358"
"yalk_contact_thresholds";"ubsi.yalk.signal.43.0";"ЯЛК адрес 43: контакт при 0.000000 В";0;"лог.";0;0;"OK";"analog_code=114.562500; channel=40; channel_count=80; channel_index=40; command_v=0.000000; expected_signal=0; point_count=3; point_index=1; raw=114.562500; scan_order=channel_major; section=YALK; signal=0; ulk_address=43; v7_v=-0.072489; yalk_v=-0.079618"
"yalk_contact_thresholds";"ubsi.yalk.signal.43.1";"ЯЛК адрес 43: контакт при 0.900000 В";0;"лог.";0;0;"OK";"analog_code=227.812500; channel=40; channel_count=80; channel_index=40; command_v=0.900000; expected_signal=0; point_count=3; point_index=2; raw=227.812500; scan_order=channel_major; section=YALK; signal=0; ulk_address=43; v7_v=0.805494; yalk_v=0.800063"
"yalk_contact_thresholds";"ubsi.yalk.signal.43.2";"ЯЛК адрес 43: контакт при 2.500000 В";1;"лог.";1;1;"OK";"analog_code=428.562500; channel=40; channel_count=80; channel_index=40; command_v=2.500000; expected_signal=1; point_count=3; point_index=3; raw=1452.562500; scan_order=channel_major; section=YALK; signal=1; ulk_address=43; v7_v=2.367689; yalk_v=2.359408"
"yalk_contact_thresholds";"ubsi.yalk.signal.45.0";"ЯЛК адрес 45: контакт при 0.000000 В";0;"лог.";0;0;"OK";"analog_code=117.562500; channel=41; channel_count=80; channel_index=41; command_v=0.000000; expected_signal=0; point_count=3; point_index=1; raw=117.562500; scan_order=channel_major; section=YALK; signal=0; ulk_address=45; v7_v=-0.055734; yalk_v=-0.056315"
"yalk_contact_thresholds";"ubsi.yalk.signal.45.1";"ЯЛК адрес 45: контакт при 0.900000 В";0;"лог.";0;0;"OK";"analog_code=230.812500; channel=41; channel_count=80; channel_index=41; command_v=0.900000; expected_signal=0; point_count=3; point_index=2; raw=230.812500; scan_order=channel_major; section=YALK; signal=0; ulk_address=45; v7_v=0.827584; yalk_v=0.823365"
"yalk_contact_thresholds";"ubsi.yalk.signal.45.2";"ЯЛК адрес 45: контакт при 2.500000 В";1;"лог.";1;1;"OK";"analog_code=432.687500; channel=41; channel_count=80; channel_index=41; command_v=2.500000; expected_signal=1; point_count=3; point_index=3; raw=1456.687500; scan_order=channel_major; section=YALK; signal=1; ulk_address=45; v7_v=2.402081; yalk_v=2.391449"
"yalk_contact_thresholds";"ubsi.yalk.signal.46.0";"ЯЛК адрес 46: контакт при 0.000000 В";0;"лог.";0;0;"OK";"analog_code=119.562500; channel=42; channel_count=80; channel_index=42; command_v=0.000000; expected_signal=0; point_count=3; point_index=1; raw=119.562500; scan_order=channel_major; section=YALK; signal=0; ulk_address=46; v7_v=-0.038632; yalk_v=-0.040780"
"yalk_contact_thresholds";"ubsi.yalk.signal.46.1";"ЯЛК адрес 46: контакт при 0.900000 В";0;"лог.";0;0;"OK";"analog_code=231.375000; channel=42; channel_count=80; channel_index=42; command_v=0.900000; expected_signal=0; point_count=3; point_index=2; raw=231.375000; scan_order=channel_major; section=YALK; signal=0; ulk_address=46; v7_v=0.831245; yalk_v=0.827735"
"yalk_contact_thresholds";"ubsi.yalk.signal.46.2";"ЯЛК адрес 46: контакт при 2.500000 В";1;"лог.";1;1;"OK";"analog_code=433.062500; channel=42; channel_count=80; channel_index=42; command_v=2.500000; expected_signal=1; point_count=3; point_index=3; raw=1457.062500; scan_order=channel_major; section=YALK; signal=1; ulk_address=46; v7_v=2.399377; yalk_v=2.394362"
"yalk_contact_thresholds";"ubsi.yalk.signal.47.0";"ЯЛК адрес 47: контакт при 0.000000 В";0;"лог.";0;0;"OK";"analog_code=103.812500; channel=43; channel_count=80; channel_index=43; command_v=0.000000; expected_signal=0; point_count=3; point_index=1; raw=103.812500; scan_order=channel_major; section=YALK; signal=0; ulk_address=47; v7_v=-0.164234; yalk_v=-0.163120"
"yalk_contact_thresholds";"ubsi.yalk.signal.47.1";"ЯЛК адрес 47: контакт при 0.900000 В";0;"лог.";0;0;"OK";"analog_code=216.125000; channel=43; channel_count=80; channel_index=43; command_v=0.900000; expected_signal=0; point_count=3; point_index=2; raw=216.125000; scan_order=channel_major; section=YALK; signal=0; ulk_address=47; v7_v=0.717081; yalk_v=0.709279"
"yalk_contact_thresholds";"ubsi.yalk.signal.47.2";"ЯЛК адрес 47: контакт при 2.500000 В";1;"лог.";1;1;"OK";"analog_code=418.687500; channel=43; channel_count=80; channel_index=43; command_v=2.500000; expected_signal=1; point_count=3; point_index=3; raw=1442.687500; scan_order=channel_major; section=YALK; signal=1; ulk_address=47; v7_v=2.291039; yalk_v=2.282703"
"yalk_contact_thresholds";"ubsi.yalk.signal.48.0";"ЯЛК адрес 48: контакт при 0.000000 В";0;"лог.";0;0;"OK";"analog_code=111.875000; channel=44; channel_count=80; channel_index=44; command_v=0.000000; expected_signal=0; point_count=3; point_index=1; raw=111.875000; scan_order=channel_major; section=YALK; signal=0; ulk_address=48; v7_v=-0.096049; yalk_v=-0.100493"
"yalk_contact_thresholds";"ubsi.yalk.signal.48.1";"ЯЛК адрес 48: контакт при 0.900000 В";0;"лог.";0;0;"OK";"analog_code=225.000000; channel=44; channel_count=80; channel_index=44; command_v=0.900000; expected_signal=0; point_count=3; point_index=2; raw=225.000000; scan_order=channel_major; section=YALK; signal=0; ulk_address=48; v7_v=0.784682; yalk_v=0.778216"
"yalk_contact_thresholds";"ubsi.yalk.signal.48.2";"ЯЛК адрес 48: контакт при 2.500000 В";1;"лог.";1;1;"OK";"analog_code=425.875000; channel=44; channel_count=80; channel_index=44; command_v=2.500000; expected_signal=1; point_count=3; point_index=3; raw=1449.875000; scan_order=channel_major; section=YALK; signal=1; ulk_address=48; v7_v=2.350458; yalk_v=2.338533"
"yalk_contact_thresholds";"ubsi.yalk.signal.49.0";"ЯЛК адрес 49: контакт при 0.000000 В";0;"лог.";0;0;"OK";"analog_code=113.937500; channel=45; channel_count=80; channel_index=45; command_v=0.000000; expected_signal=0; point_count=3; point_index=1; raw=113.937500; scan_order=channel_major; section=YALK; signal=0; ulk_address=49; v7_v=-0.081933; yalk_v=-0.084473"
"yalk_contact_thresholds";"ubsi.yalk.signal.49.1";"ЯЛК адрес 49: контакт при 0.900000 В";0;"лог.";0;0;"OK";"analog_code=226.750000; channel=45; channel_count=80; channel_index=45; command_v=0.900000; expected_signal=0; point_count=3; point_index=2; raw=226.750000; scan_order=channel_major; section=YALK; signal=0; ulk_address=49; v7_v=0.796250; yalk_v=0.791810"
"yalk_contact_thresholds";"ubsi.yalk.signal.49.2";"ЯЛК адрес 49: контакт при 2.500000 В";1;"лог.";1;1;"OK";"analog_code=428.562500; channel=45; channel_count=80; channel_index=45; command_v=2.500000; expected_signal=1; point_count=3; point_index=3; raw=1452.562500; scan_order=channel_major; section=YALK; signal=1; ulk_address=49; v7_v=2.367484; yalk_v=2.359408"
"yalk_contact_thresholds";"ubsi.yalk.signal.50.0";"ЯЛК адрес 50: контакт при 0.000000 В";0;"лог.";0;0;"OK";"analog_code=120.062500; channel=46; channel_count=80; channel_index=46; command_v=0.000000; expected_signal=0; point_count=3; point_index=1; raw=120.062500; scan_order=channel_major; section=YALK; signal=0; ulk_address=50; v7_v=-0.031881; yalk_v=-0.036896"
"yalk_contact_thresholds";"ubsi.yalk.signal.50.1";"ЯЛК адрес 50: контакт при 0.900000 В";1;"лог.";0;0;"FAIL";"analog_code=232.750000; channel=46; channel_count=80; channel_index=46; command_v=0.900000; expected_signal=0; point_count=3; point_index=2; raw=1256.750000; scan_order=channel_major; section=YALK; signal=1; ulk_address=50; v7_v=0.836896; yalk_v=0.838415"
"yalk_contact_thresholds";"ubsi.yalk.signal.50.2";"ЯЛК адрес 50: контакт при 2.500000 В";1;"лог.";1;1;"OK";"analog_code=432.750000; channel=46; channel_count=80; channel_index=46; command_v=2.500000; expected_signal=1; point_count=3; point_index=3; raw=1456.750000; scan_order=channel_major; section=YALK; signal=1; ulk_address=50; v7_v=2.389921; yalk_v=2.391935"
"yalk_contact_thresholds";"ubsi.yalk.signal.51.0";"ЯЛК адрес 51: контакт при 0.000000 В";0;"лог.";0;0;"OK";"analog_code=113.125000; channel=47; channel_count=80; channel_index=47; command_v=0.000000; expected_signal=0; point_count=3; point_index=1; raw=113.125000; scan_order=channel_major; section=YALK; signal=0; ulk_address=51; v7_v=-0.087226; yalk_v=-0.090784"
"yalk_contact_thresholds";"ubsi.yalk.signal.51.1";"ЯЛК адрес 51: контакт при 0.900000 В";0;"лог.";0;0;"OK";"analog_code=227.250000; channel=47; channel_count=80; channel_index=47; command_v=0.900000; expected_signal=0; point_count=3; point_index=2; raw=227.250000; scan_order=channel_major; section=YALK; signal=0; ulk_address=51; v7_v=0.803619; yalk_v=0.795693"
"yalk_contact_thresholds";"ubsi.yalk.signal.51.2";"ЯЛК адрес 51: контакт при 2.500000 В";1;"лог.";1;1;"OK";"analog_code=430.000000; channel=47; channel_count=80; channel_index=47; command_v=2.500000; expected_signal=1; point_count=3; point_index=3; raw=1454.000000; scan_order=channel_major; section=YALK; signal=1; ulk_address=51; v7_v=2.378082; yalk_v=2.370574"
"yalk_contact_thresholds";"ubsi.yalk.signal.52.0";"ЯЛК адрес 52: контакт при 0.000000 В";0;"лог.";0;0;"OK";"analog_code=116.312500; channel=48; channel_count=80; channel_index=48; command_v=0.000000; expected_signal=0; point_count=3; point_index=1; raw=116.312500; scan_order=channel_major; section=YALK; signal=0; ulk_address=52; v7_v=-0.072248; yalk_v=-0.066025"
"yalk_contact_thresholds";"ubsi.yalk.signal.52.1";"ЯЛК адрес 52: контакт при 0.900000 В";1;"лог.";0;0;"FAIL";"analog_code=227.625000; channel=48; channel_count=80; channel_index=48; command_v=0.900000; expected_signal=0; point_count=3; point_index=2; raw=1251.625000; scan_order=channel_major; section=YALK; signal=1; ulk_address=52; v7_v=0.802748; yalk_v=0.798606"
"yalk_contact_thresholds";"ubsi.yalk.signal.52.2";"ЯЛК адрес 52: контакт при 2.500000 В";1;"лог.";1;1;"OK";"analog_code=430.125000; channel=48; channel_count=80; channel_index=48; command_v=2.500000; expected_signal=1; point_count=3; point_index=3; raw=1454.125000; scan_order=channel_major; section=YALK; signal=1; ulk_address=52; v7_v=2.369268; yalk_v=2.371545"
"yalk_contact_thresholds";"ubsi.yalk.signal.53.0";"ЯЛК адрес 53: контакт при 0.000000 В";0;"лог.";0;0;"OK";"analog_code=115.687500; channel=49; channel_count=80; channel_index=49; command_v=0.000000; expected_signal=0; point_count=3; point_index=1; raw=115.687500; scan_order=channel_major; section=YALK; signal=0; ulk_address=53; v7_v=-0.068254; yalk_v=-0.070879"
"yalk_contact_thresholds";"ubsi.yalk.signal.53.1";"ЯЛК адрес 53: контакт при 0.900000 В";0;"лог.";0;0;"OK";"analog_code=228.875000; channel=49; channel_count=80; channel_index=49; command_v=0.900000; expected_signal=0; point_count=3; point_index=2; raw=228.875000; scan_order=channel_major; section=YALK; signal=0; ulk_address=53; v7_v=0.810278; yalk_v=0.808316"
"yalk_contact_thresholds";"ubsi.yalk.signal.53.2";"ЯЛК адрес 53: контакт при 2.500000 В";1;"лог.";1;1;"OK";"analog_code=432.187500; channel=49; channel_count=80; channel_index=49; command_v=2.500000; expected_signal=1; point_count=3; point_index=3; raw=1456.187500; scan_order=channel_major; section=YALK; signal=1; ulk_address=53; v7_v=2.389360; yalk_v=2.387566"
"yalk_contact_thresholds";"ubsi.yalk.signal.54.0";"ЯЛК адрес 54: контакт при 0.000000 В";0;"лог.";0;0;"OK";"analog_code=116.437500; channel=50; channel_count=80; channel_index=50; command_v=0.000000; expected_signal=0; point_count=3; point_index=1; raw=116.437500; scan_order=channel_major; section=YALK; signal=0; ulk_address=54; v7_v=-0.055440; yalk_v=-0.065054"
"yalk_contact_thresholds";"ubsi.yalk.signal.54.1";"ЯЛК адрес 54: контакт при 0.900000 В";1;"лог.";0;0;"FAIL";"analog_code=229.062500; channel=50; channel_count=80; channel_index=50; command_v=0.900000; expected_signal=0; point_count=3; point_index=2; raw=1253.062500; scan_order=channel_major; section=YALK; signal=1; ulk_address=54; v7_v=0.815094; yalk_v=0.809772"
"yalk_contact_thresholds";"ubsi.yalk.signal.54.2";"ЯЛК адрес 54: контакт при 2.500000 В";1;"лог.";1;1;"OK";"analog_code=428.687500; channel=50; channel_count=80; channel_index=50; command_v=2.500000; expected_signal=1; point_count=3; point_index=3; raw=1452.687500; scan_order=channel_major; section=YALK; signal=1; ulk_address=54; v7_v=2.365969; yalk_v=2.360379"
"yalk_contact_thresholds";"ubsi.yalk.signal.55.0";"ЯЛК адрес 55: контакт при 0.000000 В";0;"лог.";0;0;"OK";"analog_code=130.875000; channel=51; channel_count=80; channel_index=51; command_v=0.000000; expected_signal=0; point_count=3; point_index=1; raw=130.875000; scan_order=channel_major; section=YALK; signal=0; ulk_address=55; v7_v=0.049359; yalk_v=0.047091"
"yalk_contact_thresholds";"ubsi.yalk.signal.55.1";"ЯЛК адрес 55: контакт при 0.900000 В";0;"лог.";0;0;"OK";"analog_code=244.000000; channel=51; channel_count=80; channel_index=51; command_v=0.900000; expected_signal=0; point_count=3; point_index=2; raw=244.000000; scan_order=channel_major; section=YALK; signal=0; ulk_address=55; v7_v=0.933961; yalk_v=0.925801"
"yalk_contact_thresholds";"ubsi.yalk.signal.55.2";"ЯЛК адрес 55: контакт при 2.500000 В";1;"лог.";1;1;"OK";"analog_code=446.062500; channel=51; channel_count=80; channel_index=51; command_v=2.500000; expected_signal=1; point_count=3; point_index=3; raw=1470.062500; scan_order=channel_major; section=YALK; signal=1; ulk_address=55; v7_v=2.505655; yalk_v=2.495341"
"yalk_contact_thresholds";"ubsi.yalk.signal.56.0";"ЯЛК адрес 56: контакт при 0.000000 В";0;"лог.";0;0;"OK";"analog_code=117.125000; channel=52; channel_count=80; channel_index=52; command_v=0.000000; expected_signal=0; point_count=3; point_index=1; raw=117.125000; scan_order=channel_major; section=YALK; signal=0; ulk_address=56; v7_v=-0.055117; yalk_v=-0.059713"
"yalk_contact_thresholds";"ubsi.yalk.signal.56.1";"ЯЛК адрес 56: контакт при 0.900000 В";1;"лог.";0;0;"FAIL";"analog_code=230.187500; channel=52; channel_count=80; channel_index=52; command_v=0.900000; expected_signal=0; point_count=3; point_index=2; raw=1254.187500; scan_order=channel_major; section=YALK; signal=1; ulk_address=56; v7_v=0.820214; yalk_v=0.818511"
"yalk_contact_thresholds";"ubsi.yalk.signal.56.2";"ЯЛК адрес 56: контакт при 2.500000 В";1;"лог.";1;1;"OK";"analog_code=428.500000; channel=52; channel_count=80; channel_index=52; command_v=2.500000; expected_signal=1; point_count=3; point_index=3; raw=1452.500000; scan_order=channel_major; section=YALK; signal=1; ulk_address=56; v7_v=2.383960; yalk_v=2.358923"
"yalk_contact_thresholds";"ubsi.yalk.signal.57.0";"ЯЛК адрес 57: контакт при 0.000000 В";0;"лог.";0;0;"OK";"analog_code=119.812500; channel=53; channel_count=80; channel_index=53; command_v=0.000000; expected_signal=0; point_count=3; point_index=1; raw=119.812500; scan_order=channel_major; section=YALK; signal=0; ulk_address=57; v7_v=-0.040295; yalk_v=-0.038838"
"yalk_contact_thresholds";"ubsi.yalk.signal.57.1";"ЯЛК адрес 57: контакт при 0.900000 В";0;"лог.";0;0;"OK";"analog_code=231.250000; channel=53; channel_count=80; channel_index=53; command_v=0.900000; expected_signal=0; point_count=3; point_index=2; raw=231.250000; scan_order=channel_major; section=YALK; signal=0; ulk_address=57; v7_v=0.837391; yalk_v=0.826764"
"yalk_contact_thresholds";"ubsi.yalk.signal.57.2";"ЯЛК адрес 57: контакт при 2.500000 В";1;"лог.";1;1;"OK";"analog_code=434.062500; channel=53; channel_count=80; channel_index=53; command_v=2.500000; expected_signal=1; point_count=3; point_index=3; raw=1458.062500; scan_order=channel_major; section=YALK; signal=1; ulk_address=57; v7_v=2.408428; yalk_v=2.402130"
"yalk_contact_thresholds";"ubsi.yalk.signal.58.0";"ЯЛК адрес 58: контакт при 0.000000 В";0;"лог.";0;0;"OK";"analog_code=113.562500; channel=54; channel_count=80; channel_index=54; command_v=0.000000; expected_signal=0; point_count=3; point_index=1; raw=113.562500; scan_order=channel_major; section=YALK; signal=0; ulk_address=58; v7_v=-0.096868; yalk_v=-0.087385"
"yalk_contact_thresholds";"ubsi.yalk.signal.58.1";"ЯЛК адрес 58: контакт при 0.900000 В";1;"лог.";0;0;"FAIL";"analog_code=221.125000; channel=54; channel_count=80; channel_index=54; command_v=0.900000; expected_signal=0; point_count=3; point_index=2; raw=1245.125000; scan_order=channel_major; section=YALK; signal=1; ulk_address=58; v7_v=0.778875; yalk_v=0.748117"
"yalk_contact_thresholds";"ubsi.yalk.signal.58.2";"ЯЛК адрес 58: контакт при 2.500000 В";1;"лог.";1;1;"OK";"analog_code=428.937500; channel=54; channel_count=80; channel_index=54; command_v=2.500000; expected_signal=1; point_count=3; point_index=3; raw=1452.937500; scan_order=channel_major; section=YALK; signal=1; ulk_address=58; v7_v=2.355968; yalk_v=2.362321"
"yalk_contact_thresholds";"ubsi.yalk.signal.59.0";"ЯЛК адрес 59: контакт при 0.000000 В";0;"лог.";0;0;"OK";"analog_code=117.875000; channel=55; channel_count=80; channel_index=55; command_v=0.000000; expected_signal=0; point_count=3; point_index=1; raw=117.875000; scan_order=channel_major; section=YALK; signal=0; ulk_address=59; v7_v=-0.047590; yalk_v=-0.053888"
"yalk_contact_thresholds";"ubsi.yalk.signal.59.1";"ЯЛК адрес 59: контакт при 0.900000 В";0;"лог.";0;0;"OK";"analog_code=231.375000; channel=55; channel_count=80; channel_index=55; command_v=0.900000; expected_signal=0; point_count=3; point_index=2; raw=231.375000; scan_order=channel_major; section=YALK; signal=0; ulk_address=59; v7_v=0.832430; yalk_v=0.827735"
"yalk_contact_thresholds";"ubsi.yalk.signal.59.2";"ЯЛК адрес 59: контакт при 2.500000 В";1;"лог.";1;1;"OK";"analog_code=432.250000; channel=55; channel_count=80; channel_index=55; command_v=2.500000; expected_signal=1; point_count=3; point_index=3; raw=1456.250000; scan_order=channel_major; section=YALK; signal=1; ulk_address=59; v7_v=2.393517; yalk_v=2.388051"
"yalk_contact_thresholds";"ubsi.yalk.signal.60.0";"ЯЛК адрес 60: контакт при 0.000000 В";0;"лог.";0;0;"OK";"analog_code=120.375000; channel=56; channel_count=80; channel_index=56; command_v=0.000000; expected_signal=0; point_count=3; point_index=1; raw=120.375000; scan_order=channel_major; section=YALK; signal=0; ulk_address=60; v7_v=-0.040606; yalk_v=-0.034469"
"yalk_contact_thresholds";"ubsi.yalk.signal.60.1";"ЯЛК адрес 60: контакт при 0.900000 В";1;"лог.";0;0;"FAIL";"analog_code=230.812500; channel=56; channel_count=80; channel_index=56; command_v=0.900000; expected_signal=0; point_count=3; point_index=2; raw=1254.812500; scan_order=channel_major; section=YALK; signal=1; ulk_address=60; v7_v=0.835050; yalk_v=0.823365"
"yalk_contact_thresholds";"ubsi.yalk.signal.60.2";"ЯЛК адрес 60: контакт при 2.500000 В";1;"лог.";1;1;"OK";"analog_code=431.437500; channel=56; channel_count=80; channel_index=56; command_v=2.500000; expected_signal=1; point_count=3; point_index=3; raw=1455.437500; scan_order=channel_major; section=YALK; signal=1; ulk_address=60; v7_v=2.393437; yalk_v=2.381740"
"yalk_contact_thresholds";"ubsi.yalk.signal.61.0";"ЯЛК адрес 61: контакт при 0.000000 В";0;"лог.";0;0;"OK";"analog_code=123.625000; channel=57; channel_count=80; channel_index=57; command_v=0.000000; expected_signal=0; point_count=3; point_index=1; raw=123.625000; scan_order=channel_major; section=YALK; signal=0; ulk_address=61; v7_v=-0.022186; yalk_v=-0.009224"
"yalk_contact_thresholds";"ubsi.yalk.signal.61.1";"ЯЛК адрес 61: контакт при 0.900000 В";1;"лог.";0;0;"FAIL";"analog_code=233.000000; channel=57; channel_count=80; channel_index=57; command_v=0.900000; expected_signal=0; point_count=3; point_index=2; raw=1257.000000; scan_order=channel_major; section=YALK; signal=1; ulk_address=61; v7_v=0.852195; yalk_v=0.840357"
"yalk_contact_thresholds";"ubsi.yalk.signal.61.2";"ЯЛК адрес 61: контакт при 2.500000 В";1;"лог.";1;1;"OK";"analog_code=433.875000; channel=57; channel_count=80; channel_index=57; command_v=2.500000; expected_signal=1; point_count=3; point_index=3; raw=1457.875000; scan_order=channel_major; section=YALK; signal=1; ulk_address=61; v7_v=2.418093; yalk_v=2.400673"
"yalk_contact_thresholds";"ubsi.yalk.signal.62.0";"ЯЛК адрес 62: контакт при 0.000000 В";0;"лог.";0;0;"OK";"analog_code=115.937500; channel=58; channel_count=80; channel_index=58; command_v=0.000000; expected_signal=0; point_count=3; point_index=1; raw=115.937500; scan_order=channel_major; section=YALK; signal=0; ulk_address=62; v7_v=-0.061158; yalk_v=-0.068937"
"yalk_contact_thresholds";"ubsi.yalk.signal.62.1";"ЯЛК адрес 62: контакт при 0.900000 В";0;"лог.";0;0;"OK";"analog_code=229.250000; channel=58; channel_count=80; channel_index=58; command_v=0.900000; expected_signal=0; point_count=3; point_index=2; raw=229.250000; scan_order=channel_major; section=YALK; signal=0; ulk_address=62; v7_v=0.819478; yalk_v=0.811229"
"yalk_contact_thresholds";"ubsi.yalk.signal.62.2";"ЯЛК адрес 62: контакт при 2.500000 В";1;"лог.";1;1;"OK";"analog_code=431.875000; channel=58; channel_count=80; channel_index=58; command_v=2.500000; expected_signal=1; point_count=3; point_index=3; raw=1455.875000; scan_order=channel_major; section=YALK; signal=1; ulk_address=62; v7_v=2.394072; yalk_v=2.385138"
"yalk_contact_thresholds";"ubsi.yalk.signal.63.0";"ЯЛК адрес 63: контакт при 0.000000 В";0;"лог.";0;0;"OK";"analog_code=129.687500; channel=59; channel_count=80; channel_index=59; command_v=0.000000; expected_signal=0; point_count=3; point_index=1; raw=129.687500; scan_order=channel_major; section=YALK; signal=0; ulk_address=63; v7_v=0.041939; yalk_v=0.037867"
"yalk_contact_thresholds";"ubsi.yalk.signal.63.1";"ЯЛК адрес 63: контакт при 0.900000 В";0;"лог.";0;0;"OK";"analog_code=241.750000; channel=59; channel_count=80; channel_index=59; command_v=0.900000; expected_signal=0; point_count=3; point_index=2; raw=241.750000; scan_order=channel_major; section=YALK; signal=0; ulk_address=63; v7_v=0.913883; yalk_v=0.908324"
"yalk_contact_thresholds";"ubsi.yalk.signal.63.2";"ЯЛК адрес 63: контакт при 2.500000 В";1;"лог.";1;1;"OK";"analog_code=443.562500; channel=59; channel_count=80; channel_index=59; command_v=2.500000; expected_signal=1; point_count=3; point_index=3; raw=1467.562500; scan_order=channel_major; section=YALK; signal=1; ulk_address=63; v7_v=2.484631; yalk_v=2.475922"
"yalk_contact_thresholds";"ubsi.yalk.signal.64.0";"ЯЛК адрес 64: контакт при 0.000000 В";0;"лог.";0;0;"OK";"analog_code=110.562500; channel=60; channel_count=80; channel_index=60; command_v=0.000000; expected_signal=0; point_count=3; point_index=1; raw=110.562500; scan_order=channel_major; section=YALK; signal=0; ulk_address=64; v7_v=-0.110012; yalk_v=-0.110688"
"yalk_contact_thresholds";"ubsi.yalk.signal.64.1";"ЯЛК адрес 64: контакт при 0.900000 В";1;"лог.";0;0;"FAIL";"analog_code=220.625000; channel=60; channel_count=80; channel_index=60; command_v=0.900000; expected_signal=0; point_count=3; point_index=2; raw=1244.625000; scan_order=channel_major; section=YALK; signal=1; ulk_address=64; v7_v=0.762248; yalk_v=0.744233"
"yalk_contact_thresholds";"ubsi.yalk.signal.64.2";"ЯЛК адрес 64: контакт при 2.500000 В";1;"лог.";1;1;"OK";"analog_code=423.875000; channel=60; channel_count=80; channel_index=60; command_v=2.500000; expected_signal=1; point_count=3; point_index=3; raw=1447.875000; scan_order=channel_major; section=YALK; signal=1; ulk_address=64; v7_v=2.329046; yalk_v=2.322997"
"yalk_contact_thresholds";"ubsi.yalk.signal.65.0";"ЯЛК адрес 65: контакт при 0.000000 В";0;"лог.";0;0;"OK";"analog_code=114.687500; channel=61; channel_count=80; channel_index=61; command_v=0.000000; expected_signal=0; point_count=3; point_index=1; raw=114.687500; scan_order=channel_major; section=YALK; signal=0; ulk_address=65; v7_v=-0.074906; yalk_v=-0.078647"
"yalk_contact_thresholds";"ubsi.yalk.signal.65.1";"ЯЛК адрес 65: контакт при 0.900000 В";0;"лог.";0;0;"OK";"analog_code=228.687500; channel=61; channel_count=80; channel_index=61; command_v=0.900000; expected_signal=0; point_count=3; point_index=2; raw=228.687500; scan_order=channel_major; section=YALK; signal=0; ulk_address=65; v7_v=0.810836; yalk_v=0.806859"
"yalk_contact_thresholds";"ubsi.yalk.signal.65.2";"ЯЛК адрес 65: контакт при 2.500000 В";1;"лог.";1;1;"OK";"analog_code=431.437500; channel=61; channel_count=80; channel_index=61; command_v=2.500000; expected_signal=1; point_count=3; point_index=3; raw=1455.437500; scan_order=channel_major; section=YALK; signal=1; ulk_address=65; v7_v=2.388545; yalk_v=2.381740"
"yalk_contact_thresholds";"ubsi.yalk.signal.66.0";"ЯЛК адрес 66: контакт при 0.000000 В";0;"лог.";0;0;"OK";"analog_code=115.750000; channel=62; channel_count=80; channel_index=62; command_v=0.000000; expected_signal=0; point_count=3; point_index=1; raw=115.750000; scan_order=channel_major; section=YALK; signal=0; ulk_address=66; v7_v=-0.063175; yalk_v=-0.070394"
"yalk_contact_thresholds";"ubsi.yalk.signal.66.1";"ЯЛК адрес 66: контакт при 0.900000 В";0;"лог.";0;0;"OK";"analog_code=228.750000; channel=62; channel_count=80; channel_index=62; command_v=0.900000; expected_signal=0; point_count=3; point_index=2; raw=228.750000; scan_order=channel_major; section=YALK; signal=0; ulk_address=66; v7_v=0.815072; yalk_v=0.807345"
"yalk_contact_thresholds";"ubsi.yalk.signal.66.2";"ЯЛК адрес 66: контакт при 2.500000 В";1;"лог.";1;1;"OK";"analog_code=429.687500; channel=62; channel_count=80; channel_index=62; command_v=2.500000; expected_signal=1; point_count=3; point_index=3; raw=1453.687500; scan_order=channel_major; section=YALK; signal=1; ulk_address=66; v7_v=2.380964; yalk_v=2.368147"
"yalk_contact_thresholds";"ubsi.yalk.signal.67.0";"ЯЛК адрес 67: контакт при 0.000000 В";0;"лог.";0;0;"OK";"analog_code=123.750000; channel=63; channel_count=80; channel_index=63; command_v=0.000000; expected_signal=0; point_count=3; point_index=1; raw=123.750000; scan_order=channel_major; section=YALK; signal=0; ulk_address=67; v7_v=-0.020487; yalk_v=-0.008253"
"yalk_contact_thresholds";"ubsi.yalk.signal.67.1";"ЯЛК адрес 67: контакт при 0.900000 В";1;"лог.";0;0;"FAIL";"analog_code=233.937500; channel=63; channel_count=80; channel_index=63; command_v=0.900000; expected_signal=0; point_count=3; point_index=2; raw=1257.937500; scan_order=channel_major; section=YALK; signal=1; ulk_address=67; v7_v=0.856737; yalk_v=0.847639"
"yalk_contact_thresholds";"ubsi.yalk.signal.67.2";"ЯЛК адрес 67: контакт при 2.500000 В";1;"лог.";1;1;"OK";"analog_code=435.875000; channel=63; channel_count=80; channel_index=63; command_v=2.500000; expected_signal=1; point_count=3; point_index=3; raw=1459.875000; scan_order=channel_major; section=YALK; signal=1; ulk_address=67; v7_v=2.423703; yalk_v=2.416209"
"yalk_contact_thresholds";"ubsi.yalk.signal.68.0";"ЯЛК адрес 68: контакт при 0.000000 В";0;"лог.";0;0;"OK";"analog_code=113.000000; channel=64; channel_count=80; channel_index=64; command_v=0.000000; expected_signal=0; point_count=3; point_index=1; raw=113.000000; scan_order=channel_major; section=YALK; signal=0; ulk_address=68; v7_v=-0.080429; yalk_v=-0.091755"
"yalk_contact_thresholds";"ubsi.yalk.signal.68.1";"ЯЛК адрес 68: контакт при 0.900000 В";1;"лог.";0;0;"FAIL";"analog_code=226.312500; channel=64; channel_count=80; channel_index=64; command_v=0.900000; expected_signal=0; point_count=3; point_index=2; raw=1250.312500; scan_order=channel_major; section=YALK; signal=1; ulk_address=68; v7_v=0.792642; yalk_v=0.788411"
"yalk_contact_thresholds";"ubsi.yalk.signal.68.2";"ЯЛК адрес 68: контакт при 2.500000 В";1;"лог.";1;1;"OK";"analog_code=429.062500; channel=64; channel_count=80; channel_index=64; command_v=2.500000; expected_signal=1; point_count=3; point_index=3; raw=1453.062500; scan_order=channel_major; section=YALK; signal=1; ulk_address=68; v7_v=2.358757; yalk_v=2.363292"
"yalk_contact_thresholds";"ubsi.yalk.signal.69.0";"ЯЛК адрес 69: контакт при 0.000000 В";0;"лог.";0;0;"OK";"analog_code=115.500000; channel=65; channel_count=80; channel_index=65; command_v=0.000000; expected_signal=0; point_count=3; point_index=1; raw=115.500000; scan_order=channel_major; section=YALK; signal=0; ulk_address=69; v7_v=-0.070632; yalk_v=-0.072336"
"yalk_contact_thresholds";"ubsi.yalk.signal.69.1";"ЯЛК адрес 69: контакт при 0.900000 В";0;"лог.";0;0;"OK";"analog_code=227.312500; channel=65; channel_count=80; channel_index=65; command_v=0.900000; expected_signal=0; point_count=3; point_index=2; raw=227.312500; scan_order=channel_major; section=YALK; signal=0; ulk_address=69; v7_v=0.803422; yalk_v=0.796179"
"yalk_contact_thresholds";"ubsi.yalk.signal.69.2";"ЯЛК адрес 69: контакт при 2.500000 В";1;"лог.";1;1;"OK";"analog_code=430.000000; channel=65; channel_count=80; channel_index=65; command_v=2.500000; expected_signal=1; point_count=3; point_index=3; raw=1454.000000; scan_order=channel_major; section=YALK; signal=1; ulk_address=69; v7_v=2.374162; yalk_v=2.370574"
"yalk_contact_thresholds";"ubsi.yalk.signal.70.0";"ЯЛК адрес 70: контакт при 0.000000 В";0;"лог.";0;0;"OK";"analog_code=123.812500; channel=66; channel_count=80; channel_index=66; command_v=0.000000; expected_signal=0; point_count=3; point_index=1; raw=123.812500; scan_order=channel_major; section=YALK; signal=0; ulk_address=70; v7_v=-0.011910; yalk_v=-0.007768"
"yalk_contact_thresholds";"ubsi.yalk.signal.70.1";"ЯЛК адрес 70: контакт при 0.900000 В";1;"лог.";0;0;"FAIL";"analog_code=233.625000; channel=66; channel_count=80; channel_index=66; command_v=0.900000; expected_signal=0; point_count=3; point_index=2; raw=1257.625000; scan_order=channel_major; section=YALK; signal=1; ulk_address=70; v7_v=0.865805; yalk_v=0.845212"
"yalk_contact_thresholds";"ubsi.yalk.signal.70.2";"ЯЛК адрес 70: контакт при 2.500000 В";1;"лог.";1;1;"OK";"analog_code=435.875000; channel=66; channel_count=80; channel_index=66; command_v=2.500000; expected_signal=1; point_count=3; point_index=3; raw=1459.875000; scan_order=channel_major; section=YALK; signal=1; ulk_address=70; v7_v=2.440406; yalk_v=2.416209"
"yalk_contact_thresholds";"ubsi.yalk.signal.74.0";"ЯЛК адрес 74: контакт при 0.000000 В";0;"лог.";0;0;"OK";"analog_code=111.625000; channel=67; channel_count=80; channel_index=67; command_v=0.000000; expected_signal=0; point_count=3; point_index=1; raw=111.625000; scan_order=channel_major; section=YALK; signal=0; ulk_address=74; v7_v=-0.095013; yalk_v=-0.102435"
"yalk_contact_thresholds";"ubsi.yalk.signal.74.1";"ЯЛК адрес 74: контакт при 0.900000 В";0;"лог.";0;0;"OK";"analog_code=224.812500; channel=67; channel_count=80; channel_index=67; command_v=0.900000; expected_signal=0; point_count=3; point_index=2; raw=224.812500; scan_order=channel_major; section=YALK; signal=0; ulk_address=74; v7_v=0.780076; yalk_v=0.776760"
"yalk_contact_thresholds";"ubsi.yalk.signal.74.2";"ЯЛК адрес 74: контакт при 2.500000 В";1;"лог.";1;1;"OK";"analog_code=425.687500; channel=67; channel_count=80; channel_index=67; command_v=2.500000; expected_signal=1; point_count=3; point_index=3; raw=1449.687500; scan_order=channel_major; section=YALK; signal=1; ulk_address=74; v7_v=2.348678; yalk_v=2.337076"
"yalk_contact_thresholds";"ubsi.yalk.signal.75.0";"ЯЛК адрес 75: контакт при 0.000000 В";0;"лог.";0;0;"OK";"analog_code=120.937500; channel=68; channel_count=80; channel_index=68; command_v=0.000000; expected_signal=0; point_count=3; point_index=1; raw=120.937500; scan_order=channel_major; section=YALK; signal=0; ulk_address=75; v7_v=-0.016609; yalk_v=-0.030099"
"yalk_contact_thresholds";"ubsi.yalk.signal.75.1";"ЯЛК адрес 75: контакт при 0.900000 В";1;"лог.";0;0;"FAIL";"analog_code=235.125000; channel=68; channel_count=80; channel_index=68; command_v=0.900000; expected_signal=0; point_count=3; point_index=2; raw=1259.125000; scan_order=channel_major; section=YALK; signal=1; ulk_address=75; v7_v=0.872209; yalk_v=0.856863"
"yalk_contact_thresholds";"ubsi.yalk.signal.75.2";"ЯЛК адрес 75: контакт при 2.500000 В";1;"лог.";1;1;"OK";"analog_code=438.750000; channel=68; channel_count=80; channel_index=68; command_v=2.500000; expected_signal=1; point_count=3; point_index=3; raw=1462.750000; scan_order=channel_major; section=YALK; signal=1; ulk_address=75; v7_v=2.456557; yalk_v=2.438540"
"yalk_contact_thresholds";"ubsi.yalk.signal.76.0";"ЯЛК адрес 76: контакт при 0.000000 В";0;"лог.";0;0;"OK";"analog_code=115.437500; channel=69; channel_count=80; channel_index=69; command_v=0.000000; expected_signal=0; point_count=3; point_index=1; raw=115.437500; scan_order=channel_major; section=YALK; signal=0; ulk_address=76; v7_v=-0.072165; yalk_v=-0.072821"
"yalk_contact_thresholds";"ubsi.yalk.signal.76.1";"ЯЛК адрес 76: контакт при 0.900000 В";0;"лог.";0;0;"OK";"analog_code=228.625000; channel=69; channel_count=80; channel_index=69; command_v=0.900000; expected_signal=0; point_count=3; point_index=2; raw=228.625000; scan_order=channel_major; section=YALK; signal=0; ulk_address=76; v7_v=0.810210; yalk_v=0.806374"
"yalk_contact_thresholds";"ubsi.yalk.signal.76.2";"ЯЛК адрес 76: контакт при 2.500000 В";1;"лог.";1;1;"OK";"analog_code=431.437500; channel=69; channel_count=80; channel_index=69; command_v=2.500000; expected_signal=1; point_count=3; point_index=3; raw=1455.437500; scan_order=channel_major; section=YALK; signal=1; ulk_address=76; v7_v=2.389775; yalk_v=2.381740"
"yalk_contact_thresholds";"ubsi.yalk.signal.77.0";"ЯЛК адрес 77: контакт при 0.000000 В";0;"лог.";0;0;"OK";"analog_code=119.687500; channel=70; channel_count=80; channel_index=70; command_v=0.000000; expected_signal=0; point_count=3; point_index=1; raw=119.687500; scan_order=channel_major; section=YALK; signal=0; ulk_address=77; v7_v=-0.052329; yalk_v=-0.039809"
"yalk_contact_thresholds";"ubsi.yalk.signal.77.1";"ЯЛК адрес 77: контакт при 0.900000 В";1;"лог.";0;0;"FAIL";"analog_code=230.937500; channel=70; channel_count=80; channel_index=70; command_v=0.900000; expected_signal=0; point_count=3; point_index=2; raw=1254.937500; scan_order=channel_major; section=YALK; signal=1; ulk_address=77; v7_v=0.828249; yalk_v=0.824336"
"yalk_contact_thresholds";"ubsi.yalk.signal.77.2";"ЯЛК адрес 77: контакт при 2.500000 В";1;"лог.";1;1;"OK";"analog_code=431.125000; channel=70; channel_count=80; channel_index=70; command_v=2.500000; expected_signal=1; point_count=3; point_index=3; raw=1455.125000; scan_order=channel_major; section=YALK; signal=1; ulk_address=77; v7_v=2.389809; yalk_v=2.379313"
"yalk_contact_thresholds";"ubsi.yalk.signal.78.0";"ЯЛК адрес 78: контакт при 0.000000 В";0;"лог.";0;0;"OK";"analog_code=127.125000; channel=71; channel_count=80; channel_index=71; command_v=0.000000; expected_signal=0; point_count=3; point_index=1; raw=127.125000; scan_order=channel_major; section=YALK; signal=0; ulk_address=78; v7_v=0.021926; yalk_v=0.017963"
"yalk_contact_thresholds";"ubsi.yalk.signal.78.1";"ЯЛК адрес 78: контакт при 0.900000 В";0;"лог.";0;0;"OK";"analog_code=240.750000; channel=71; channel_count=80; channel_index=71; command_v=0.900000; expected_signal=0; point_count=3; point_index=2; raw=240.750000; scan_order=channel_major; section=YALK; signal=0; ulk_address=78; v7_v=0.906253; yalk_v=0.900556"
"yalk_contact_thresholds";"ubsi.yalk.signal.78.2";"ЯЛК адрес 78: контакт при 2.500000 В";1;"лог.";1;1;"OK";"analog_code=442.062500; channel=71; channel_count=80; channel_index=71; command_v=2.500000; expected_signal=1; point_count=3; point_index=3; raw=1466.062500; scan_order=channel_major; section=YALK; signal=1; ulk_address=78; v7_v=2.473208; yalk_v=2.464271"
"yalk_contact_thresholds";"ubsi.yalk.signal.79.0";"ЯЛК адрес 79: контакт при 0.000000 В";0;"лог.";0;0;"OK";"analog_code=117.937500; channel=72; channel_count=80; channel_index=72; command_v=0.000000; expected_signal=0; point_count=3; point_index=1; raw=117.937500; scan_order=channel_major; section=YALK; signal=0; ulk_address=79; v7_v=-0.039640; yalk_v=-0.053402"
"yalk_contact_thresholds";"ubsi.yalk.signal.79.1";"ЯЛК адрес 79: контакт при 0.900000 В";1;"лог.";0;0;"FAIL";"analog_code=231.687500; channel=72; channel_count=80; channel_index=72; command_v=0.900000; expected_signal=0; point_count=3; point_index=2; raw=1255.687500; scan_order=channel_major; section=YALK; signal=1; ulk_address=79; v7_v=0.832394; yalk_v=0.830162"
"yalk_contact_thresholds";"ubsi.yalk.signal.79.2";"ЯЛК адрес 79: контакт при 2.500000 В";1;"лог.";1;1;"OK";"analog_code=433.187500; channel=72; channel_count=80; channel_index=72; command_v=2.500000; expected_signal=1; point_count=3; point_index=3; raw=1457.187500; scan_order=channel_major; section=YALK; signal=1; ulk_address=79; v7_v=2.389613; yalk_v=2.395333"
"yalk_contact_thresholds";"ubsi.yalk.signal.80.0";"ЯЛК адрес 80: контакт при 0.000000 В";0;"лог.";0;0;"OK";"analog_code=119.687500; channel=73; channel_count=80; channel_index=73; command_v=0.000000; expected_signal=0; point_count=3; point_index=1; raw=119.687500; scan_order=channel_major; section=YALK; signal=0; ulk_address=80; v7_v=-0.038401; yalk_v=-0.039809"
"yalk_contact_thresholds";"ubsi.yalk.signal.80.1";"ЯЛК адрес 80: контакт при 0.900000 В";0;"лог.";0;0;"OK";"analog_code=232.250000; channel=73; channel_count=80; channel_index=73; command_v=0.900000; expected_signal=0; point_count=3; point_index=2; raw=232.250000; scan_order=channel_major; section=YALK; signal=0; ulk_address=80; v7_v=0.841301; yalk_v=0.834531"
"yalk_contact_thresholds";"ubsi.yalk.signal.80.2";"ЯЛК адрес 80: контакт при 2.500000 В";1;"лог.";1;1;"OK";"analog_code=434.125000; channel=73; channel_count=80; channel_index=73; command_v=2.500000; expected_signal=1; point_count=3; point_index=3; raw=1458.125000; scan_order=channel_major; section=YALK; signal=1; ulk_address=80; v7_v=2.407812; yalk_v=2.402615"
"yalk_contact_thresholds";"ubsi.yalk.signal.81.0";"ЯЛК адрес 81: контакт при 0.000000 В";0;"лог.";0;0;"OK";"analog_code=119.625000; channel=74; channel_count=80; channel_index=74; command_v=0.000000; expected_signal=0; point_count=3; point_index=1; raw=119.625000; scan_order=channel_major; section=YALK; signal=0; ulk_address=81; v7_v=-0.048878; yalk_v=-0.040294"
"yalk_contact_thresholds";"ubsi.yalk.signal.81.1";"ЯЛК адрес 81: контакт при 0.900000 В";1;"лог.";0;0;"FAIL";"analog_code=229.687500; channel=74; channel_count=80; channel_index=74; command_v=0.900000; expected_signal=0; point_count=3; point_index=2; raw=1253.687500; scan_order=channel_major; section=YALK; signal=1; ulk_address=81; v7_v=0.831357; yalk_v=0.814627"
"yalk_contact_thresholds";"ubsi.yalk.signal.81.2";"ЯЛК адрес 81: контакт при 2.500000 В";1;"лог.";1;1;"OK";"analog_code=432.187500; channel=74; channel_count=80; channel_index=74; command_v=2.500000; expected_signal=1; point_count=3; point_index=3; raw=1456.187500; scan_order=channel_major; section=YALK; signal=1; ulk_address=81; v7_v=2.392415; yalk_v=2.387566"
"yalk_contact_thresholds";"ubsi.yalk.signal.82.0";"ЯЛК адрес 82: контакт при 0.000000 В";0;"лог.";0;0;"OK";"analog_code=111.250000; channel=75; channel_count=80; channel_index=75; command_v=0.000000; expected_signal=0; point_count=3; point_index=1; raw=111.250000; scan_order=channel_major; section=YALK; signal=0; ulk_address=82; v7_v=-0.103184; yalk_v=-0.105348"
"yalk_contact_thresholds";"ubsi.yalk.signal.82.1";"ЯЛК адрес 82: контакт при 0.900000 В";0;"лог.";0;0;"OK";"analog_code=225.437500; channel=75; channel_count=80; channel_index=75; command_v=0.900000; expected_signal=0; point_count=3; point_index=2; raw=225.437500; scan_order=channel_major; section=YALK; signal=0; ulk_address=82; v7_v=0.787102; yalk_v=0.781615"
"yalk_contact_thresholds";"ubsi.yalk.signal.82.2";"ЯЛК адрес 82: контакт при 2.500000 В";1;"лог.";1;1;"OK";"analog_code=429.562500; channel=75; channel_count=80; channel_index=75; command_v=2.500000; expected_signal=1; point_count=3; point_index=3; raw=1453.562500; scan_order=channel_major; section=YALK; signal=1; ulk_address=82; v7_v=2.370938; yalk_v=2.367176"
"yalk_contact_thresholds";"ubsi.yalk.signal.83.0";"ЯЛК адрес 83: контакт при 0.000000 В";0;"лог.";0;0;"OK";"analog_code=126.750000; channel=76; channel_count=80; channel_index=76; command_v=0.000000; expected_signal=0; point_count=3; point_index=1; raw=126.750000; scan_order=channel_major; section=YALK; signal=0; ulk_address=83; v7_v=0.011174; yalk_v=0.015050"
"yalk_contact_thresholds";"ubsi.yalk.signal.83.1";"ЯЛК адрес 83: контакт при 0.900000 В";1;"лог.";0;0;"FAIL";"analog_code=237.687500; channel=76; channel_count=80; channel_index=76; command_v=0.900000; expected_signal=0; point_count=3; point_index=2; raw=1261.687500; scan_order=channel_major; section=YALK; signal=1; ulk_address=83; v7_v=0.893218; yalk_v=0.876768"
"yalk_contact_thresholds";"ubsi.yalk.signal.83.2";"ЯЛК адрес 83: контакт при 2.500000 В";1;"лог.";1;1;"OK";"analog_code=442.250000; channel=76; channel_count=80; channel_index=76; command_v=2.500000; expected_signal=1; point_count=3; point_index=3; raw=1466.250000; scan_order=channel_major; section=YALK; signal=1; ulk_address=83; v7_v=2.462894; yalk_v=2.465727"
"yalk_contact_thresholds";"ubsi.yalk.signal.84.0";"ЯЛК адрес 84: контакт при 0.000000 В";0;"лог.";0;0;"OK";"analog_code=107.875000; channel=77; channel_count=80; channel_index=77; command_v=0.000000; expected_signal=0; point_count=3; point_index=1; raw=107.875000; scan_order=channel_major; section=YALK; signal=0; ulk_address=84; v7_v=-0.135555; yalk_v=-0.131564"
"yalk_contact_thresholds";"ubsi.yalk.signal.84.1";"ЯЛК адрес 84: контакт при 0.900000 В";1;"лог.";0;0;"FAIL";"analog_code=221.062500; channel=77; channel_count=80; channel_index=77; command_v=0.900000; expected_signal=0; point_count=3; point_index=2; raw=1245.062500; scan_order=channel_major; section=YALK; signal=1; ulk_address=84; v7_v=0.746832; yalk_v=0.747631"
"yalk_contact_thresholds";"ubsi.yalk.signal.84.2";"ЯЛК адрес 84: контакт при 2.500000 В";1;"лог.";1;1;"OK";"analog_code=423.187500; channel=77; channel_count=80; channel_index=77; command_v=2.500000; expected_signal=1; point_count=3; point_index=3; raw=1447.187500; scan_order=channel_major; section=YALK; signal=1; ulk_address=84; v7_v=2.318607; yalk_v=2.317657"
"yalk_contact_thresholds";"ubsi.yalk.signal.85.0";"ЯЛК адрес 85: контакт при 0.000000 В";0;"лог.";0;0;"OK";"analog_code=119.000000; channel=78; channel_count=80; channel_index=78; command_v=0.000000; expected_signal=0; point_count=3; point_index=1; raw=119.000000; scan_order=channel_major; section=YALK; signal=0; ulk_address=85; v7_v=-0.040341; yalk_v=-0.045149"
"yalk_contact_thresholds";"ubsi.yalk.signal.85.1";"ЯЛК адрес 85: контакт при 0.900000 В";1;"лог.";0;0;"FAIL";"analog_code=233.687500; channel=78; channel_count=80; channel_index=78; command_v=0.900000; expected_signal=0; point_count=3; point_index=2; raw=1257.687500; scan_order=channel_major; section=YALK; signal=1; ulk_address=85; v7_v=0.843497; yalk_v=0.845697"
"yalk_contact_thresholds";"ubsi.yalk.signal.85.2";"ЯЛК адрес 85: контакт при 2.500000 В";1;"лог.";1;1;"OK";"analog_code=434.375000; channel=78; channel_count=80; channel_index=78; command_v=2.500000; expected_signal=1; point_count=3; point_index=3; raw=1458.375000; scan_order=channel_major; section=YALK; signal=1; ulk_address=85; v7_v=2.414794; yalk_v=2.404557"
"yalk_contact_thresholds";"ubsi.yalk.signal.86.0";"ЯЛК адрес 86: контакт при 0.000000 В";0;"лог.";0;0;"OK";"analog_code=121.000000; channel=79; channel_count=80; channel_index=79; command_v=0.000000; expected_signal=0; point_count=3; point_index=1; raw=121.000000; scan_order=channel_major; section=YALK; signal=0; ulk_address=86; v7_v=-0.029999; yalk_v=-0.029614"
"yalk_contact_thresholds";"ubsi.yalk.signal.86.1";"ЯЛК адрес 86: контакт при 0.900000 В";1;"лог.";0;0;"FAIL";"analog_code=232.625000; channel=79; channel_count=80; channel_index=79; command_v=0.900000; expected_signal=0; point_count=3; point_index=2; raw=1256.625000; scan_order=channel_major; section=YALK; signal=1; ulk_address=86; v7_v=0.845442; yalk_v=0.837444"
"yalk_contact_thresholds";"ubsi.yalk.signal.86.2";"ЯЛК адрес 86: контакт при 2.500000 В";1;"лог.";1;1;"OK";"analog_code=436.687500; channel=79; channel_count=80; channel_index=79; command_v=2.500000; expected_signal=1; point_count=3; point_index=3; raw=1460.687500; scan_order=channel_major; section=YALK; signal=1; ulk_address=86; v7_v=2.415650; yalk_v=2.422520"
"yalk_contact_thresholds";"ubsi.yalk.signal.87.0";"ЯЛК адрес 87: контакт при 0.000000 В";0;"лог.";0;0;"OK";"analog_code=117.125000; channel=80; channel_count=80; channel_index=80; command_v=0.000000; expected_signal=0; point_count=3; point_index=1; raw=117.125000; scan_order=channel_major; section=YALK; signal=0; ulk_address=87; v7_v=-0.048692; yalk_v=-0.059713"
"yalk_contact_thresholds";"ubsi.yalk.signal.87.1";"ЯЛК адрес 87: контакт при 0.900000 В";1;"лог.";0;0;"FAIL";"analog_code=230.875000; channel=80; channel_count=80; channel_index=80; command_v=0.900000; expected_signal=0; point_count=3; point_index=2; raw=1254.875000; scan_order=channel_major; section=YALK; signal=1; ulk_address=87; v7_v=0.822374; yalk_v=0.823851"
"yalk_contact_thresholds";"ubsi.yalk.signal.87.2";"ЯЛК адрес 87: контакт при 2.500000 В";1;"лог.";1;1;"OK";"analog_code=431.875000; channel=80; channel_count=80; channel_index=80; command_v=2.500000; expected_signal=1; point_count=3; point_index=3; raw=1455.875000; scan_order=channel_major; section=YALK; signal=1; ulk_address=87; v7_v=2.385004; yalk_v=2.385138"
"yalk_reference_voltage";"ubsi.reference_6v2";"Эталон полной шкалы ЯЛК, адрес 99";6.19951;"В";6.17;6.23;"OK";"analog_code=922.937500; nominal_v=6.200000; raw=1946.937500; source=yalk_internal_full_scale_reference; ulk_address=99; yalk_v=6.199515"
"yalk_cleanup";"ubsi.yalk.cleanup_voltage";"Остаточное напряжение после ЯЛК";-0.000284654;"В";-0.2;0.2;"OK";"cleanup_voltage_v=-0.000285; v7_v=-0.000285"
"ytp_calibration";"ubsi.ytp.calibration_span";"Размах калибровки ЯТП";1;"лог.";1;1;"OK";"full_raw=4000.000000; full_word=31; valid_word_count=32; zero_raw=330.000000; zero_word=32"
"ytp_channels";"ubsi.ytp.channel.1.0";"ЯТП канал 1 · 0.000000 Ом";0.519074;"Ом";-1.2;1.2;"OK";"absolute_error_ohm=0.519074; actual_reference_ohm=0.000000; calibration_full_raw=4000.000000; calibration_zero_raw=330.000000; channel_count=30; channel_index=1; measured_resistance_ohm=0.519074; point_count=3; point_index=1; raw=337.937500; reduced_error_percent=0.216281; section=YTP; target_resistance_ohm=0.000000; ytp_channel=1"
"ytp_channels";"ubsi.ytp.channel.2.0";"ЯТП канал 2 · 0.000000 Ом";0.486376;"Ом";-1.2;1.2;"OK";"absolute_error_ohm=0.486376; actual_reference_ohm=0.000000; calibration_full_raw=4000.000000; calibration_zero_raw=330.000000; channel_count=30; channel_index=2; measured_resistance_ohm=0.486376; point_count=3; point_index=1; raw=337.437500; reduced_error_percent=0.202657; section=YTP; target_resistance_ohm=0.000000; ytp_channel=2"
"ytp_channels";"ubsi.ytp.channel.3.0";"ЯТП канал 3 · 0.000000 Ом";0.498638;"Ом";-1.2;1.2;"OK";"absolute_error_ohm=0.498638; actual_reference_ohm=0.000000; calibration_full_raw=4000.000000; calibration_zero_raw=330.000000; channel_count=30; channel_index=3; measured_resistance_ohm=0.498638; point_count=3; point_index=1; raw=337.625000; reduced_error_percent=0.207766; section=YTP; target_resistance_ohm=0.000000; ytp_channel=3"
"ytp_channels";"ubsi.ytp.channel.4.0";"ЯТП канал 4 · 0.000000 Ом";0.498638;"Ом";-1.2;1.2;"OK";"absolute_error_ohm=0.498638; actual_reference_ohm=0.000000; calibration_full_raw=4000.000000; calibration_zero_raw=330.000000; channel_count=30; channel_index=4; measured_resistance_ohm=0.498638; point_count=3; point_index=1; raw=337.625000; reduced_error_percent=0.207766; section=YTP; target_resistance_ohm=0.000000; ytp_channel=4"
"ytp_channels";"ubsi.ytp.channel.5.0";"ЯТП канал 5 · 0.000000 Ом";0.486376;"Ом";-1.2;1.2;"OK";"absolute_error_ohm=0.486376; actual_reference_ohm=0.000000; calibration_full_raw=4000.000000; calibration_zero_raw=330.000000; channel_count=30; channel_index=5; measured_resistance_ohm=0.486376; point_count=3; point_index=1; raw=337.437500; reduced_error_percent=0.202657; section=YTP; target_resistance_ohm=0.000000; ytp_channel=5"
"ytp_channels";"ubsi.ytp.channel.6.0";"ЯТП канал 6 · 0.000000 Ом";0.486376;"Ом";-1.2;1.2;"OK";"absolute_error_ohm=0.486376; actual_reference_ohm=0.000000; calibration_full_raw=4000.000000; calibration_zero_raw=330.000000; channel_count=30; channel_index=6; measured_resistance_ohm=0.486376; point_count=3; point_index=1; raw=337.437500; reduced_error_percent=0.202657; section=YTP; target_resistance_ohm=0.000000; ytp_channel=6"
"ytp_channels";"ubsi.ytp.channel.7.0";"ЯТП канал 7 · 0.000000 Ом";0.486376;"Ом";-1.2;1.2;"OK";"absolute_error_ohm=0.486376; actual_reference_ohm=0.000000; calibration_full_raw=4000.000000; calibration_zero_raw=330.000000; channel_count=30; channel_index=7; measured_resistance_ohm=0.486376; point_count=3; point_index=1; raw=337.437500; reduced_error_percent=0.202657; section=YTP; target_resistance_ohm=0.000000; ytp_channel=7"
"ytp_channels";"ubsi.ytp.channel.8.0";"ЯТП канал 8 · 0.000000 Ом";0.457766;"Ом";-1.2;1.2;"OK";"absolute_error_ohm=0.457766; actual_reference_ohm=0.000000; calibration_full_raw=4000.000000; calibration_zero_raw=330.000000; channel_count=30; channel_index=8; measured_resistance_ohm=0.457766; point_count=3; point_index=1; raw=337.000000; reduced_error_percent=0.190736; section=YTP; target_resistance_ohm=0.000000; ytp_channel=8"
"ytp_channels";"ubsi.ytp.channel.9.0";"ЯТП канал 9 · 0.000000 Ом";0.457766;"Ом";-1.2;1.2;"OK";"absolute_error_ohm=0.457766; actual_reference_ohm=0.000000; calibration_full_raw=4000.000000; calibration_zero_raw=330.000000; channel_count=30; channel_index=9; measured_resistance_ohm=0.457766; point_count=3; point_index=1; raw=337.000000; reduced_error_percent=0.190736; section=YTP; target_resistance_ohm=0.000000; ytp_channel=9"
"ytp_channels";"ubsi.ytp.channel.10.0";"ЯТП канал 10 · 0.000000 Ом";0.478202;"Ом";-1.2;1.2;"OK";"absolute_error_ohm=0.478202; actual_reference_ohm=0.000000; calibration_full_raw=4000.000000; calibration_zero_raw=330.000000; channel_count=30; channel_index=10; measured_resistance_ohm=0.478202; point_count=3; point_index=1; raw=337.312500; reduced_error_percent=0.199251; section=YTP; target_resistance_ohm=0.000000; ytp_channel=10"
"ytp_channels";"ubsi.ytp.channel.11.0";"ЯТП канал 11 · 0.000000 Ом";0.482289;"Ом";-1.2;1.2;"OK";"absolute_error_ohm=0.482289; actual_reference_ohm=0.000000; calibration_full_raw=4000.000000; calibration_zero_raw=330.000000; channel_count=30; channel_index=11; measured_resistance_ohm=0.482289; point_count=3; point_index=1; raw=337.375000; reduced_error_percent=0.200954; section=YTP; target_resistance_ohm=0.000000; ytp_channel=11"
"ytp_channels";"ubsi.ytp.channel.12.0";"ЯТП канал 12 · 0.000000 Ом";0.457766;"Ом";-1.2;1.2;"OK";"absolute_error_ohm=0.457766; actual_reference_ohm=0.000000; calibration_full_raw=4000.000000; calibration_zero_raw=330.000000; channel_count=30; channel_index=12; measured_resistance_ohm=0.457766; point_count=3; point_index=1; raw=337.000000; reduced_error_percent=0.190736; section=YTP; target_resistance_ohm=0.000000; ytp_channel=12"
"ytp_channels";"ubsi.ytp.channel.13.0";"ЯТП канал 13 · 0.000000 Ом";0.457766;"Ом";-1.2;1.2;"OK";"absolute_error_ohm=0.457766; actual_reference_ohm=0.000000; calibration_full_raw=4000.000000; calibration_zero_raw=330.000000; channel_count=30; channel_index=13; measured_resistance_ohm=0.457766; point_count=3; point_index=1; raw=337.000000; reduced_error_percent=0.190736; section=YTP; target_resistance_ohm=0.000000; ytp_channel=13"
"ytp_channels";"ubsi.ytp.channel.14.0";"ЯТП канал 14 · 0.000000 Ом";0.482289;"Ом";-1.2;1.2;"OK";"absolute_error_ohm=0.482289; actual_reference_ohm=0.000000; calibration_full_raw=4000.000000; calibration_zero_raw=330.000000; channel_count=30; channel_index=14; measured_resistance_ohm=0.482289; point_count=3; point_index=1; raw=337.375000; reduced_error_percent=0.200954; section=YTP; target_resistance_ohm=0.000000; ytp_channel=14"
"ytp_channels";"ubsi.ytp.channel.15.0";"ЯТП канал 15 · 0.000000 Ом";0.490463;"Ом";-1.2;1.2;"OK";"absolute_error_ohm=0.490463; actual_reference_ohm=0.000000; calibration_full_raw=4000.000000; calibration_zero_raw=330.000000; channel_count=30; channel_index=15; measured_resistance_ohm=0.490463; point_count=3; point_index=1; raw=337.500000; reduced_error_percent=0.204360; section=YTP; target_resistance_ohm=0.000000; ytp_channel=15"
"ytp_channels";"ubsi.ytp.channel.16.0";"ЯТП канал 16 · 0.000000 Ом";0.502725;"Ом";-1.2;1.2;"OK";"absolute_error_ohm=0.502725; actual_reference_ohm=0.000000; calibration_full_raw=4000.000000; calibration_zero_raw=330.000000; channel_count=30; channel_index=16; measured_resistance_ohm=0.502725; point_count=3; point_index=1; raw=337.687500; reduced_error_percent=0.209469; section=YTP; target_resistance_ohm=0.000000; ytp_channel=16"
"ytp_channels";"ubsi.ytp.channel.17.0";"ЯТП канал 17 · 0.000000 Ом";0.470027;"Ом";-1.2;1.2;"OK";"absolute_error_ohm=0.470027; actual_reference_ohm=0.000000; calibration_full_raw=4000.000000; calibration_zero_raw=330.000000; channel_count=30; channel_index=17; measured_resistance_ohm=0.470027; point_count=3; point_index=1; raw=337.187500; reduced_error_percent=0.195845; section=YTP; target_resistance_ohm=0.000000; ytp_channel=17"
"ytp_channels";"ubsi.ytp.channel.18.0";"ЯТП канал 18 · 0.000000 Ом";0.523161;"Ом";-1.2;1.2;"OK";"absolute_error_ohm=0.523161; actual_reference_ohm=0.000000; calibration_full_raw=4000.000000; calibration_zero_raw=330.000000; channel_count=30; channel_index=18; measured_resistance_ohm=0.523161; point_count=3; point_index=1; raw=338.000000; reduced_error_percent=0.217984; section=YTP; target_resistance_ohm=0.000000; ytp_channel=18"
"ytp_channels";"ubsi.ytp.channel.19.0";"ЯТП канал 19 · 0.000000 Ом";0.49455;"Ом";-1.2;1.2;"OK";"absolute_error_ohm=0.494550; actual_reference_ohm=0.000000; calibration_full_raw=4000.000000; calibration_zero_raw=330.000000; channel_count=30; channel_index=19; measured_resistance_ohm=0.494550; point_count=3; point_index=1; raw=337.562500; reduced_error_percent=0.206063; section=YTP; target_resistance_ohm=0.000000; ytp_channel=19"
"ytp_channels";"ubsi.ytp.channel.20.0";"ЯТП канал 20 · 0.000000 Ом";0.482289;"Ом";-1.2;1.2;"OK";"absolute_error_ohm=0.482289; actual_reference_ohm=0.000000; calibration_full_raw=4000.000000; calibration_zero_raw=330.000000; channel_count=30; channel_index=20; measured_resistance_ohm=0.482289; point_count=3; point_index=1; raw=337.375000; reduced_error_percent=0.200954; section=YTP; target_resistance_ohm=0.000000; ytp_channel=20"
"ytp_channels";"ubsi.ytp.channel.21.0";"ЯТП канал 21 · 0.000000 Ом";0.49455;"Ом";-1.2;1.2;"OK";"absolute_error_ohm=0.494550; actual_reference_ohm=0.000000; calibration_full_raw=4000.000000; calibration_zero_raw=330.000000; channel_count=30; channel_index=21; measured_resistance_ohm=0.494550; point_count=3; point_index=1; raw=337.562500; reduced_error_percent=0.206063; section=YTP; target_resistance_ohm=0.000000; ytp_channel=21"
"ytp_channels";"ubsi.ytp.channel.22.0";"ЯТП канал 22 · 0.000000 Ом";0.482289;"Ом";-1.2;1.2;"OK";"absolute_error_ohm=0.482289; actual_reference_ohm=0.000000; calibration_full_raw=4000.000000; calibration_zero_raw=330.000000; channel_count=30; channel_index=22; measured_resistance_ohm=0.482289; point_count=3; point_index=1; raw=337.375000; reduced_error_percent=0.200954; section=YTP; target_resistance_ohm=0.000000; ytp_channel=22"
"ytp_channels";"ubsi.ytp.channel.23.0";"ЯТП канал 23 · 0.000000 Ом";0.461853;"Ом";-1.2;1.2;"OK";"absolute_error_ohm=0.461853; actual_reference_ohm=0.000000; calibration_full_raw=4000.000000; calibration_zero_raw=330.000000; channel_count=30; channel_index=23; measured_resistance_ohm=0.461853; point_count=3; point_index=1; raw=337.062500; reduced_error_percent=0.192439; section=YTP; target_resistance_ohm=0.000000; ytp_channel=23"
"ytp_channels";"ubsi.ytp.channel.24.0";"ЯТП канал 24 · 0.000000 Ом";0.474114;"Ом";-1.2;1.2;"OK";"absolute_error_ohm=0.474114; actual_reference_ohm=0.000000; calibration_full_raw=4000.000000; calibration_zero_raw=330.000000; channel_count=30; channel_index=24; measured_resistance_ohm=0.474114; point_count=3; point_index=1; raw=337.250000; reduced_error_percent=0.197548; section=YTP; target_resistance_ohm=0.000000; ytp_channel=24"
"ytp_channels";"ubsi.ytp.channel.25.0";"ЯТП канал 25 · 0.000000 Ом";0.461853;"Ом";-1.2;1.2;"OK";"absolute_error_ohm=0.461853; actual_reference_ohm=0.000000; calibration_full_raw=4000.000000; calibration_zero_raw=330.000000; channel_count=30; channel_index=25; measured_resistance_ohm=0.461853; point_count=3; point_index=1; raw=337.062500; reduced_error_percent=0.192439; section=YTP; target_resistance_ohm=0.000000; ytp_channel=25"
"ytp_channels";"ubsi.ytp.channel.26.0";"ЯТП канал 26 · 0.000000 Ом";0.498638;"Ом";-1.2;1.2;"OK";"absolute_error_ohm=0.498638; actual_reference_ohm=0.000000; calibration_full_raw=4000.000000; calibration_zero_raw=330.000000; channel_count=30; channel_index=26; measured_resistance_ohm=0.498638; point_count=3; point_index=1; raw=337.625000; reduced_error_percent=0.207766; section=YTP; target_resistance_ohm=0.000000; ytp_channel=26"
"ytp_channels";"ubsi.ytp.channel.27.0";"ЯТП канал 27 · 0.000000 Ом";0.506812;"Ом";-1.2;1.2;"OK";"absolute_error_ohm=0.506812; actual_reference_ohm=0.000000; calibration_full_raw=4000.000000; calibration_zero_raw=330.000000; channel_count=30; channel_index=27; measured_resistance_ohm=0.506812; point_count=3; point_index=1; raw=337.750000; reduced_error_percent=0.211172; section=YTP; target_resistance_ohm=0.000000; ytp_channel=27"
"ytp_channels";"ubsi.ytp.channel.28.0";"ЯТП канал 28 · 0.000000 Ом";0.478202;"Ом";-1.2;1.2;"OK";"absolute_error_ohm=0.478202; actual_reference_ohm=0.000000; calibration_full_raw=4000.000000; calibration_zero_raw=330.000000; channel_count=30; channel_index=28; measured_resistance_ohm=0.478202; point_count=3; point_index=1; raw=337.312500; reduced_error_percent=0.199251; section=YTP; target_resistance_ohm=0.000000; ytp_channel=28"
"ytp_channels";"ubsi.ytp.channel.29.0";"ЯТП канал 29 · 0.000000 Ом";0.457766;"Ом";-1.2;1.2;"OK";"absolute_error_ohm=0.457766; actual_reference_ohm=0.000000; calibration_full_raw=4000.000000; calibration_zero_raw=330.000000; channel_count=30; channel_index=29; measured_resistance_ohm=0.457766; point_count=3; point_index=1; raw=337.000000; reduced_error_percent=0.190736; section=YTP; target_resistance_ohm=0.000000; ytp_channel=29"
"ytp_channels";"ubsi.ytp.channel.30.0";"ЯТП канал 30 · 0.000000 Ом";0.457766;"Ом";-1.2;1.2;"OK";"absolute_error_ohm=0.457766; actual_reference_ohm=0.000000; calibration_full_raw=4000.000000; calibration_zero_raw=330.000000; channel_count=30; channel_index=30; measured_resistance_ohm=0.457766; point_count=3; point_index=1; raw=337.000000; reduced_error_percent=0.190736; section=YTP; target_resistance_ohm=0.000000; ytp_channel=30"
"ytp_channels";"ubsi.ytp.channel.1.1";"ЯТП канал 1 · 120.000000 Ом";120.392;"Ом";118.8;121.2;"OK";"absolute_error_ohm=0.392371; actual_reference_ohm=120.000000; calibration_full_raw=4000.000000; calibration_zero_raw=330.000000; channel_count=30; channel_index=1; measured_resistance_ohm=120.392371; point_count=3; point_index=2; raw=2171.000000; reduced_error_percent=0.163488; section=YTP; target_resistance_ohm=120.000000; ytp_channel=1"
"ytp_channels";"ubsi.ytp.channel.2.1";"ЯТП канал 2 · 120.000000 Ом";120.396;"Ом";118.8;121.2;"OK";"absolute_error_ohm=0.396458; actual_reference_ohm=120.000000; calibration_full_raw=4000.000000; calibration_zero_raw=330.000000; channel_count=30; channel_index=2; measured_resistance_ohm=120.396458; point_count=3; point_index=2; raw=2171.062500; reduced_error_percent=0.165191; section=YTP; target_resistance_ohm=120.000000; ytp_channel=2"
"ytp_channels";"ubsi.ytp.channel.3.1";"ЯТП канал 3 · 120.000000 Ом";120.396;"Ом";118.8;121.2;"OK";"absolute_error_ohm=0.396458; actual_reference_ohm=120.000000; calibration_full_raw=4000.000000; calibration_zero_raw=330.000000; channel_count=30; channel_index=3; measured_resistance_ohm=120.396458; point_count=3; point_index=2; raw=2171.062500; reduced_error_percent=0.165191; section=YTP; target_resistance_ohm=120.000000; ytp_channel=3"
"ytp_channels";"ubsi.ytp.channel.4.1";"ЯТП канал 4 · 120.000000 Ом";120.425;"Ом";118.8;121.2;"OK";"absolute_error_ohm=0.425068; actual_reference_ohm=120.000000; calibration_full_raw=4000.000000; calibration_zero_raw=330.000000; channel_count=30; channel_index=4; measured_resistance_ohm=120.425068; point_count=3; point_index=2; raw=2171.500000; reduced_error_percent=0.177112; section=YTP; target_resistance_ohm=120.000000; ytp_channel=4"
"ytp_channels";"ubsi.ytp.channel.5.1";"ЯТП канал 5 · 120.000000 Ом";120.429;"Ом";118.8;121.2;"OK";"absolute_error_ohm=0.429155; actual_reference_ohm=120.000000; calibration_full_raw=4000.000000; calibration_zero_raw=330.000000; channel_count=30; channel_index=5; measured_resistance_ohm=120.429155; point_count=3; point_index=2; raw=2171.562500; reduced_error_percent=0.178815; section=YTP; target_resistance_ohm=120.000000; ytp_channel=5"
"ytp_channels";"ubsi.ytp.channel.6.1";"ЯТП канал 6 · 120.000000 Ом";120.405;"Ом";118.8;121.2;"OK";"absolute_error_ohm=0.404632; actual_reference_ohm=120.000000; calibration_full_raw=4000.000000; calibration_zero_raw=330.000000; channel_count=30; channel_index=6; measured_resistance_ohm=120.404632; point_count=3; point_index=2; raw=2171.187500; reduced_error_percent=0.168597; section=YTP; target_resistance_ohm=120.000000; ytp_channel=6"
"ytp_channels";"ubsi.ytp.channel.7.1";"ЯТП канал 7 · 120.000000 Ом";120.368;"Ом";118.8;121.2;"OK";"absolute_error_ohm=0.367847; actual_reference_ohm=120.000000; calibration_full_raw=4000.000000; calibration_zero_raw=330.000000; channel_count=30; channel_index=7; measured_resistance_ohm=120.367847; point_count=3; point_index=2; raw=2170.625000; reduced_error_percent=0.153270; section=YTP; target_resistance_ohm=120.000000; ytp_channel=7"
"ytp_channels";"ubsi.ytp.channel.8.1";"ЯТП канал 8 · 120.000000 Ом";120.368;"Ом";118.8;121.2;"OK";"absolute_error_ohm=0.367847; actual_reference_ohm=120.000000; calibration_full_raw=4000.000000; calibration_zero_raw=330.000000; channel_count=30; channel_index=8; measured_resistance_ohm=120.367847; point_count=3; point_index=2; raw=2170.625000; reduced_error_percent=0.153270; section=YTP; target_resistance_ohm=120.000000; ytp_channel=8"
"ytp_channels";"ubsi.ytp.channel.9.1";"ЯТП канал 9 · 120.000000 Ом";120.368;"Ом";118.8;121.2;"OK";"absolute_error_ohm=0.367847; actual_reference_ohm=120.000000; calibration_full_raw=4000.000000; calibration_zero_raw=330.000000; channel_count=30; channel_index=9; measured_resistance_ohm=120.367847; point_count=3; point_index=2; raw=2170.625000; reduced_error_percent=0.153270; section=YTP; target_resistance_ohm=120.000000; ytp_channel=9"
"ytp_channels";"ubsi.ytp.channel.10.1";"ЯТП канал 10 · 120.000000 Ом";120.392;"Ом";118.8;121.2;"OK";"absolute_error_ohm=0.392371; actual_reference_ohm=120.000000; calibration_full_raw=4000.000000; calibration_zero_raw=330.000000; channel_count=30; channel_index=10; measured_resistance_ohm=120.392371; point_count=3; point_index=2; raw=2171.000000; reduced_error_percent=0.163488; section=YTP; target_resistance_ohm=120.000000; ytp_channel=10"
"ytp_channels";"ubsi.ytp.channel.11.1";"ЯТП канал 11 · 120.000000 Ом";120.405;"Ом";118.8;121.2;"OK";"absolute_error_ohm=0.404632; actual_reference_ohm=120.000000; calibration_full_raw=4000.000000; calibration_zero_raw=330.000000; channel_count=30; channel_index=11; measured_resistance_ohm=120.404632; point_count=3; point_index=2; raw=2171.187500; reduced_error_percent=0.168597; section=YTP; target_resistance_ohm=120.000000; ytp_channel=11"
"ytp_channels";"ubsi.ytp.channel.12.1";"ЯТП канал 12 · 120.000000 Ом";120.405;"Ом";118.8;121.2;"OK";"absolute_error_ohm=0.404632; actual_reference_ohm=120.000000; calibration_full_raw=4000.000000; calibration_zero_raw=330.000000; channel_count=30; channel_index=12; measured_resistance_ohm=120.404632; point_count=3; point_index=2; raw=2171.187500; reduced_error_percent=0.168597; section=YTP; target_resistance_ohm=120.000000; ytp_channel=12"
"ytp_channels";"ubsi.ytp.channel.13.1";"ЯТП канал 13 · 120.000000 Ом";120.413;"Ом";118.8;121.2;"OK";"absolute_error_ohm=0.412807; actual_reference_ohm=120.000000; calibration_full_raw=4000.000000; calibration_zero_raw=330.000000; channel_count=30; channel_index=13; measured_resistance_ohm=120.412807; point_count=3; point_index=2; raw=2171.312500; reduced_error_percent=0.172003; section=YTP; target_resistance_ohm=120.000000; ytp_channel=13"
"ytp_channels";"ubsi.ytp.channel.14.1";"ЯТП канал 14 · 120.000000 Ом";120.376;"Ом";118.8;121.2;"OK";"absolute_error_ohm=0.376022; actual_reference_ohm=120.000000; calibration_full_raw=4000.000000; calibration_zero_raw=330.000000; channel_count=30; channel_index=14; measured_resistance_ohm=120.376022; point_count=3; point_index=2; raw=2170.750000; reduced_error_percent=0.156676; section=YTP; target_resistance_ohm=120.000000; ytp_channel=14"
"ytp_channels";"ubsi.ytp.channel.15.1";"ЯТП канал 15 · 120.000000 Ом";120.368;"Ом";118.8;121.2;"OK";"absolute_error_ohm=0.367847; actual_reference_ohm=120.000000; calibration_full_raw=4000.000000; calibration_zero_raw=330.000000; channel_count=30; channel_index=15; measured_resistance_ohm=120.367847; point_count=3; point_index=2; raw=2170.625000; reduced_error_percent=0.153270; section=YTP; target_resistance_ohm=120.000000; ytp_channel=15"
"ytp_channels";"ubsi.ytp.channel.16.1";"ЯТП канал 16 · 120.000000 Ом";120.392;"Ом";118.8;121.2;"OK";"absolute_error_ohm=0.392371; actual_reference_ohm=120.000000; calibration_full_raw=4000.000000; calibration_zero_raw=330.000000; channel_count=30; channel_index=16; measured_resistance_ohm=120.392371; point_count=3; point_index=2; raw=2171.000000; reduced_error_percent=0.163488; section=YTP; target_resistance_ohm=120.000000; ytp_channel=16"
"ytp_channels";"ubsi.ytp.channel.17.1";"ЯТП канал 17 · 120.000000 Ом";120.392;"Ом";118.8;121.2;"OK";"absolute_error_ohm=0.392371; actual_reference_ohm=120.000000; calibration_full_raw=4000.000000; calibration_zero_raw=330.000000; channel_count=30; channel_index=17; measured_resistance_ohm=120.392371; point_count=3; point_index=2; raw=2171.000000; reduced_error_percent=0.163488; section=YTP; target_resistance_ohm=120.000000; ytp_channel=17"
"ytp_channels";"ubsi.ytp.channel.18.1";"ЯТП канал 18 · 120.000000 Ом";120.392;"Ом";118.8;121.2;"OK";"absolute_error_ohm=0.392371; actual_reference_ohm=120.000000; calibration_full_raw=4000.000000; calibration_zero_raw=330.000000; channel_count=30; channel_index=18; measured_resistance_ohm=120.392371; point_count=3; point_index=2; raw=2171.000000; reduced_error_percent=0.163488; section=YTP; target_resistance_ohm=120.000000; ytp_channel=18"
"ytp_channels";"ubsi.ytp.channel.19.1";"ЯТП канал 19 · 120.000000 Ом";120.409;"Ом";118.8;121.2;"OK";"absolute_error_ohm=0.408719; actual_reference_ohm=120.000000; calibration_full_raw=4000.000000; calibration_zero_raw=330.000000; channel_count=30; channel_index=19; measured_resistance_ohm=120.408719; point_count=3; point_index=2; raw=2171.250000; reduced_error_percent=0.170300; section=YTP; target_resistance_ohm=120.000000; ytp_channel=19"
"ytp_channels";"ubsi.ytp.channel.20.1";"ЯТП канал 20 · 120.000000 Ом";120.409;"Ом";118.8;121.2;"OK";"absolute_error_ohm=0.408719; actual_reference_ohm=120.000000; calibration_full_raw=4000.000000; calibration_zero_raw=330.000000; channel_count=30; channel_index=20; measured_resistance_ohm=120.408719; point_count=3; point_index=2; raw=2171.250000; reduced_error_percent=0.170300; section=YTP; target_resistance_ohm=120.000000; ytp_channel=20"
"ytp_channels";"ubsi.ytp.channel.21.1";"ЯТП канал 21 · 120.000000 Ом";120.409;"Ом";118.8;121.2;"OK";"absolute_error_ohm=0.408719; actual_reference_ohm=120.000000; calibration_full_raw=4000.000000; calibration_zero_raw=330.000000; channel_count=30; channel_index=21; measured_resistance_ohm=120.408719; point_count=3; point_index=2; raw=2171.250000; reduced_error_percent=0.170300; section=YTP; target_resistance_ohm=120.000000; ytp_channel=21"
"ytp_channels";"ubsi.ytp.channel.22.1";"ЯТП канал 22 · 120.000000 Ом";120.396;"Ом";118.8;121.2;"OK";"absolute_error_ohm=0.396458; actual_reference_ohm=120.000000; calibration_full_raw=4000.000000; calibration_zero_raw=330.000000; channel_count=30; channel_index=22; measured_resistance_ohm=120.396458; point_count=3; point_index=2; raw=2171.062500; reduced_error_percent=0.165191; section=YTP; target_resistance_ohm=120.000000; ytp_channel=22"
"ytp_channels";"ubsi.ytp.channel.23.1";"ЯТП канал 23 · 120.000000 Ом";120.368;"Ом";118.8;121.2;"OK";"absolute_error_ohm=0.367847; actual_reference_ohm=120.000000; calibration_full_raw=4000.000000; calibration_zero_raw=330.000000; channel_count=30; channel_index=23; measured_resistance_ohm=120.367847; point_count=3; point_index=2; raw=2170.625000; reduced_error_percent=0.153270; section=YTP; target_resistance_ohm=120.000000; ytp_channel=23"
"ytp_channels";"ubsi.ytp.channel.24.1";"ЯТП канал 24 · 120.000000 Ом";120.392;"Ом";118.8;121.2;"OK";"absolute_error_ohm=0.392371; actual_reference_ohm=120.000000; calibration_full_raw=4000.000000; calibration_zero_raw=330.000000; channel_count=30; channel_index=24; measured_resistance_ohm=120.392371; point_count=3; point_index=2; raw=2171.000000; reduced_error_percent=0.163488; section=YTP; target_resistance_ohm=120.000000; ytp_channel=24"
"ytp_channels";"ubsi.ytp.channel.25.1";"ЯТП канал 25 · 120.000000 Ом";120.372;"Ом";118.8;121.2;"OK";"absolute_error_ohm=0.371935; actual_reference_ohm=120.000000; calibration_full_raw=4000.000000; calibration_zero_raw=330.000000; channel_count=30; channel_index=25; measured_resistance_ohm=120.371935; point_count=3; point_index=2; raw=2170.687500; reduced_error_percent=0.154973; section=YTP; target_resistance_ohm=120.000000; ytp_channel=25"
"ytp_channels";"ubsi.ytp.channel.26.1";"ЯТП канал 26 · 120.000000 Ом";120.392;"Ом";118.8;121.2;"OK";"absolute_error_ohm=0.392371; actual_reference_ohm=120.000000; calibration_full_raw=4000.000000; calibration_zero_raw=330.000000; channel_count=30; channel_index=26; measured_resistance_ohm=120.392371; point_count=3; point_index=2; raw=2171.000000; reduced_error_percent=0.163488; section=YTP; target_resistance_ohm=120.000000; ytp_channel=26"
"ytp_channels";"ubsi.ytp.channel.27.1";"ЯТП канал 27 · 120.000000 Ом";120.413;"Ом";118.8;121.2;"OK";"absolute_error_ohm=0.412807; actual_reference_ohm=120.000000; calibration_full_raw=4000.000000; calibration_zero_raw=330.000000; channel_count=30; channel_index=27; measured_resistance_ohm=120.412807; point_count=3; point_index=2; raw=2171.312500; reduced_error_percent=0.172003; section=YTP; target_resistance_ohm=120.000000; ytp_channel=27"
"ytp_channels";"ubsi.ytp.channel.28.1";"ЯТП канал 28 · 120.000000 Ом";120.413;"Ом";118.8;121.2;"OK";"absolute_error_ohm=0.412807; actual_reference_ohm=120.000000; calibration_full_raw=4000.000000; calibration_zero_raw=330.000000; channel_count=30; channel_index=28; measured_resistance_ohm=120.412807; point_count=3; point_index=2; raw=2171.312500; reduced_error_percent=0.172003; section=YTP; target_resistance_ohm=120.000000; ytp_channel=28"
"ytp_channels";"ubsi.ytp.channel.29.1";"ЯТП канал 29 · 120.000000 Ом";120.413;"Ом";118.8;121.2;"OK";"absolute_error_ohm=0.412807; actual_reference_ohm=120.000000; calibration_full_raw=4000.000000; calibration_zero_raw=330.000000; channel_count=30; channel_index=29; measured_resistance_ohm=120.412807; point_count=3; point_index=2; raw=2171.312500; reduced_error_percent=0.172003; section=YTP; target_resistance_ohm=120.000000; ytp_channel=29"
"ytp_channels";"ubsi.ytp.channel.30.1";"ЯТП канал 30 · 120.000000 Ом";120.413;"Ом";118.8;121.2;"OK";"absolute_error_ohm=0.412807; actual_reference_ohm=120.000000; calibration_full_raw=4000.000000; calibration_zero_raw=330.000000; channel_count=30; channel_index=30; measured_resistance_ohm=120.412807; point_count=3; point_index=2; raw=2171.312500; reduced_error_percent=0.172003; section=YTP; target_resistance_ohm=120.000000; ytp_channel=30"
"ytp_channels";"ubsi.ytp.channel.1.2";"ЯТП канал 1 · 240.000000 Ом";240.131;"Ом";238.8;241.2;"OK";"absolute_error_ohm=0.130790; actual_reference_ohm=240.000000; calibration_full_raw=4000.000000; calibration_zero_raw=330.000000; channel_count=30; channel_index=1; measured_resistance_ohm=240.130790; point_count=3; point_index=3; raw=4002.000000; reduced_error_percent=0.054496; section=YTP; target_resistance_ohm=240.000000; ytp_channel=1"
"ytp_channels";"ubsi.ytp.channel.2.2";"ЯТП канал 2 · 240.000000 Ом";240.11;"Ом";238.8;241.2;"OK";"absolute_error_ohm=0.110354; actual_reference_ohm=240.000000; calibration_full_raw=4000.000000; calibration_zero_raw=330.000000; channel_count=30; channel_index=2; measured_resistance_ohm=240.110354; point_count=3; point_index=3; raw=4001.687500; reduced_error_percent=0.045981; section=YTP; target_resistance_ohm=240.000000; ytp_channel=2"
"ytp_channels";"ubsi.ytp.channel.3.2";"ЯТП канал 3 · 240.000000 Ом";240.11;"Ом";238.8;241.2;"OK";"absolute_error_ohm=0.110354; actual_reference_ohm=240.000000; calibration_full_raw=4000.000000; calibration_zero_raw=330.000000; channel_count=30; channel_index=3; measured_resistance_ohm=240.110354; point_count=3; point_index=3; raw=4001.687500; reduced_error_percent=0.045981; section=YTP; target_resistance_ohm=240.000000; ytp_channel=3"
"ytp_channels";"ubsi.ytp.channel.4.2";"ЯТП канал 4 · 240.000000 Ом";240.131;"Ом";238.8;241.2;"OK";"absolute_error_ohm=0.130790; actual_reference_ohm=240.000000; calibration_full_raw=4000.000000; calibration_zero_raw=330.000000; channel_count=30; channel_index=4; measured_resistance_ohm=240.130790; point_count=3; point_index=3; raw=4002.000000; reduced_error_percent=0.054496; section=YTP; target_resistance_ohm=240.000000; ytp_channel=4"
"ytp_channels";"ubsi.ytp.channel.5.2";"ЯТП канал 5 · 240.000000 Ом";240.151;"Ом";238.8;241.2;"OK";"absolute_error_ohm=0.151226; actual_reference_ohm=240.000000; calibration_full_raw=4000.000000; calibration_zero_raw=330.000000; channel_count=30; channel_index=5; measured_resistance_ohm=240.151226; point_count=3; point_index=3; raw=4002.312500; reduced_error_percent=0.063011; section=YTP; target_resistance_ohm=240.000000; ytp_channel=5"
"ytp_channels";"ubsi.ytp.channel.6.2";"ЯТП канал 6 · 240.000000 Ом";240.172;"Ом";238.8;241.2;"OK";"absolute_error_ohm=0.171662; actual_reference_ohm=240.000000; calibration_full_raw=4000.000000; calibration_zero_raw=330.000000; channel_count=30; channel_index=6; measured_resistance_ohm=240.171662; point_count=3; point_index=3; raw=4002.625000; reduced_error_percent=0.071526; section=YTP; target_resistance_ohm=240.000000; ytp_channel=6"
"ytp_channels";"ubsi.ytp.channel.7.2";"ЯТП канал 7 · 240.000000 Ом";240.196;"Ом";238.8;241.2;"OK";"absolute_error_ohm=0.196185; actual_reference_ohm=240.000000; calibration_full_raw=4000.000000; calibration_zero_raw=330.000000; channel_count=30; channel_index=7; measured_resistance_ohm=240.196185; point_count=3; point_index=3; raw=4003.000000; reduced_error_percent=0.081744; section=YTP; target_resistance_ohm=240.000000; ytp_channel=7"
"ytp_channels";"ubsi.ytp.channel.8.2";"ЯТП канал 8 · 240.000000 Ом";240.163;"Ом";238.8;241.2;"OK";"absolute_error_ohm=0.163488; actual_reference_ohm=240.000000; calibration_full_raw=4000.000000; calibration_zero_raw=330.000000; channel_count=30; channel_index=8; measured_resistance_ohm=240.163488; point_count=3; point_index=3; raw=4002.500000; reduced_error_percent=0.068120; section=YTP; target_resistance_ohm=240.000000; ytp_channel=8"
"ytp_channels";"ubsi.ytp.channel.9.2";"ЯТП канал 9 · 240.000000 Ом";240.114;"Ом";238.8;241.2;"OK";"absolute_error_ohm=0.114441; actual_reference_ohm=240.000000; calibration_full_raw=4000.000000; calibration_zero_raw=330.000000; channel_count=30; channel_index=9; measured_resistance_ohm=240.114441; point_count=3; point_index=3; raw=4001.750000; reduced_error_percent=0.047684; section=YTP; target_resistance_ohm=240.000000; ytp_channel=9"
"ytp_channels";"ubsi.ytp.channel.10.2";"ЯТП канал 10 · 240.000000 Ом";240.114;"Ом";238.8;241.2;"OK";"absolute_error_ohm=0.114441; actual_reference_ohm=240.000000; calibration_full_raw=4000.000000; calibration_zero_raw=330.000000; channel_count=30; channel_index=10; measured_resistance_ohm=240.114441; point_count=3; point_index=3; raw=4001.750000; reduced_error_percent=0.047684; section=YTP; target_resistance_ohm=240.000000; ytp_channel=10"
"ytp_channels";"ubsi.ytp.channel.11.2";"ЯТП канал 11 · 240.000000 Ом";240.106;"Ом";238.8;241.2;"OK";"absolute_error_ohm=0.106267; actual_reference_ohm=240.000000; calibration_full_raw=4000.000000; calibration_zero_raw=330.000000; channel_count=30; channel_index=11; measured_resistance_ohm=240.106267; point_count=3; point_index=3; raw=4001.625000; reduced_error_percent=0.044278; section=YTP; target_resistance_ohm=240.000000; ytp_channel=11"
"ytp_channels";"ubsi.ytp.channel.12.2";"ЯТП канал 12 · 240.000000 Ом";240.086;"Ом";238.8;241.2;"OK";"absolute_error_ohm=0.085831; actual_reference_ohm=240.000000; calibration_full_raw=4000.000000; calibration_zero_raw=330.000000; channel_count=30; channel_index=12; measured_resistance_ohm=240.085831; point_count=3; point_index=3; raw=4001.312500; reduced_error_percent=0.035763; section=YTP; target_resistance_ohm=240.000000; ytp_channel=12"
"ytp_channels";"ubsi.ytp.channel.13.2";"ЯТП канал 13 · 240.000000 Ом";240.131;"Ом";238.8;241.2;"OK";"absolute_error_ohm=0.130790; actual_reference_ohm=240.000000; calibration_full_raw=4000.000000; calibration_zero_raw=330.000000; channel_count=30; channel_index=13; measured_resistance_ohm=240.130790; point_count=3; point_index=3; raw=4002.000000; reduced_error_percent=0.054496; section=YTP; target_resistance_ohm=240.000000; ytp_channel=13"
"ytp_channels";"ubsi.ytp.channel.14.2";"ЯТП канал 14 · 240.000000 Ом";240.155;"Ом";238.8;241.2;"OK";"absolute_error_ohm=0.155313; actual_reference_ohm=240.000000; calibration_full_raw=4000.000000; calibration_zero_raw=330.000000; channel_count=30; channel_index=14; measured_resistance_ohm=240.155313; point_count=3; point_index=3; raw=4002.375000; reduced_error_percent=0.064714; section=YTP; target_resistance_ohm=240.000000; ytp_channel=14"
"ytp_channels";"ubsi.ytp.channel.15.2";"ЯТП канал 15 · 240.000000 Ом";240.196;"Ом";238.8;241.2;"OK";"absolute_error_ohm=0.196185; actual_reference_ohm=240.000000; calibration_full_raw=4000.000000; calibration_zero_raw=330.000000; channel_count=30; channel_index=15; measured_resistance_ohm=240.196185; point_count=3; point_index=3; raw=4003.000000; reduced_error_percent=0.081744; section=YTP; target_resistance_ohm=240.000000; ytp_channel=15"
"ytp_channels";"ubsi.ytp.channel.16.2";"ЯТП канал 16 · 240.000000 Ом";240.176;"Ом";238.8;241.2;"OK";"absolute_error_ohm=0.175749; actual_reference_ohm=240.000000; calibration_full_raw=4000.000000; calibration_zero_raw=330.000000; channel_count=30; channel_index=16; measured_resistance_ohm=240.175749; point_count=3; point_index=3; raw=4002.687500; reduced_error_percent=0.073229; section=YTP; target_resistance_ohm=240.000000; ytp_channel=16"
"ytp_channels";"ubsi.ytp.channel.17.2";"ЯТП канал 17 · 240.000000 Ом";240.131;"Ом";238.8;241.2;"OK";"absolute_error_ohm=0.130790; actual_reference_ohm=240.000000; calibration_full_raw=4000.000000; calibration_zero_raw=330.000000; channel_count=30; channel_index=17; measured_resistance_ohm=240.130790; point_count=3; point_index=3; raw=4002.000000; reduced_error_percent=0.054496; section=YTP; target_resistance_ohm=240.000000; ytp_channel=17"
"ytp_channels";"ubsi.ytp.channel.18.2";"ЯТП канал 18 · 240.000000 Ом";240.131;"Ом";238.8;241.2;"OK";"absolute_error_ohm=0.130790; actual_reference_ohm=240.000000; calibration_full_raw=4000.000000; calibration_zero_raw=330.000000; channel_count=30; channel_index=18; measured_resistance_ohm=240.130790; point_count=3; point_index=3; raw=4002.000000; reduced_error_percent=0.054496; section=YTP; target_resistance_ohm=240.000000; ytp_channel=18"
"ytp_channels";"ubsi.ytp.channel.19.2";"ЯТП канал 19 · 240.000000 Ом";240.086;"Ом";238.8;241.2;"OK";"absolute_error_ohm=0.085831; actual_reference_ohm=240.000000; calibration_full_raw=4000.000000; calibration_zero_raw=330.000000; channel_count=30; channel_index=19; measured_resistance_ohm=240.085831; point_count=3; point_index=3; raw=4001.312500; reduced_error_percent=0.035763; section=YTP; target_resistance_ohm=240.000000; ytp_channel=19"
"ytp_channels";"ubsi.ytp.channel.20.2";"ЯТП канал 20 · 240.000000 Ом";240.131;"Ом";238.8;241.2;"OK";"absolute_error_ohm=0.130790; actual_reference_ohm=240.000000; calibration_full_raw=4000.000000; calibration_zero_raw=330.000000; channel_count=30; channel_index=20; measured_resistance_ohm=240.130790; point_count=3; point_index=3; raw=4002.000000; reduced_error_percent=0.054496; section=YTP; target_resistance_ohm=240.000000; ytp_channel=20"
"ytp_channels";"ubsi.ytp.channel.21.2";"ЯТП канал 21 · 240.000000 Ом";240.131;"Ом";238.8;241.2;"OK";"absolute_error_ohm=0.130790; actual_reference_ohm=240.000000; calibration_full_raw=4000.000000; calibration_zero_raw=330.000000; channel_count=30; channel_index=21; measured_resistance_ohm=240.130790; point_count=3; point_index=3; raw=4002.000000; reduced_error_percent=0.054496; section=YTP; target_resistance_ohm=240.000000; ytp_channel=21"
"ytp_channels";"ubsi.ytp.channel.22.2";"ЯТП канал 22 · 240.000000 Ом";240.155;"Ом";238.8;241.2;"OK";"absolute_error_ohm=0.155313; actual_reference_ohm=240.000000; calibration_full_raw=4000.000000; calibration_zero_raw=330.000000; channel_count=30; channel_index=22; measured_resistance_ohm=240.155313; point_count=3; point_index=3; raw=4002.375000; reduced_error_percent=0.064714; section=YTP; target_resistance_ohm=240.000000; ytp_channel=22"
"ytp_channels";"ubsi.ytp.channel.23.2";"ЯТП канал 23 · 240.000000 Ом";240.176;"Ом";238.8;241.2;"OK";"absolute_error_ohm=0.175749; actual_reference_ohm=240.000000; calibration_full_raw=4000.000000; calibration_zero_raw=330.000000; channel_count=30; channel_index=23; measured_resistance_ohm=240.175749; point_count=3; point_index=3; raw=4002.687500; reduced_error_percent=0.073229; section=YTP; target_resistance_ohm=240.000000; ytp_channel=23"
"ytp_channels";"ubsi.ytp.channel.24.2";"ЯТП канал 24 · 240.000000 Ом";240.147;"Ом";238.8;241.2;"OK";"absolute_error_ohm=0.147139; actual_reference_ohm=240.000000; calibration_full_raw=4000.000000; calibration_zero_raw=330.000000; channel_count=30; channel_index=24; measured_resistance_ohm=240.147139; point_count=3; point_index=3; raw=4002.250000; reduced_error_percent=0.061308; section=YTP; target_resistance_ohm=240.000000; ytp_channel=24"
"ytp_channels";"ubsi.ytp.channel.25.2";"ЯТП канал 25 · 240.000000 Ом";240.147;"Ом";238.8;241.2;"OK";"absolute_error_ohm=0.147139; actual_reference_ohm=240.000000; calibration_full_raw=4000.000000; calibration_zero_raw=330.000000; channel_count=30; channel_index=25; measured_resistance_ohm=240.147139; point_count=3; point_index=3; raw=4002.250000; reduced_error_percent=0.061308; section=YTP; target_resistance_ohm=240.000000; ytp_channel=25"
"ytp_channels";"ubsi.ytp.channel.26.2";"ЯТП канал 26 · 240.000000 Ом";240.131;"Ом";238.8;241.2;"OK";"absolute_error_ohm=0.130790; actual_reference_ohm=240.000000; calibration_full_raw=4000.000000; calibration_zero_raw=330.000000; channel_count=30; channel_index=26; measured_resistance_ohm=240.130790; point_count=3; point_index=3; raw=4002.000000; reduced_error_percent=0.054496; section=YTP; target_resistance_ohm=240.000000; ytp_channel=26"
"ytp_channels";"ubsi.ytp.channel.27.2";"ЯТП канал 27 · 240.000000 Ом";240.094;"Ом";238.8;241.2;"OK";"absolute_error_ohm=0.094005; actual_reference_ohm=240.000000; calibration_full_raw=4000.000000; calibration_zero_raw=330.000000; channel_count=30; channel_index=27; measured_resistance_ohm=240.094005; point_count=3; point_index=3; raw=4001.437500; reduced_error_percent=0.039169; section=YTP; target_resistance_ohm=240.000000; ytp_channel=27"
"ytp_channels";"ubsi.ytp.channel.28.2";"ЯТП канал 28 · 240.000000 Ом";240.09;"Ом";238.8;241.2;"OK";"absolute_error_ohm=0.089918; actual_reference_ohm=240.000000; calibration_full_raw=4000.000000; calibration_zero_raw=330.000000; channel_count=30; channel_index=28; measured_resistance_ohm=240.089918; point_count=3; point_index=3; raw=4001.375000; reduced_error_percent=0.037466; section=YTP; target_resistance_ohm=240.000000; ytp_channel=28"
"ytp_channels";"ubsi.ytp.channel.29.2";"ЯТП канал 29 · 240.000000 Ом";240.135;"Ом";238.8;241.2;"OK";"absolute_error_ohm=0.134877; actual_reference_ohm=240.000000; calibration_full_raw=4000.000000; calibration_zero_raw=330.000000; channel_count=30; channel_index=29; measured_resistance_ohm=240.134877; point_count=3; point_index=3; raw=4002.062500; reduced_error_percent=0.056199; section=YTP; target_resistance_ohm=240.000000; ytp_channel=29"
"ytp_channels";"ubsi.ytp.channel.30.2";"ЯТП канал 30 · 240.000000 Ом";240.196;"Ом";238.8;241.2;"OK";"absolute_error_ohm=0.196185; actual_reference_ohm=240.000000; calibration_full_raw=4000.000000; calibration_zero_raw=330.000000; channel_count=30; channel_index=30; measured_resistance_ohm=240.196185; point_count=3; point_index=3; raw=4003.000000; reduced_error_percent=0.081744; section=YTP; target_resistance_ohm=240.000000; ytp_channel=30"
"power_off";"ubsi.supply.safe_off";"Безопасное отключение АКИП";0;"лог.";0;0;"OK";"output_enabled=0; supply_current_a=0.000000; supply_voltage_v=0.000000"
