Этап;Параметр;Наименование;Измерено;Единица;Нижняя граница;Верхняя граница;Результат;Атрибуты
"readiness";"ubsi.ready_time";"Время готовности";2.91051;"с";0;30;"OK";""
"supply_range";"ubsi.supply.voltage";"Фактическое питание при уставке 24.000000 В";23.989;"В";23.5;24.5;"OK";"setpoint_v=24.000000; supply_current_a=0.177000"
"supply_range";"ubsi.supply.total_current";"Общий ток потребления УБСИ при 24.000000 В";0.177;"А";0;0.4;"OK";"hardware_current_limit_a=0.600000; measurement_scope=whole_ubsi; setpoint_v=24.000000"
"supply_range";"ubsi.supply.data_alive";"Передача данных при 24.000000 В";1;"лог.";1;1;"OK";""
"supply_range";"ubsi.supply.voltage";"Фактическое питание при уставке 27.000000 В";26.979;"В";26.5;27.5;"OK";"setpoint_v=27.000000; supply_current_a=0.159000"
"supply_range";"ubsi.supply.total_current";"Общий ток потребления УБСИ при 27.000000 В";0.159;"А";0;0.4;"OK";"hardware_current_limit_a=0.600000; measurement_scope=whole_ubsi; setpoint_v=27.000000"
"supply_range";"ubsi.supply.data_alive";"Передача данных при 27.000000 В";1;"лог.";1;1;"OK";""
"supply_range";"ubsi.supply.voltage";"Фактическое питание при уставке 35.000000 В";34.999;"В";34.5;35.5;"OK";"setpoint_v=35.000000; supply_current_a=0.135000"
"supply_range";"ubsi.supply.total_current";"Общий ток потребления УБСИ при 35.000000 В";0.135;"А";0;0.4;"OK";"hardware_current_limit_a=0.600000; measurement_scope=whole_ubsi; setpoint_v=35.000000"
"supply_range";"ubsi.supply.data_alive";"Передача данных при 35.000000 В";1;"лог.";1;1;"OK";""
"yalk_calibration";"ubsi.yalk.calibration";"Опорное воздействие калибровки ЯЛК";6.14509;"В";5.5;6.8;"OK";"full_address=99; full_code=923.000000; scale_voltage_v=6.200000; stimulus_command_v=6.200000; v7_v=6.145092; zero_address=97; zero_code=124.562500"
"yalk_initial";"ubsi.yalk.initial.1";"ЯЛК адрес 1: обрыв";-0.967249;"В";-6.2;-1e-12;"OK";"analog_code=0.000000; raw=1024.000000; signal=1; ulk_address=1; yalk_v=-0.967249"
"yalk_initial";"ubsi.yalk.initial.2";"ЯЛК адрес 2: обрыв";-0.0529002;"В";-6.2;-1e-12;"OK";"analog_code=117.750000; raw=117.750000; signal=0; ulk_address=2; yalk_v=-0.052900"
"yalk_initial";"ubsi.yalk.initial.3";"ЯЛК адрес 3: обрыв";0.0402818;"В";-6.2;-1e-12;"FAIL";"analog_code=129.750000; raw=129.750000; signal=0; ulk_address=3; yalk_v=0.040282"
"yalk_initial";"ubsi.yalk.initial.4";"ЯЛК адрес 4: обрыв";0.0771663;"В";-6.2;-1e-12;"FAIL";"analog_code=134.500000; raw=134.500000; signal=0; ulk_address=4; yalk_v=0.077166"
"yalk_initial";"ubsi.yalk.initial.5";"ЯЛК адрес 5: обрыв";0.20335;"В";-6.2;-1e-12;"FAIL";"analog_code=150.750000; raw=150.750000; signal=0; ulk_address=5; yalk_v=0.203350"
"yalk_initial";"ubsi.yalk.initial.6";"ЯЛК адрес 6: обрыв";0.240235;"В";-6.2;-1e-12;"FAIL";"analog_code=155.500000; raw=155.500000; signal=0; ulk_address=6; yalk_v=0.240235"
"yalk_initial";"ubsi.yalk.initial.7";"ЯЛК адрес 7: обрыв";0.378067;"В";-6.2;-1e-12;"FAIL";"analog_code=173.250000; raw=173.250000; signal=0; ulk_address=7; yalk_v=0.378067"
"yalk_initial";"ubsi.yalk.initial.8";"ЯЛК адрес 8: обрыв";0.430481;"В";-6.2;-1e-12;"FAIL";"analog_code=180.000000; raw=180.000000; signal=0; ulk_address=8; yalk_v=0.430481"
"yalk_initial";"ubsi.yalk.initial.9";"ЯЛК адрес 9: обрыв";0.556665;"В";-6.2;-1e-12;"FAIL";"analog_code=196.250000; raw=196.250000; signal=0; ulk_address=9; yalk_v=0.556665"
"yalk_initial";"ubsi.yalk.initial.10";"ЯЛК адрес 10: обрыв";0.500368;"В";-6.2;-1e-12;"FAIL";"analog_code=189.000000; raw=189.000000; signal=0; ulk_address=10; yalk_v=0.500368"
"yalk_initial";"ubsi.yalk.initial.11";"ЯЛК адрес 11: обрыв";2.35818;"В";-6.2;-1e-12;"FAIL";"analog_code=428.250000; raw=1452.250000; signal=1; ulk_address=11; yalk_v=2.358184"
"yalk_initial";"ubsi.yalk.initial.12";"ЯЛК адрес 12: обрыв";2.45719;"В";-6.2;-1e-12;"FAIL";"analog_code=441.000000; raw=1465.000000; signal=1; ulk_address=12; yalk_v=2.457190"
"yalk_initial";"ubsi.yalk.initial.13";"ЯЛК адрес 13: обрыв";2.47854;"В";-6.2;-1e-12;"FAIL";"analog_code=443.750000; raw=1467.750000; signal=1; ulk_address=13; yalk_v=2.478544"
"yalk_initial";"ubsi.yalk.initial.14";"ЯЛК адрес 14: обрыв";2.56978;"В";-6.2;-1e-12;"FAIL";"analog_code=455.500000; raw=1479.500000; signal=1; ulk_address=14; yalk_v=2.569785"
"yalk_initial";"ubsi.yalk.initial.15";"ЯЛК адрес 15: обрыв";2.65132;"В";-6.2;-1e-12;"FAIL";"analog_code=466.000000; raw=1490.000000; signal=1; ulk_address=15; yalk_v=2.651319"
"yalk_initial";"ubsi.yalk.initial.16";"ЯЛК адрес 16: обрыв";2.64938;"В";-6.2;-1e-12;"FAIL";"analog_code=465.750000; raw=1489.750000; signal=1; ulk_address=16; yalk_v=2.649378"
"yalk_initial";"ubsi.yalk.initial.17";"ЯЛК адрес 17: обрыв";2.60473;"В";-6.2;-1e-12;"FAIL";"analog_code=460.000000; raw=1484.000000; signal=1; ulk_address=17; yalk_v=2.604728"
"yalk_initial";"ubsi.yalk.initial.18";"ЯЛК адрес 18: обрыв";2.76391;"В";-6.2;-1e-12;"FAIL";"analog_code=480.500000; raw=1504.500000; signal=1; ulk_address=18; yalk_v=2.763914"
"yalk_initial";"ubsi.yalk.initial.19";"ЯЛК адрес 19: обрыв";2.74256;"В";-6.2;-1e-12;"FAIL";"analog_code=477.750000; raw=1501.750000; signal=1; ulk_address=19; yalk_v=2.742560"
"yalk_initial";"ubsi.yalk.initial.20";"ЯЛК адрес 20: обрыв";2.84545;"В";-6.2;-1e-12;"FAIL";"analog_code=491.000000; raw=1515.000000; signal=1; ulk_address=20; yalk_v=2.845448"
"yalk_initial";"ubsi.yalk.initial.21";"ЯЛК адрес 21: обрыв";2.79497;"В";-6.2;-1e-12;"FAIL";"analog_code=484.500000; raw=1508.500000; signal=1; ulk_address=21; yalk_v=2.794975"
"yalk_initial";"ubsi.yalk.initial.22";"ЯЛК адрес 22: обрыв";2.99493;"В";-6.2;-1e-12;"FAIL";"analog_code=510.250000; raw=1534.250000; signal=1; ulk_address=22; yalk_v=2.994928"
"yalk_initial";"ubsi.yalk.initial.23";"ЯЛК адрес 23: обрыв";2.94445;"В";-6.2;-1e-12;"FAIL";"analog_code=503.750000; raw=1527.750000; signal=1; ulk_address=23; yalk_v=2.944454"
"yalk_initial";"ubsi.yalk.initial.24";"ЯЛК адрес 24: обрыв";3.00463;"В";-6.2;-1e-12;"FAIL";"analog_code=511.500000; raw=1535.500000; signal=1; ulk_address=24; yalk_v=3.004634"
"yalk_initial";"ubsi.yalk.initial.25";"ЯЛК адрес 25: обрыв";3.0784;"В";-6.2;-1e-12;"FAIL";"analog_code=521.000000; raw=1545.000000; signal=1; ulk_address=25; yalk_v=3.078403"
"yalk_initial";"ubsi.yalk.initial.26";"ЯЛК адрес 26: обрыв";3.09976;"В";-6.2;-1e-12;"FAIL";"analog_code=523.750000; raw=1547.750000; signal=1; ulk_address=26; yalk_v=3.099757"
"yalk_initial";"ubsi.yalk.initial.27";"ЯЛК адрес 27: обрыв";3.17159;"В";-6.2;-1e-12;"FAIL";"analog_code=533.000000; raw=1557.000000; signal=1; ulk_address=27; yalk_v=3.171585"
"yalk_initial";"ubsi.yalk.initial.28";"ЯЛК адрес 28: обрыв";3.26088;"В";-6.2;-1e-12;"FAIL";"analog_code=544.500000; raw=1568.500000; signal=1; ulk_address=28; yalk_v=3.260885"
"yalk_initial";"ubsi.yalk.initial.32";"ЯЛК адрес 32: обрыв";3.39677;"В";-6.2;-1e-12;"FAIL";"analog_code=562.000000; raw=1586.000000; signal=1; ulk_address=32; yalk_v=3.396775"
"yalk_initial";"ubsi.yalk.initial.33";"ЯЛК адрес 33: обрыв";3.49384;"В";-6.2;-1e-12;"FAIL";"analog_code=574.500000; raw=1598.500000; signal=1; ulk_address=33; yalk_v=3.493840"
"yalk_initial";"ubsi.yalk.initial.34";"ЯЛК адрес 34: обрыв";3.42589;"В";-6.2;-1e-12;"FAIL";"analog_code=565.750000; raw=1589.750000; signal=1; ulk_address=34; yalk_v=3.425894"
"yalk_initial";"ubsi.yalk.initial.35";"ЯЛК адрес 35: обрыв";3.53267;"В";-6.2;-1e-12;"FAIL";"analog_code=579.500000; raw=1603.500000; signal=1; ulk_address=35; yalk_v=3.532665"
"yalk_initial";"ubsi.yalk.initial.36";"ЯЛК адрес 36: обрыв";3.51519;"В";-6.2;-1e-12;"FAIL";"analog_code=577.250000; raw=1601.250000; signal=1; ulk_address=36; yalk_v=3.515194"
"yalk_initial";"ubsi.yalk.initial.37";"ЯЛК адрес 37: обрыв";3.69379;"В";-6.2;-1e-12;"FAIL";"analog_code=600.250000; raw=1624.250000; signal=1; ulk_address=37; yalk_v=3.693793"
"yalk_initial";"ubsi.yalk.initial.38";"ЯЛК адрес 38: обрыв";3.71321;"В";-6.2;-1e-12;"FAIL";"analog_code=602.750000; raw=1626.750000; signal=1; ulk_address=38; yalk_v=3.713205"
"yalk_initial";"ubsi.yalk.initial.39";"ЯЛК адрес 39: обрыв";3.77144;"В";-6.2;-1e-12;"FAIL";"analog_code=610.250000; raw=1634.250000; signal=1; ulk_address=39; yalk_v=3.771444"
"yalk_initial";"ubsi.yalk.initial.40";"ЯЛК адрес 40: обрыв";3.82192;"В";-6.2;-1e-12;"FAIL";"analog_code=616.750000; raw=1640.750000; signal=1; ulk_address=40; yalk_v=3.821918"
"yalk_initial";"ubsi.yalk.initial.41";"ЯЛК адрес 41: обрыв";3.8025;"В";-6.2;-1e-12;"FAIL";"analog_code=614.250000; raw=1638.250000; signal=1; ulk_address=41; yalk_v=3.802505"
"yalk_initial";"ubsi.yalk.initial.42";"ЯЛК адрес 42: обрыв";3.8588;"В";-6.2;-1e-12;"FAIL";"analog_code=621.500000; raw=1645.500000; signal=1; ulk_address=42; yalk_v=3.858802"
"yalk_initial";"ubsi.yalk.initial.43";"ЯЛК адрес 43: обрыв";3.93257;"В";-6.2;-1e-12;"FAIL";"analog_code=631.000000; raw=1655.000000; signal=1; ulk_address=43; yalk_v=3.932571"
"yalk_initial";"ubsi.yalk.initial.45";"ЯЛК адрес 45: обрыв";4.08011;"В";-6.2;-1e-12;"FAIL";"analog_code=650.000000; raw=1674.000000; signal=1; ulk_address=45; yalk_v=4.080110"
"yalk_initial";"ubsi.yalk.initial.46";"ЯЛК адрес 46: обрыв";4.09564;"В";-6.2;-1e-12;"FAIL";"analog_code=652.000000; raw=1676.000000; signal=1; ulk_address=46; yalk_v=4.095640"
"yalk_initial";"ubsi.yalk.initial.47";"ЯЛК адрес 47: обрыв";4.05876;"В";-6.2;-1e-12;"FAIL";"analog_code=647.250000; raw=1671.250000; signal=1; ulk_address=47; yalk_v=4.058755"
"yalk_initial";"ubsi.yalk.initial.48";"ЯЛК адрес 48: обрыв";4.17135;"В";-6.2;-1e-12;"FAIL";"analog_code=661.750000; raw=1685.750000; signal=1; ulk_address=48; yalk_v=4.171350"
"yalk_initial";"ubsi.yalk.initial.49";"ЯЛК адрес 49: обрыв";4.21406;"В";-6.2;-1e-12;"FAIL";"analog_code=667.250000; raw=1691.250000; signal=1; ulk_address=49; yalk_v=4.214059"
"yalk_initial";"ubsi.yalk.initial.50";"ЯЛК адрес 50: обрыв";4.28783;"В";-6.2;-1e-12;"FAIL";"analog_code=676.750000; raw=1700.750000; signal=1; ulk_address=50; yalk_v=4.287828"
"yalk_initial";"ubsi.yalk.initial.51";"ЯЛК адрес 51: обрыв";4.32277;"В";-6.2;-1e-12;"FAIL";"analog_code=681.250000; raw=1705.250000; signal=1; ulk_address=51; yalk_v=4.322771"
"yalk_initial";"ubsi.yalk.initial.52";"ЯЛК адрес 52: обрыв";4.37907;"В";-6.2;-1e-12;"FAIL";"analog_code=688.500000; raw=1712.500000; signal=1; ulk_address=52; yalk_v=4.379068"
"yalk_initial";"ubsi.yalk.initial.53";"ЯЛК адрес 53: обрыв";4.44507;"В";-6.2;-1e-12;"FAIL";"analog_code=697.000000; raw=1721.000000; signal=1; ulk_address=53; yalk_v=4.445072"
"yalk_initial";"ubsi.yalk.initial.54";"ЯЛК адрес 54: обрыв";4.45284;"В";-6.2;-1e-12;"FAIL";"analog_code=698.000000; raw=1722.000000; signal=1; ulk_address=54; yalk_v=4.452838"
"yalk_initial";"ubsi.yalk.initial.55";"ЯЛК адрес 55: обрыв";4.64503;"В";-6.2;-1e-12;"FAIL";"analog_code=722.750000; raw=1746.750000; signal=1; ulk_address=55; yalk_v=4.645025"
"yalk_initial";"ubsi.yalk.initial.56";"ЯЛК адрес 56: обрыв";4.57902;"В";-6.2;-1e-12;"FAIL";"analog_code=714.250000; raw=1738.250000; signal=1; ulk_address=56; yalk_v=4.579022"
"yalk_initial";"ubsi.yalk.initial.57";"ЯЛК адрес 57: обрыв";4.65085;"В";-6.2;-1e-12;"FAIL";"analog_code=723.500000; raw=1747.500000; signal=1; ulk_address=57; yalk_v=4.650849"
"yalk_initial";"ubsi.yalk.initial.58";"ЯЛК адрес 58: обрыв";4.66444;"В";-6.2;-1e-12;"FAIL";"analog_code=725.250000; raw=1749.250000; signal=1; ulk_address=58; yalk_v=4.664438"
"yalk_initial";"ubsi.yalk.initial.59";"ЯЛК адрес 59: обрыв";4.72656;"В";-6.2;-1e-12;"FAIL";"analog_code=733.250000; raw=1757.250000; signal=1; ulk_address=59; yalk_v=4.726560"
"yalk_initial";"ubsi.yalk.initial.60";"ЯЛК адрес 60: обрыв";4.78092;"В";-6.2;-1e-12;"FAIL";"analog_code=740.250000; raw=1764.250000; signal=1; ulk_address=60; yalk_v=4.780916"
"yalk_initial";"ubsi.yalk.initial.61";"ЯЛК адрес 61: обрыв";4.84886;"В";-6.2;-1e-12;"FAIL";"analog_code=749.000000; raw=1773.000000; signal=1; ulk_address=61; yalk_v=4.848861"
"yalk_initial";"ubsi.yalk.initial.62";"ЯЛК адрес 62: обрыв";4.89157;"В";-6.2;-1e-12;"FAIL";"analog_code=754.500000; raw=1778.500000; signal=1; ulk_address=62; yalk_v=4.891569"
"yalk_initial";"ubsi.yalk.initial.63";"ЯЛК адрес 63: обрыв";5.02552;"В";-6.2;-1e-12;"FAIL";"analog_code=771.750000; raw=1795.750000; signal=1; ulk_address=63; yalk_v=5.025519"
"yalk_initial";"ubsi.yalk.initial.64";"ЯЛК адрес 64: обрыв";4.92263;"В";-6.2;-1e-12;"FAIL";"analog_code=758.500000; raw=1782.500000; signal=1; ulk_address=64; yalk_v=4.922630"
"yalk_initial";"ubsi.yalk.initial.65";"ЯЛК адрес 65: обрыв";5.04299;"В";-6.2;-1e-12;"FAIL";"analog_code=774.000000; raw=1798.000000; signal=1; ulk_address=65; yalk_v=5.042990"
"yalk_initial";"ubsi.yalk.initial.66";"ЯЛК адрес 66: обрыв";5.06434;"В";-6.2;-1e-12;"FAIL";"analog_code=776.750000; raw=1800.750000; signal=1; ulk_address=66; yalk_v=5.064344"
"yalk_initial";"ubsi.yalk.initial.67";"ЯЛК адрес 67: обрыв";-0.967249;"В";-6.2;-1e-12;"OK";"analog_code=0.000000; raw=1024.000000; signal=1; ulk_address=67; yalk_v=-0.967249"
"yalk_initial";"ubsi.yalk.initial.68";"ЯЛК адрес 68: обрыв";-0.967249;"В";-6.2;-1e-12;"OK";"analog_code=0.000000; raw=1024.000000; signal=1; ulk_address=68; yalk_v=-0.967249"
"yalk_initial";"ubsi.yalk.initial.69";"ЯЛК адрес 69: обрыв";-0.967249;"В";-6.2;-1e-12;"OK";"analog_code=0.000000; raw=1024.000000; signal=1; ulk_address=69; yalk_v=-0.967249"
"yalk_initial";"ubsi.yalk.initial.70";"ЯЛК адрес 70: обрыв";-0.967249;"В";-6.2;-1e-12;"OK";"analog_code=0.000000; raw=1024.000000; signal=1; ulk_address=70; yalk_v=-0.967249"
"yalk_initial";"ubsi.yalk.initial.74";"ЯЛК адрес 74: обрыв";-0.967249;"В";-6.2;-1e-12;"OK";"analog_code=0.000000; raw=1024.000000; signal=1; ulk_address=74; yalk_v=-0.967249"
"yalk_initial";"ubsi.yalk.initial.75";"ЯЛК адрес 75: обрыв";-0.967249;"В";-6.2;-1e-12;"OK";"analog_code=0.000000; raw=1024.000000; signal=1; ulk_address=75; yalk_v=-0.967249"
"yalk_initial";"ubsi.yalk.initial.76";"ЯЛК адрес 76: обрыв";-0.967249;"В";-6.2;-1e-12;"OK";"analog_code=0.000000; raw=1024.000000; signal=1; ulk_address=76; yalk_v=-0.967249"
"yalk_initial";"ubsi.yalk.initial.77";"ЯЛК адрес 77: обрыв";-0.967249;"В";-6.2;-1e-12;"OK";"analog_code=0.000000; raw=1024.000000; signal=1; ulk_address=77; yalk_v=-0.967249"
"yalk_initial";"ubsi.yalk.initial.78";"ЯЛК адрес 78: обрыв";-0.967249;"В";-6.2;-1e-12;"OK";"analog_code=0.000000; raw=1024.000000; signal=1; ulk_address=78; yalk_v=-0.967249"
"yalk_initial";"ubsi.yalk.initial.79";"ЯЛК адрес 79: обрыв";-0.967249;"В";-6.2;-1e-12;"OK";"analog_code=0.000000; raw=1024.000000; signal=1; ulk_address=79; yalk_v=-0.967249"
"yalk_initial";"ubsi.yalk.initial.80";"ЯЛК адрес 80: обрыв";-0.967249;"В";-6.2;-1e-12;"OK";"analog_code=0.000000; raw=1024.000000; signal=1; ulk_address=80; yalk_v=-0.967249"
"yalk_initial";"ubsi.yalk.initial.81";"ЯЛК адрес 81: обрыв";-0.967249;"В";-6.2;-1e-12;"OK";"analog_code=0.000000; raw=1024.000000; signal=1; ulk_address=81; yalk_v=-0.967249"
"yalk_initial";"ubsi.yalk.initial.82";"ЯЛК адрес 82: обрыв";-0.967249;"В";-6.2;-1e-12;"OK";"analog_code=0.000000; raw=1024.000000; signal=1; ulk_address=82; yalk_v=-0.967249"
"yalk_initial";"ubsi.yalk.initial.83";"ЯЛК адрес 83: обрыв";-0.967249;"В";-6.2;-1e-12;"OK";"analog_code=0.000000; raw=1024.000000; signal=1; ulk_address=83; yalk_v=-0.967249"
"yalk_initial";"ubsi.yalk.initial.84";"ЯЛК адрес 84: обрыв";-0.967249;"В";-6.2;-1e-12;"OK";"analog_code=0.000000; raw=1024.000000; signal=1; ulk_address=84; yalk_v=-0.967249"
"yalk_initial";"ubsi.yalk.initial.85";"ЯЛК адрес 85: обрыв";-0.967249;"В";-6.2;-1e-12;"OK";"analog_code=0.000000; raw=1024.000000; signal=1; ulk_address=85; yalk_v=-0.967249"
"yalk_initial";"ubsi.yalk.initial.86";"ЯЛК адрес 86: обрыв";-0.967249;"В";-6.2;-1e-12;"OK";"analog_code=0.000000; raw=1024.000000; signal=1; ulk_address=86; yalk_v=-0.967249"
"yalk_initial";"ubsi.yalk.initial.87";"ЯЛК адрес 87: обрыв";-0.967249;"В";-6.2;-1e-12;"OK";"analog_code=0.000000; raw=1024.000000; signal=1; ulk_address=87; yalk_v=-0.967249"
"yalk_channels";"ubsi.yalk.channel.1.0";"ЯЛК адрес 1 · 0.000000 В";0.0495029;"В";0.0220551;0.0840551;"OK";"absolute_error_v=0.003552; analog_code=130.937500; channel=1; channel_count=80; channel_index=1; command_v=0.000000; lower_limit_v=0.022055; point_count=3; point_index=1; raw=130.937500; reduced_error_percent=0.057294; scan_order=channel_major; section=YALK; ulk_address=1; upper_limit_v=0.084055; v7_v=0.053055; yalk_v=0.049503"
"yalk_channels";"ubsi.yalk.channel.1.1";"ЯЛК адрес 1 · 3.100000 В";3.08423;"В";3.06614;3.12814;"OK";"absolute_error_v=0.012918; analog_code=521.750000; channel=1; channel_count=80; channel_index=1; command_v=3.100000; lower_limit_v=3.066145; point_count=3; point_index=2; raw=1545.750000; reduced_error_percent=0.208349; scan_order=channel_major; section=YALK; ulk_address=1; upper_limit_v=3.128145; v7_v=3.097145; yalk_v=3.084227"
"yalk_channels";"ubsi.yalk.channel.1.2";"ЯЛК адрес 1 · 6.200000 В";6.1306;"В";6.11399;6.17599;"OK";"absolute_error_v=0.014396; analog_code=914.062500; channel=1; channel_count=80; channel_index=1; command_v=6.200000; lower_limit_v=6.113995; point_count=3; point_index=3; raw=1938.062500; reduced_error_percent=0.232189; scan_order=channel_major; section=YALK; ulk_address=1; upper_limit_v=6.175995; v7_v=6.144995; yalk_v=6.130599"
"yalk_channels";"ubsi.yalk.channel.2.0";"ЯЛК адрес 2 · 0.000000 В";-0.0737691;"В";-0.10781;-0.0458102;"OK";"absolute_error_v=0.003041; analog_code=115.062500; channel=2; channel_count=80; channel_index=2; command_v=0.000000; lower_limit_v=-0.107810; point_count=3; point_index=1; raw=115.062500; reduced_error_percent=0.049050; scan_order=channel_major; section=YALK; ulk_address=2; upper_limit_v=-0.045810; v7_v=-0.076810; yalk_v=-0.073769"
"yalk_channels";"ubsi.yalk.channel.2.1";"ЯЛК адрес 2 · 3.100000 В";2.94009;"В";2.91278;2.97478;"OK";"absolute_error_v=0.003696; analog_code=503.187500; channel=2; channel_count=80; channel_index=2; command_v=3.100000; lower_limit_v=2.912782; point_count=3; point_index=2; raw=1527.187500; reduced_error_percent=0.059612; scan_order=channel_major; section=YALK; ulk_address=2; upper_limit_v=2.974782; v7_v=2.943782; yalk_v=2.940086"
"yalk_channels";"ubsi.yalk.channel.2.2";"ЯЛК адрес 2 · 6.200000 В";5.96947;"В";5.95083;6.01283;"OK";"absolute_error_v=0.012358; analog_code=893.312500; channel=2; channel_count=80; channel_index=2; command_v=6.200000; lower_limit_v=5.950830; point_count=3; point_index=3; raw=1917.312500; reduced_error_percent=0.199325; scan_order=channel_major; section=YALK; ulk_address=2; upper_limit_v=6.012830; v7_v=5.981830; yalk_v=5.969472"
"yalk_channels";"ubsi.yalk.channel.3.0";"ЯЛК адрес 3 · 0.000000 В";-0.0635773;"В";-0.0946328;-0.0326328;"OK";"absolute_error_v=0.000056; analog_code=116.375000; channel=3; channel_count=80; channel_index=3; command_v=0.000000; lower_limit_v=-0.094633; point_count=3; point_index=1; raw=116.375000; reduced_error_percent=0.000896; scan_order=channel_major; section=YALK; ulk_address=3; upper_limit_v=-0.032633; v7_v=-0.063633; yalk_v=-0.063577"
"yalk_channels";"ubsi.yalk.channel.3.1";"ЯЛК адрес 3 · 3.100000 В";2.98716;"В";2.96313;3.02513;"OK";"absolute_error_v=0.006972; analog_code=509.250000; channel=3; channel_count=80; channel_index=3; command_v=3.100000; lower_limit_v=2.963134; point_count=3; point_index=2; raw=1533.250000; reduced_error_percent=0.112451; scan_order=channel_major; section=YALK; ulk_address=3; upper_limit_v=3.025134; v7_v=2.994134; yalk_v=2.987162"
"yalk_channels";"ubsi.yalk.channel.3.2";"ЯЛК адрес 3 · 6.200000 В";6.03159;"В";6.01476;6.07676;"OK";"absolute_error_v=0.014164; analog_code=901.312500; channel=3; channel_count=80; channel_index=3; command_v=6.200000; lower_limit_v=6.014757; point_count=3; point_index=3; raw=1925.312500; reduced_error_percent=0.228459; scan_order=channel_major; section=YALK; ulk_address=3; upper_limit_v=6.076757; v7_v=6.045757; yalk_v=6.031593"
"yalk_channels";"ubsi.yalk.channel.4.0";"ЯЛК адрес 4 · 0.000000 В";-0.0975499;"В";-0.127896;-0.0658961;"OK";"absolute_error_v=0.000654; analog_code=112.000000; channel=4; channel_count=80; channel_index=4; command_v=0.000000; lower_limit_v=-0.127896; point_count=3; point_index=1; raw=112.000000; reduced_error_percent=0.010545; scan_order=channel_major; section=YALK; ulk_address=4; upper_limit_v=-0.065896; v7_v=-0.096896; yalk_v=-0.097550"
"yalk_channels";"ubsi.yalk.channel.4.1";"ЯЛК адрес 4 · 3.100000 В";2.94203;"В";2.91638;2.97838;"OK";"absolute_error_v=0.005352; analog_code=503.437500; channel=4; channel_count=80; channel_index=4; command_v=3.100000; lower_limit_v=2.916380; point_count=3; point_index=2; raw=1527.437500; reduced_error_percent=0.086325; scan_order=channel_major; section=YALK; ulk_address=4; upper_limit_v=2.978380; v7_v=2.947380; yalk_v=2.942027"
"yalk_channels";"ubsi.yalk.channel.4.2";"ЯЛК адрес 4 · 6.200000 В";5.985;"В";5.96393;6.02593;"OK";"absolute_error_v=0.009924; analog_code=895.312500; channel=4; channel_count=80; channel_index=4; command_v=6.200000; lower_limit_v=5.963926; point_count=3; point_index=3; raw=1919.312500; reduced_error_percent=0.160067; scan_order=channel_major; section=YALK; ulk_address=4; upper_limit_v=6.025926; v7_v=5.994926; yalk_v=5.985002"
"yalk_channels";"ubsi.yalk.channel.5.0";"ЯЛК адрес 5 · 0.000000 В";-0.0393112;"В";-0.0710885;-0.00908848;"OK";"absolute_error_v=0.000777; analog_code=119.500000; channel=5; channel_count=80; channel_index=5; command_v=0.000000; lower_limit_v=-0.071088; point_count=3; point_index=1; raw=119.500000; reduced_error_percent=0.012538; scan_order=channel_major; section=YALK; ulk_address=5; upper_limit_v=-0.009088; v7_v=-0.040088; yalk_v=-0.039311"
"yalk_channels";"ubsi.yalk.channel.5.1";"ЯЛК адрес 5 · 3.100000 В";2.9726;"В";2.94706;3.00906;"OK";"absolute_error_v=0.005459; analog_code=507.375000; channel=5; channel_count=80; channel_index=5; command_v=3.100000; lower_limit_v=2.947061; point_count=3; point_index=2; raw=1531.375000; reduced_error_percent=0.088044; scan_order=channel_major; section=YALK; ulk_address=5; upper_limit_v=3.009061; v7_v=2.978061; yalk_v=2.972603"
"yalk_channels";"ubsi.yalk.channel.5.2";"ЯЛК адрес 5 · 6.200000 В";5.99665;"В";5.97734;6.03934;"OK";"absolute_error_v=0.011689; analog_code=896.812500; channel=5; channel_count=80; channel_index=5; command_v=6.200000; lower_limit_v=5.977339; point_count=3; point_index=3; raw=1920.812500; reduced_error_percent=0.188530; scan_order=channel_major; section=YALK; ulk_address=5; upper_limit_v=6.039339; v7_v=6.008339; yalk_v=5.996650"
"yalk_channels";"ubsi.yalk.channel.6.0";"ЯЛК адрес 6 · 0.000000 В";-0.079593;"В";-0.109472;-0.0474717;"OK";"absolute_error_v=0.001121; analog_code=114.312500; channel=6; channel_count=80; channel_index=6; command_v=0.000000; lower_limit_v=-0.109472; point_count=3; point_index=1; raw=114.312500; reduced_error_percent=0.018084; scan_order=channel_major; section=YALK; ulk_address=6; upper_limit_v=-0.047472; v7_v=-0.078472; yalk_v=-0.079593"
"yalk_channels";"ubsi.yalk.channel.6.1";"ЯЛК адрес 6 · 3.100000 В";2.96726;"В";2.94502;3.00702;"OK";"absolute_error_v=0.008755; analog_code=506.687500; channel=6; channel_count=80; channel_index=6; command_v=3.100000; lower_limit_v=2.945020; point_count=3; point_index=2; raw=1530.687500; reduced_error_percent=0.141215; scan_order=channel_major; section=YALK; ulk_address=6; upper_limit_v=3.007020; v7_v=2.976020; yalk_v=2.967264"
"yalk_channels";"ubsi.yalk.channel.6.2";"ЯЛК адрес 6 · 6.200000 В";6.01267;"В";5.99611;6.05811;"OK";"absolute_error_v=0.014450; analog_code=898.875000; channel=6; channel_count=80; channel_index=6; command_v=6.200000; lower_limit_v=5.996115; point_count=3; point_index=3; raw=1922.875000; reduced_error_percent=0.233057; scan_order=channel_major; section=YALK; ulk_address=6; upper_limit_v=6.058115; v7_v=6.027115; yalk_v=6.012665"
"yalk_channels";"ubsi.yalk.channel.7.0";"ЯЛК адрес 7 · 0.000000 В";-0.00436791;"В";-0.0386043;0.0233957;"OK";"absolute_error_v=0.003236; analog_code=124.000000; channel=7; channel_count=80; channel_index=7; command_v=0.000000; lower_limit_v=-0.038604; point_count=3; point_index=1; raw=124.000000; reduced_error_percent=0.052200; scan_order=channel_major; section=YALK; ulk_address=7; upper_limit_v=0.023396; v7_v=-0.007604; yalk_v=-0.004368"
"yalk_channels";"ubsi.yalk.channel.7.1";"ЯЛК адрес 7 · 3.100000 В";3.02987;"В";2.99981;3.06181;"OK";"absolute_error_v=0.000934; analog_code=514.750000; channel=7; channel_count=80; channel_index=7; command_v=3.100000; lower_limit_v=2.999805; point_count=3; point_index=2; raw=1538.750000; reduced_error_percent=0.015069; scan_order=channel_major; section=YALK; ulk_address=7; upper_limit_v=3.061805; v7_v=3.030805; yalk_v=3.029871"
"yalk_channels";"ubsi.yalk.channel.7.2";"ЯЛК адрес 7 · 6.200000 В";6.05586;"В";6.03088;6.09288;"OK";"absolute_error_v=0.006023; analog_code=904.437500; channel=7; channel_count=80; channel_index=7; command_v=6.200000; lower_limit_v=6.030882; point_count=3; point_index=3; raw=1928.437500; reduced_error_percent=0.097147; scan_order=channel_major; section=YALK; ulk_address=7; upper_limit_v=6.092882; v7_v=6.061882; yalk_v=6.055859"
"yalk_channels";"ubsi.yalk.channel.8.0";"ЯЛК адрес 8 · 0.000000 В";-0.0223249;"В";-0.0513976;0.0106024;"OK";"absolute_error_v=0.001927; analog_code=121.687500; channel=8; channel_count=80; channel_index=8; command_v=0.000000; lower_limit_v=-0.051398; point_count=3; point_index=1; raw=121.687500; reduced_error_percent=0.031085; scan_order=channel_major; section=YALK; ulk_address=8; upper_limit_v=0.010602; v7_v=-0.020398; yalk_v=-0.022325"
"yalk_channels";"ubsi.yalk.channel.8.1";"ЯЛК адрес 8 · 3.100000 В";3.01628;"В";2.9946;3.0566;"OK";"absolute_error_v=0.009317; analog_code=513.000000; channel=8; channel_count=80; channel_index=8; command_v=3.100000; lower_limit_v=2.994599; point_count=3; point_index=2; raw=1537.000000; reduced_error_percent=0.150273; scan_order=channel_major; section=YALK; ulk_address=8; upper_limit_v=3.056599; v7_v=3.025599; yalk_v=3.016282"
"yalk_channels";"ubsi.yalk.channel.8.2";"ЯЛК адрес 8 · 6.200000 В";6.06557;"В";6.0434;6.1054;"OK";"absolute_error_v=0.008833; analog_code=905.687500; channel=8; channel_count=80; channel_index=8; command_v=6.200000; lower_limit_v=6.043398; point_count=3; point_index=3; raw=1929.687500; reduced_error_percent=0.142460; scan_order=channel_major; section=YALK; ulk_address=8; upper_limit_v=6.105398; v7_v=6.074398; yalk_v=6.065566"
"yalk_channels";"ubsi.yalk.channel.9.0";"ЯЛК адрес 9 · 0.000000 В";0.00776517;"В";-0.0227337;0.0392663;"OK";"absolute_error_v=0.000501; analog_code=125.562500; channel=9; channel_count=80; channel_index=9; command_v=0.000000; lower_limit_v=-0.022734; point_count=3; point_index=1; raw=125.562500; reduced_error_percent=0.008083; scan_order=channel_major; section=YALK; ulk_address=9; upper_limit_v=0.039266; v7_v=0.008266; yalk_v=0.007765"
"yalk_channels";"ubsi.yalk.channel.9.1";"ЯЛК адрес 9 · 3.100000 В";3.0255;"В";3.00578;3.06778;"OK";"absolute_error_v=0.011278; analog_code=514.187500; channel=9; channel_count=80; channel_index=9; command_v=3.100000; lower_limit_v=3.005781; point_count=3; point_index=2; raw=1538.187500; reduced_error_percent=0.181901; scan_order=channel_major; section=YALK; ulk_address=9; upper_limit_v=3.067781; v7_v=3.036781; yalk_v=3.025503"
"yalk_channels";"ubsi.yalk.channel.9.2";"ЯЛК адрес 9 · 6.200000 В";6.04906;"В";6.02667;6.08867;"OK";"absolute_error_v=0.008606; analog_code=903.562500; channel=9; channel_count=80; channel_index=9; command_v=6.200000; lower_limit_v=6.026670; point_count=3; point_index=3; raw=1927.562500; reduced_error_percent=0.138804; scan_order=channel_major; section=YALK; ulk_address=9; upper_limit_v=6.088670; v7_v=6.057670; yalk_v=6.049065"
"yalk_channels";"ubsi.yalk.channel.10.0";"ЯЛК адрес 10 · 0.000000 В";-0.112595;"В";-0.150692;-0.0886917;"OK";"absolute_error_v=0.007097; analog_code=110.062500; channel=10; channel_count=80; channel_index=10; command_v=0.000000; lower_limit_v=-0.150692; point_count=3; point_index=1; raw=110.062500; reduced_error_percent=0.114465; scan_order=channel_major; section=YALK; ulk_address=10; upper_limit_v=-0.088692; v7_v=-0.119692; yalk_v=-0.112595"
"yalk_channels";"ubsi.yalk.channel.10.1";"ЯЛК адрес 10 · 3.100000 В";2.91582;"В";2.89366;2.95566;"OK";"absolute_error_v=0.008841; analog_code=500.062500; channel=10; channel_count=80; channel_index=10; command_v=3.100000; lower_limit_v=2.893661; point_count=3; point_index=2; raw=1524.062500; reduced_error_percent=0.142605; scan_order=channel_major; section=YALK; ulk_address=10; upper_limit_v=2.955661; v7_v=2.924661; yalk_v=2.915820"
"yalk_channels";"ubsi.yalk.channel.10.2";"ЯЛК адрес 10 · 6.200000 В";5.94618;"В";5.92729;5.98929;"OK";"absolute_error_v=0.012115; analog_code=890.312500; channel=10; channel_count=80; channel_index=10; command_v=6.200000; lower_limit_v=5.927291; point_count=3; point_index=3; raw=1914.312500; reduced_error_percent=0.195404; scan_order=channel_major; section=YALK; ulk_address=10; upper_limit_v=5.989291; v7_v=5.958291; yalk_v=5.946176"
"yalk_channels";"ubsi.yalk.channel.11.0";"ЯЛК адрес 11 · 0.000000 В";-0.0873581;"В";-0.115271;-0.0532715;"OK";"absolute_error_v=0.003087; analog_code=113.312500; channel=11; channel_count=80; channel_index=11; command_v=0.000000; lower_limit_v=-0.115271; point_count=3; point_index=1; raw=113.312500; reduced_error_percent=0.049785; scan_order=channel_major; section=YALK; ulk_address=11; upper_limit_v=-0.053271; v7_v=-0.084271; yalk_v=-0.087358"
"yalk_channels";"ubsi.yalk.channel.11.1";"ЯЛК адрес 11 · 3.100000 В";2.96144;"В";2.93422;2.99622;"OK";"absolute_error_v=0.003778; analog_code=505.937500; channel=11; channel_count=80; channel_index=11; command_v=3.100000; lower_limit_v=2.934219; point_count=3; point_index=2; raw=1529.937500; reduced_error_percent=0.060939; scan_order=channel_major; section=YALK; ulk_address=11; upper_limit_v=2.996219; v7_v=2.965219; yalk_v=2.961440"
"yalk_channels";"ubsi.yalk.channel.11.2";"ЯЛК адрес 11 · 6.200000 В";5.99811;"В";5.97717;6.03917;"OK";"absolute_error_v=0.010068; analog_code=897.000000; channel=11; channel_count=80; channel_index=11; command_v=6.200000; lower_limit_v=5.977174; point_count=3; point_index=3; raw=1921.000000; reduced_error_percent=0.162394; scan_order=channel_major; section=YALK; ulk_address=11; upper_limit_v=6.039174; v7_v=6.008174; yalk_v=5.998106"
"yalk_channels";"ubsi.yalk.channel.12.0";"ЯЛК адрес 12 · 0.000000 В";-0.045135;"В";-0.0760863;-0.0140863;"OK";"absolute_error_v=0.000049; analog_code=118.750000; channel=12; channel_count=80; channel_index=12; command_v=0.000000; lower_limit_v=-0.076086; point_count=3; point_index=1; raw=118.750000; reduced_error_percent=0.000785; scan_order=channel_major; section=YALK; ulk_address=12; upper_limit_v=-0.014086; v7_v=-0.045086; yalk_v=-0.045135"
"yalk_channels";"ubsi.yalk.channel.12.1";"ЯЛК адрес 12 · 3.100000 В";2.98765;"В";2.96278;3.02478;"OK";"absolute_error_v=0.006129; analog_code=509.312500; channel=12; channel_count=80; channel_index=12; command_v=3.100000; lower_limit_v=2.962777; point_count=3; point_index=2; raw=1533.312500; reduced_error_percent=0.098853; scan_order=channel_major; section=YALK; ulk_address=12; upper_limit_v=3.024777; v7_v=2.993777; yalk_v=2.987648"
"yalk_channels";"ubsi.yalk.channel.12.2";"ЯЛК адрес 12 · 6.200000 В";6.01752;"В";6.0006;6.0626;"OK";"absolute_error_v=0.014085; analog_code=899.500000; channel=12; channel_count=80; channel_index=12; command_v=6.200000; lower_limit_v=6.000604; point_count=3; point_index=3; raw=1923.500000; reduced_error_percent=0.227181; scan_order=channel_major; section=YALK; ulk_address=12; upper_limit_v=6.062604; v7_v=6.031604; yalk_v=6.017519"
"yalk_channels";"ubsi.yalk.channel.13.0";"ЯЛК адрес 13 · 0.000000 В";-0.0635773;"В";-0.0946321;-0.0326321;"OK";"absolute_error_v=0.000055; analog_code=116.375000; channel=13; channel_count=80; channel_index=13; command_v=0.000000; lower_limit_v=-0.094632; point_count=3; point_index=1; raw=116.375000; reduced_error_percent=0.000883; scan_order=channel_major; section=YALK; ulk_address=13; upper_limit_v=-0.032632; v7_v=-0.063632; yalk_v=-0.063577"
"yalk_channels";"ubsi.yalk.channel.13.1";"ЯЛК адрес 13 · 3.100000 В";2.96581;"В";2.94188;3.00388;"OK";"absolute_error_v=0.007077; analog_code=506.500000; channel=13; channel_count=80; channel_index=13; command_v=3.100000; lower_limit_v=2.941885; point_count=3; point_index=2; raw=1530.500000; reduced_error_percent=0.114138; scan_order=channel_major; section=YALK; ulk_address=13; upper_limit_v=3.003885; v7_v=2.972885; yalk_v=2.965808"
"yalk_channels";"ubsi.yalk.channel.13.2";"ЯЛК адрес 13 · 6.200000 В";5.99762;"В";5.97915;6.04115;"OK";"absolute_error_v=0.012532; analog_code=896.937500; channel=13; channel_count=80; channel_index=13; command_v=6.200000; lower_limit_v=5.979152; point_count=3; point_index=3; raw=1920.937500; reduced_error_percent=0.202129; scan_order=channel_major; section=YALK; ulk_address=13; upper_limit_v=6.041152; v7_v=6.010152; yalk_v=5.997620"
"yalk_channels";"ubsi.yalk.channel.14.0";"ЯЛК адрес 14 · 0.000000 В";-0.0538708;"В";-0.0846807;-0.0226807;"OK";"absolute_error_v=0.000190; analog_code=117.625000; channel=14; channel_count=80; channel_index=14; command_v=0.000000; lower_limit_v=-0.084681; point_count=3; point_index=1; raw=117.625000; reduced_error_percent=0.003068; scan_order=channel_major; section=YALK; ulk_address=14; upper_limit_v=-0.022681; v7_v=-0.053681; yalk_v=-0.053871"
"yalk_channels";"ubsi.yalk.channel.14.1";"ЯЛК адрес 14 · 3.100000 В";3.00997;"В";2.9855;3.0475;"OK";"absolute_error_v=0.006532; analog_code=512.187500; channel=14; channel_count=80; channel_index=14; command_v=3.100000; lower_limit_v=2.985504; point_count=3; point_index=2; raw=1536.187500; reduced_error_percent=0.105350; scan_order=channel_major; section=YALK; ulk_address=14; upper_limit_v=3.047504; v7_v=3.016504; yalk_v=3.009973"
"yalk_channels";"ubsi.yalk.channel.14.2";"ЯЛК адрес 14 · 6.200000 В";6.07479;"В";6.05708;6.11908;"OK";"absolute_error_v=0.013289; analog_code=906.875000; channel=14; channel_count=80; channel_index=14; command_v=6.200000; lower_limit_v=6.057076; point_count=3; point_index=3; raw=1930.875000; reduced_error_percent=0.214346; scan_order=channel_major; section=YALK; ulk_address=14; upper_limit_v=6.119076; v7_v=6.088076; yalk_v=6.074787"
"yalk_channels";"ubsi.yalk.channel.15.0";"ЯЛК адрес 15 · 0.000000 В";-0.0116477;"В";-0.0379134;0.0240866;"OK";"absolute_error_v=0.004734; analog_code=123.062500; channel=15; channel_count=80; channel_index=15; command_v=0.000000; lower_limit_v=-0.037913; point_count=3; point_index=1; raw=123.062500; reduced_error_percent=0.076360; scan_order=channel_major; section=YALK; ulk_address=15; upper_limit_v=0.024087; v7_v=-0.006913; yalk_v=-0.011648"
"yalk_channels";"ubsi.yalk.channel.15.1";"ЯЛК адрес 15 · 3.100000 В";3.03618;"В";3.01444;3.07644;"OK";"absolute_error_v=0.009259; analog_code=515.562500; channel=15; channel_count=80; channel_index=15; command_v=3.100000; lower_limit_v=3.014439; point_count=3; point_index=2; raw=1539.562500; reduced_error_percent=0.149334; scan_order=channel_major; section=YALK; ulk_address=15; upper_limit_v=3.076439; v7_v=3.045439; yalk_v=3.036180"
"yalk_channels";"ubsi.yalk.channel.15.2";"ЯЛК адрес 15 · 6.200000 В";6.0743;"В";6.05687;6.11887;"OK";"absolute_error_v=0.013573; analog_code=906.812500; channel=15; channel_count=80; channel_index=15; command_v=6.200000; lower_limit_v=6.056874; point_count=3; point_index=3; raw=1930.812500; reduced_error_percent=0.218912; scan_order=channel_major; section=YALK; ulk_address=15; upper_limit_v=6.118874; v7_v=6.087874; yalk_v=6.074301"
"yalk_channels";"ubsi.yalk.channel.16.0";"ЯЛК адрес 16 · 0.000000 В";-0.0461057;"В";-0.0731957;-0.0111957;"OK";"absolute_error_v=0.003910; analog_code=118.625000; channel=16; channel_count=80; channel_index=16; command_v=0.000000; lower_limit_v=-0.073196; point_count=3; point_index=1; raw=118.625000; reduced_error_percent=0.063065; scan_order=channel_major; section=YALK; ulk_address=16; upper_limit_v=-0.011196; v7_v=-0.042196; yalk_v=-0.046106"
"yalk_channels";"ubsi.yalk.channel.16.1";"ЯЛК адрес 16 · 3.100000 В";2.98716;"В";2.9664;3.0284;"OK";"absolute_error_v=0.010237; analog_code=509.250000; channel=16; channel_count=80; channel_index=16; command_v=3.100000; lower_limit_v=2.966400; point_count=3; point_index=2; raw=1533.250000; reduced_error_percent=0.165117; scan_order=channel_major; section=YALK; ulk_address=16; upper_limit_v=3.028400; v7_v=2.997400; yalk_v=2.987162"
"yalk_channels";"ubsi.yalk.channel.16.2";"ЯЛК адрес 16 · 6.200000 В";6.02625;"В";6.00709;6.06909;"OK";"absolute_error_v=0.011840; analog_code=900.625000; channel=16; channel_count=80; channel_index=16; command_v=6.200000; lower_limit_v=6.007095; point_count=3; point_index=3; raw=1924.625000; reduced_error_percent=0.190973; scan_order=channel_major; section=YALK; ulk_address=16; upper_limit_v=6.069095; v7_v=6.038095; yalk_v=6.026254"
"yalk_channels";"ubsi.yalk.channel.17.0";"ЯЛК адрес 17 · 0.000000 В";-0.131037;"В";-0.16001;-0.09801;"OK";"absolute_error_v=0.002027; analog_code=107.687500; channel=17; channel_count=80; channel_index=17; command_v=0.000000; lower_limit_v=-0.160010; point_count=3; point_index=1; raw=107.687500; reduced_error_percent=0.032697; scan_order=channel_major; section=YALK; ulk_address=17; upper_limit_v=-0.098010; v7_v=-0.129010; yalk_v=-0.131037"
"yalk_channels";"ubsi.yalk.channel.17.1";"ЯЛК адрес 17 · 3.100000 В";2.90077;"В";2.87813;2.94013;"OK";"absolute_error_v=0.008356; analog_code=498.125000; channel=17; channel_count=80; channel_index=17; command_v=3.100000; lower_limit_v=2.878131; point_count=3; point_index=2; raw=1522.125000; reduced_error_percent=0.134773; scan_order=channel_major; section=YALK; ulk_address=17; upper_limit_v=2.940131; v7_v=2.909131; yalk_v=2.900775"
"yalk_channels";"ubsi.yalk.channel.17.2";"ЯЛК адрес 17 · 6.200000 В";5.94957;"В";5.92554;5.98754;"OK";"absolute_error_v=0.006962; analog_code=890.750000; channel=17; channel_count=80; channel_index=17; command_v=6.200000; lower_limit_v=5.925536; point_count=3; point_index=3; raw=1914.750000; reduced_error_percent=0.112295; scan_order=channel_major; section=YALK; ulk_address=17; upper_limit_v=5.987536; v7_v=5.956536; yalk_v=5.949573"
"yalk_channels";"ubsi.yalk.channel.18.0";"ЯЛК адрес 18 · 0.000000 В";-0.00679452;"В";-0.0344855;0.0275145;"OK";"absolute_error_v=0.003309; analog_code=123.687500; channel=18; channel_count=80; channel_index=18; command_v=0.000000; lower_limit_v=-0.034486; point_count=3; point_index=1; raw=123.687500; reduced_error_percent=0.053371; scan_order=channel_major; section=YALK; ulk_address=18; upper_limit_v=0.027514; v7_v=-0.003486; yalk_v=-0.006795"
"yalk_channels";"ubsi.yalk.channel.18.1";"ЯЛК адрес 18 · 3.100000 В";3.00706;"В";2.98322;3.04522;"OK";"absolute_error_v=0.007158; analog_code=511.812500; channel=18; channel_count=80; channel_index=18; command_v=3.100000; lower_limit_v=2.983219; point_count=3; point_index=2; raw=1535.812500; reduced_error_percent=0.115455; scan_order=channel_major; section=YALK; ulk_address=18; upper_limit_v=3.045219; v7_v=3.014219; yalk_v=3.007061"
"yalk_channels";"ubsi.yalk.channel.18.2";"ЯЛК адрес 18 · 6.200000 В";6.01655;"В";5.99937;6.06137;"OK";"absolute_error_v=0.013823; analog_code=899.375000; channel=18; channel_count=80; channel_index=18; command_v=6.200000; lower_limit_v=5.999371; point_count=3; point_index=3; raw=1923.375000; reduced_error_percent=0.222956; scan_order=channel_major; section=YALK; ulk_address=18; upper_limit_v=6.061371; v7_v=6.030371; yalk_v=6.016548"
"yalk_channels";"ubsi.yalk.channel.19.0";"ЯЛК адрес 19 · 0.000000 В";-0.102403;"В";-0.131382;-0.0693817;"OK";"absolute_error_v=0.002021; analog_code=111.375000; channel=19; channel_count=80; channel_index=19; command_v=0.000000; lower_limit_v=-0.131382; point_count=3; point_index=1; raw=111.375000; reduced_error_percent=0.032604; scan_order=channel_major; section=YALK; ulk_address=19; upper_limit_v=-0.069382; v7_v=-0.100382; yalk_v=-0.102403"
"yalk_channels";"ubsi.yalk.channel.19.1";"ЯЛК адрес 19 · 3.100000 В";2.93378;"В";2.91245;2.97445;"OK";"absolute_error_v=0.009673; analog_code=502.375000; channel=19; channel_count=80; channel_index=19; command_v=3.100000; lower_limit_v=2.912450; point_count=3; point_index=2; raw=1526.375000; reduced_error_percent=0.156021; scan_order=channel_major; section=YALK; ulk_address=19; upper_limit_v=2.974450; v7_v=2.943450; yalk_v=2.933777"
"yalk_channels";"ubsi.yalk.channel.19.2";"ЯЛК адрес 19 · 6.200000 В";5.95977;"В";5.94249;6.00449;"OK";"absolute_error_v=0.013728; analog_code=892.062500; channel=19; channel_count=80; channel_index=19; command_v=6.200000; lower_limit_v=5.942493; point_count=3; point_index=3; raw=1916.062500; reduced_error_percent=0.221419; scan_order=channel_major; section=YALK; ulk_address=19; upper_limit_v=6.004493; v7_v=5.973493; yalk_v=5.959765"
"yalk_channels";"ubsi.yalk.channel.20.0";"ЯЛК адрес 20 · 0.000000 В";-0.0383405;"В";-0.0717382;-0.00973824;"OK";"absolute_error_v=0.002398; analog_code=119.625000; channel=20; channel_count=80; channel_index=20; command_v=0.000000; lower_limit_v=-0.071738; point_count=3; point_index=1; raw=119.625000; reduced_error_percent=0.038673; scan_order=channel_major; section=YALK; ulk_address=20; upper_limit_v=-0.009738; v7_v=-0.040738; yalk_v=-0.038341"
"yalk_channels";"ubsi.yalk.channel.20.1";"ЯЛК адрес 20 · 3.100000 В";2.98619;"В";2.96351;3.02551;"OK";"absolute_error_v=0.008318; analog_code=509.125000; channel=20; channel_count=80; channel_index=20; command_v=3.100000; lower_limit_v=2.963510; point_count=3; point_index=2; raw=1533.125000; reduced_error_percent=0.134166; scan_order=channel_major; section=YALK; ulk_address=20; upper_limit_v=3.025510; v7_v=2.994510; yalk_v=2.986192"
"yalk_channels";"ubsi.yalk.channel.20.2";"ЯЛК адрес 20 · 6.200000 В";6.01897;"В";5.9988;6.0608;"OK";"absolute_error_v=0.010823; analog_code=899.687500; channel=20; channel_count=80; channel_index=20; command_v=6.200000; lower_limit_v=5.998797; point_count=3; point_index=3; raw=1923.687500; reduced_error_percent=0.174557; scan_order=channel_major; section=YALK; ulk_address=20; upper_limit_v=6.060797; v7_v=6.029797; yalk_v=6.018975"
"yalk_channels";"ubsi.yalk.channel.21.0";"ЯЛК адрес 21 · 0.000000 В";-0.1422;"В";-0.172651;-0.110651;"OK";"absolute_error_v=0.000549; analog_code=106.250000; channel=21; channel_count=80; channel_index=21; command_v=0.000000; lower_limit_v=-0.172651; point_count=3; point_index=1; raw=106.250000; reduced_error_percent=0.008850; scan_order=channel_major; section=YALK; ulk_address=21; upper_limit_v=-0.110651; v7_v=-0.141651; yalk_v=-0.142200"
"yalk_channels";"ubsi.yalk.channel.21.1";"ЯЛК адрес 21 · 3.100000 В";2.88039;"В";2.85589;2.91789;"OK";"absolute_error_v=0.006497; analog_code=495.500000; channel=21; channel_count=80; channel_index=21; command_v=3.100000; lower_limit_v=2.855889; point_count=3; point_index=2; raw=1519.500000; reduced_error_percent=0.104794; scan_order=channel_major; section=YALK; ulk_address=21; upper_limit_v=2.917889; v7_v=2.886889; yalk_v=2.880391"
"yalk_channels";"ubsi.yalk.channel.21.2";"ЯЛК адрес 21 · 6.200000 В";5.90638;"В";5.88606;5.94806;"OK";"absolute_error_v=0.010680; analog_code=885.187500; channel=21; channel_count=80; channel_index=21; command_v=6.200000; lower_limit_v=5.886059; point_count=3; point_index=3; raw=1909.187500; reduced_error_percent=0.172251; scan_order=channel_major; section=YALK; ulk_address=21; upper_limit_v=5.948059; v7_v=5.917059; yalk_v=5.906380"
"yalk_channels";"ubsi.yalk.channel.22.0";"ЯЛК адрес 22 · 0.000000 В";0.0160157;"В";-0.0158114;0.0461886;"OK";"absolute_error_v=0.000827; analog_code=126.625000; channel=22; channel_count=80; channel_index=22; command_v=0.000000; lower_limit_v=-0.015811; point_count=3; point_index=1; raw=126.625000; reduced_error_percent=0.013339; scan_order=channel_major; section=YALK; ulk_address=22; upper_limit_v=0.046189; v7_v=0.015189; yalk_v=0.016016"
"yalk_channels";"ubsi.yalk.channel.22.1";"ЯЛК адрес 22 · 3.100000 В";3.03909;"В";3.01706;3.07906;"OK";"absolute_error_v=0.008971; analog_code=515.937500; channel=22; channel_count=80; channel_index=22; command_v=3.100000; lower_limit_v=3.017063; point_count=3; point_index=2; raw=1539.937500; reduced_error_percent=0.144695; scan_order=channel_major; section=YALK; ulk_address=22; upper_limit_v=3.079063; v7_v=3.048063; yalk_v=3.039092"
"yalk_channels";"ubsi.yalk.channel.22.2";"ЯЛК адрес 22 · 6.200000 В";6.0777;"В";6.05848;6.12048;"OK";"absolute_error_v=0.011778; analog_code=907.250000; channel=22; channel_count=80; channel_index=22; command_v=6.200000; lower_limit_v=6.058477; point_count=3; point_index=3; raw=1931.250000; reduced_error_percent=0.189976; scan_order=channel_major; section=YALK; ulk_address=22; upper_limit_v=6.120477; v7_v=6.089477; yalk_v=6.077699"
"yalk_channels";"ubsi.yalk.channel.23.0";"ЯЛК адрес 23 · 0.000000 В";-0.0723131;"В";-0.100593;-0.0385933;"OK";"absolute_error_v=0.002720; analog_code=115.250000; channel=23; channel_count=80; channel_index=23; command_v=0.000000; lower_limit_v=-0.100593; point_count=3; point_index=1; raw=115.250000; reduced_error_percent=0.043868; scan_order=channel_major; section=YALK; ulk_address=23; upper_limit_v=-0.038593; v7_v=-0.069593; yalk_v=-0.072313"
"yalk_channels";"ubsi.yalk.channel.23.1";"ЯЛК адрес 23 · 3.100000 В";2.9464;"В";2.92554;2.98754;"OK";"absolute_error_v=0.010140; analog_code=504.000000; channel=23; channel_count=80; channel_index=23; command_v=3.100000; lower_limit_v=2.925536; point_count=3; point_index=2; raw=1528.000000; reduced_error_percent=0.163554; scan_order=channel_major; section=YALK; ulk_address=23; upper_limit_v=2.987536; v7_v=2.956536; yalk_v=2.946395"
"yalk_channels";"ubsi.yalk.channel.23.2";"ЯЛК адрес 23 · 6.200000 В";5.96753;"В";5.9547;6.0167;"OK";"absolute_error_v=0.018175; analog_code=893.062500; channel=23; channel_count=80; channel_index=23; command_v=6.200000; lower_limit_v=5.954705; point_count=3; point_index=3; raw=1917.062500; reduced_error_percent=0.293139; scan_order=channel_major; section=YALK; ulk_address=23; upper_limit_v=6.016705; v7_v=5.985705; yalk_v=5.967530"
"yalk_channels";"ubsi.yalk.channel.24.0";"ЯЛК адрес 24 · 0.000000 В";-0.0994912;"В";-0.129146;-0.0671461;"OK";"absolute_error_v=0.001345; analog_code=111.750000; channel=24; channel_count=80; channel_index=24; command_v=0.000000; lower_limit_v=-0.129146; point_count=3; point_index=1; raw=111.750000; reduced_error_percent=0.021695; scan_order=channel_major; section=YALK; ulk_address=24; upper_limit_v=-0.067146; v7_v=-0.098146; yalk_v=-0.099491"
"yalk_channels";"ubsi.yalk.channel.24.1";"ЯЛК адрес 24 · 3.100000 В";2.95416;"В";2.92942;2.99142;"OK";"absolute_error_v=0.006260; analog_code=505.000000; channel=24; channel_count=80; channel_index=24; command_v=3.100000; lower_limit_v=2.929420; point_count=3; point_index=2; raw=1529.000000; reduced_error_percent=0.100968; scan_order=channel_major; section=YALK; ulk_address=24; upper_limit_v=2.991420; v7_v=2.960420; yalk_v=2.954160"
"yalk_channels";"ubsi.yalk.channel.24.2";"ЯЛК адрес 24 · 6.200000 В";6.0015;"В";5.98006;6.04206;"OK";"absolute_error_v=0.009561; analog_code=897.437500; channel=24; channel_count=80; channel_index=24; command_v=6.200000; lower_limit_v=5.980064; point_count=3; point_index=3; raw=1921.437500; reduced_error_percent=0.154206; scan_order=channel_major; section=YALK; ulk_address=24; upper_limit_v=6.042064; v7_v=6.011064; yalk_v=6.001503"
"yalk_channels";"ubsi.yalk.channel.25.0";"ЯЛК адрес 25 · 0.000000 В";-0.0718278;"В";-0.0920666;-0.0300666;"OK";"absolute_error_v=0.010761; analog_code=115.312500; channel=25; channel_count=80; channel_index=25; command_v=0.000000; lower_limit_v=-0.092067; point_count=3; point_index=1; raw=115.312500; reduced_error_percent=0.173567; scan_order=channel_major; section=YALK; ulk_address=25; upper_limit_v=-0.030067; v7_v=-0.061067; yalk_v=-0.071828"
"yalk_channels";"ubsi.yalk.channel.25.1";"ЯЛК адрес 25 · 3.100000 В";2.976;"В";2.9573;3.0193;"OK";"absolute_error_v=0.012304; analog_code=507.812500; channel=25; channel_count=80; channel_index=25; command_v=3.100000; lower_limit_v=2.957304; point_count=3; point_index=2; raw=1531.812500; reduced_error_percent=0.198457; scan_order=channel_major; section=YALK; ulk_address=25; upper_limit_v=3.019304; v7_v=2.988304; yalk_v=2.976000"
"yalk_channels";"ubsi.yalk.channel.25.2";"ЯЛК адрес 25 · 6.200000 В";6.01267;"В";5.99709;6.05909;"OK";"absolute_error_v=0.015427; analog_code=898.875000; channel=25; channel_count=80; channel_index=25; command_v=6.200000; lower_limit_v=5.997092; point_count=3; point_index=3; raw=1922.875000; reduced_error_percent=0.248819; scan_order=channel_major; section=YALK; ulk_address=25; upper_limit_v=6.059092; v7_v=6.028092; yalk_v=6.012665"
"yalk_channels";"ubsi.yalk.channel.26.0";"ЯЛК адрес 26 · 0.000000 В";-0.0892994;"В";-0.118871;-0.0568713;"OK";"absolute_error_v=0.001428; analog_code=113.062500; channel=26; channel_count=80; channel_index=26; command_v=0.000000; lower_limit_v=-0.118871; point_count=3; point_index=1; raw=113.062500; reduced_error_percent=0.023034; scan_order=channel_major; section=YALK; ulk_address=26; upper_limit_v=-0.056871; v7_v=-0.087871; yalk_v=-0.089299"
"yalk_channels";"ubsi.yalk.channel.26.1";"ЯЛК адрес 26 · 3.100000 В";2.94348;"В";2.9239;2.9859;"OK";"absolute_error_v=0.011418; analog_code=503.625000; channel=26; channel_count=80; channel_index=26; command_v=3.100000; lower_limit_v=2.923902; point_count=3; point_index=2; raw=1527.625000; reduced_error_percent=0.184168; scan_order=channel_major; section=YALK; ulk_address=26; upper_limit_v=2.985902; v7_v=2.954902; yalk_v=2.943483"
"yalk_channels";"ubsi.yalk.channel.26.2";"ЯЛК адрес 26 · 6.200000 В";5.99859;"В";5.97307;6.03507;"OK";"absolute_error_v=0.005476; analog_code=897.062500; channel=26; channel_count=80; channel_index=26; command_v=6.200000; lower_limit_v=5.973067; point_count=3; point_index=3; raw=1921.062500; reduced_error_percent=0.088316; scan_order=channel_major; section=YALK; ulk_address=26; upper_limit_v=6.035067; v7_v=6.004067; yalk_v=5.998591"
"yalk_channels";"ubsi.yalk.channel.27.0";"ЯЛК адрес 27 · 0.000000 В";-0.048047;"В";-0.0752783;-0.0132783;"OK";"absolute_error_v=0.003769; analog_code=118.375000; channel=27; channel_count=80; channel_index=27; command_v=0.000000; lower_limit_v=-0.075278; point_count=3; point_index=1; raw=118.375000; reduced_error_percent=0.060785; scan_order=channel_major; section=YALK; ulk_address=27; upper_limit_v=-0.013278; v7_v=-0.044278; yalk_v=-0.048047"
"yalk_channels";"ubsi.yalk.channel.27.1";"ЯЛК адрес 27 · 3.100000 В";2.97454;"В";2.94966;3.01166;"OK";"absolute_error_v=0.006116; analog_code=507.625000; channel=27; channel_count=80; channel_index=27; command_v=3.100000; lower_limit_v=2.949660; point_count=3; point_index=2; raw=1531.625000; reduced_error_percent=0.098652; scan_order=channel_major; section=YALK; ulk_address=27; upper_limit_v=3.011660; v7_v=2.980660; yalk_v=2.974544"
"yalk_channels";"ubsi.yalk.channel.27.2";"ЯЛК адрес 27 · 6.200000 В";5.98063;"В";5.95809;6.02009;"OK";"absolute_error_v=0.008459; analog_code=894.750000; channel=27; channel_count=80; channel_index=27; command_v=6.200000; lower_limit_v=5.958093; point_count=3; point_index=3; raw=1918.750000; reduced_error_percent=0.136437; scan_order=channel_major; section=YALK; ulk_address=27; upper_limit_v=6.020093; v7_v=5.989093; yalk_v=5.980634"
"yalk_channels";"ubsi.yalk.channel.28.0";"ЯЛК адрес 28 · 0.000000 В";-0.00485323;"В";-0.039954;0.022046;"OK";"absolute_error_v=0.004101; analog_code=123.937500; channel=28; channel_count=80; channel_index=28; command_v=0.000000; lower_limit_v=-0.039954; point_count=3; point_index=1; raw=123.937500; reduced_error_percent=0.066141; scan_order=channel_major; section=YALK; ulk_address=28; upper_limit_v=0.022046; v7_v=-0.008954; yalk_v=-0.004853"
"yalk_channels";"ubsi.yalk.channel.28.1";"ЯЛК адрес 28 · 3.100000 В";3.00997;"В";2.9879;3.0499;"OK";"absolute_error_v=0.008929; analog_code=512.187500; channel=28; channel_count=80; channel_index=28; command_v=3.100000; lower_limit_v=2.987901; point_count=3; point_index=2; raw=1536.187500; reduced_error_percent=0.144008; scan_order=channel_major; section=YALK; ulk_address=28; upper_limit_v=3.049901; v7_v=3.018901; yalk_v=3.009973"
"yalk_channels";"ubsi.yalk.channel.28.2";"ЯЛК адрес 28 · 6.200000 В";6.04809;"В";6.02746;6.08946;"OK";"absolute_error_v=0.010364; analog_code=903.437500; channel=28; channel_count=80; channel_index=28; command_v=6.200000; lower_limit_v=6.027458; point_count=3; point_index=3; raw=1927.437500; reduced_error_percent=0.167166; scan_order=channel_major; section=YALK; ulk_address=28; upper_limit_v=6.089458; v7_v=6.058458; yalk_v=6.048094"
"yalk_channels";"ubsi.yalk.channel.32.0";"ЯЛК адрес 32 · 0.000000 В";-0.0800783;"В";-0.112316;-0.0503163;"OK";"absolute_error_v=0.001238; analog_code=114.250000; channel=29; channel_count=80; channel_index=29; command_v=0.000000; lower_limit_v=-0.112316; point_count=3; point_index=1; raw=114.250000; reduced_error_percent=0.019967; scan_order=channel_major; section=YALK; ulk_address=32; upper_limit_v=-0.050316; v7_v=-0.081316; yalk_v=-0.080078"
"yalk_channels";"ubsi.yalk.channel.32.1";"ЯЛК адрес 32 · 3.100000 В";2.94203;"В";2.91886;2.98086;"OK";"absolute_error_v=0.007828; analog_code=503.437500; channel=29; channel_count=80; channel_index=29; command_v=3.100000; lower_limit_v=2.918855; point_count=3; point_index=2; raw=1527.437500; reduced_error_percent=0.126257; scan_order=channel_major; section=YALK; ulk_address=32; upper_limit_v=2.980855; v7_v=2.949855; yalk_v=2.942027"
"yalk_channels";"ubsi.yalk.channel.32.2";"ЯЛК адрес 32 · 6.200000 В";5.97918;"В";5.95835;6.02035;"OK";"absolute_error_v=0.010167; analog_code=894.562500; channel=29; channel_count=80; channel_index=29; command_v=6.200000; lower_limit_v=5.958345; point_count=3; point_index=3; raw=1918.562500; reduced_error_percent=0.163987; scan_order=channel_major; section=YALK; ulk_address=32; upper_limit_v=6.020345; v7_v=5.989345; yalk_v=5.979178"
"yalk_channels";"ubsi.yalk.channel.33.0";"ЯЛК адрес 33 · 0.000000 В";-0.0558121;"В";-0.0853554;-0.0233554;"OK";"absolute_error_v=0.001457; analog_code=117.375000; channel=30; channel_count=80; channel_index=30; command_v=0.000000; lower_limit_v=-0.085355; point_count=3; point_index=1; raw=117.375000; reduced_error_percent=0.023495; scan_order=channel_major; section=YALK; ulk_address=33; upper_limit_v=-0.023355; v7_v=-0.054355; yalk_v=-0.055812"
"yalk_channels";"ubsi.yalk.channel.33.1";"ЯЛК адрес 33 · 3.100000 В";3.00124;"В";2.97743;3.03943;"OK";"absolute_error_v=0.007188; analog_code=511.062500; channel=30; channel_count=80; channel_index=30; command_v=3.100000; lower_limit_v=2.977425; point_count=3; point_index=2; raw=1535.062500; reduced_error_percent=0.115943; scan_order=channel_major; section=YALK; ulk_address=33; upper_limit_v=3.039425; v7_v=3.008425; yalk_v=3.001237"
"yalk_channels";"ubsi.yalk.channel.33.2";"ЯЛК адрес 33 · 6.200000 В";6.05101;"В";6.03348;6.09548;"OK";"absolute_error_v=0.013475; analog_code=903.812500; channel=30; channel_count=80; channel_index=30; command_v=6.200000; lower_limit_v=6.033481; point_count=3; point_index=3; raw=1927.812500; reduced_error_percent=0.217345; scan_order=channel_major; section=YALK; ulk_address=33; upper_limit_v=6.095481; v7_v=6.064481; yalk_v=6.051006"
"yalk_channels";"ubsi.yalk.channel.34.0";"ЯЛК адрес 34 · 0.000000 В";-0.131523;"В";-0.165783;-0.103783;"OK";"absolute_error_v=0.003261; analog_code=107.625000; channel=31; channel_count=80; channel_index=31; command_v=0.000000; lower_limit_v=-0.165783; point_count=3; point_index=1; raw=107.625000; reduced_error_percent=0.052594; scan_order=channel_major; section=YALK; ulk_address=34; upper_limit_v=-0.103783; v7_v=-0.134783; yalk_v=-0.131523"
"yalk_channels";"ubsi.yalk.channel.34.1";"ЯЛК адрес 34 · 3.100000 В";2.88524;"В";2.86297;2.92497;"OK";"absolute_error_v=0.008726; analog_code=496.125000; channel=31; channel_count=80; channel_index=31; command_v=3.100000; lower_limit_v=2.862971; point_count=3; point_index=2; raw=1520.125000; reduced_error_percent=0.140741; scan_order=channel_major; section=YALK; ulk_address=34; upper_limit_v=2.924971; v7_v=2.893971; yalk_v=2.885245"
"yalk_channels";"ubsi.yalk.channel.34.2";"ЯЛК адрес 34 · 6.200000 В";5.9156;"В";5.89382;5.95582;"OK";"absolute_error_v=0.009222; analog_code=886.375000; channel=31; channel_count=80; channel_index=31; command_v=6.200000; lower_limit_v=5.893822; point_count=3; point_index=3; raw=1910.375000; reduced_error_percent=0.148736; scan_order=channel_major; section=YALK; ulk_address=34; upper_limit_v=5.955822; v7_v=5.924822; yalk_v=5.915601"
"yalk_channels";"ubsi.yalk.channel.35.0";"ЯЛК адрес 35 · 0.000000 В";-0.063092;"В";-0.0913085;-0.0293085;"OK";"absolute_error_v=0.002783; analog_code=116.437500; channel=32; channel_count=80; channel_index=32; command_v=0.000000; lower_limit_v=-0.091309; point_count=3; point_index=1; raw=116.437500; reduced_error_percent=0.044895; scan_order=channel_major; section=YALK; ulk_address=35; upper_limit_v=-0.029309; v7_v=-0.060309; yalk_v=-0.063092"
"yalk_channels";"ubsi.yalk.channel.35.1";"ЯЛК адрес 35 · 3.100000 В";2.9464;"В";2.92391;2.98591;"OK";"absolute_error_v=0.008517; analog_code=504.000000; channel=32; channel_count=80; channel_index=32; command_v=3.100000; lower_limit_v=2.923912; point_count=3; point_index=2; raw=1528.000000; reduced_error_percent=0.137366; scan_order=channel_major; section=YALK; ulk_address=35; upper_limit_v=2.985912; v7_v=2.954912; yalk_v=2.946395"
"yalk_channels";"ubsi.yalk.channel.35.2";"ЯЛК адрес 35 · 6.200000 В";5.96753;"В";5.94912;6.01112;"OK";"absolute_error_v=0.012589; analog_code=893.062500; channel=32; channel_count=80; channel_index=32; command_v=6.200000; lower_limit_v=5.949119; point_count=3; point_index=3; raw=1917.062500; reduced_error_percent=0.203044; scan_order=channel_major; section=YALK; ulk_address=35; upper_limit_v=6.011119; v7_v=5.980119; yalk_v=5.967530"
"yalk_channels";"ubsi.yalk.channel.36.0";"ЯЛК адрес 36 · 0.000000 В";-0.144626;"В";-0.17562;-0.11362;"OK";"absolute_error_v=0.000006; analog_code=105.937500; channel=33; channel_count=80; channel_index=33; command_v=0.000000; lower_limit_v=-0.175620; point_count=3; point_index=1; raw=105.937500; reduced_error_percent=0.000102; scan_order=channel_major; section=YALK; ulk_address=36; upper_limit_v=-0.113620; v7_v=-0.144620; yalk_v=-0.144626"
"yalk_channels";"ubsi.yalk.channel.36.1";"ЯЛК адрес 36 · 3.100000 В";2.87068;"В";2.84958;2.91158;"OK";"absolute_error_v=0.009896; analog_code=494.250000; channel=33; channel_count=80; channel_index=33; command_v=3.100000; lower_limit_v=2.849580; point_count=3; point_index=2; raw=1518.250000; reduced_error_percent=0.159606; scan_order=channel_major; section=YALK; ulk_address=36; upper_limit_v=2.911580; v7_v=2.880580; yalk_v=2.870685"
"yalk_channels";"ubsi.yalk.channel.36.2";"ЯЛК адрес 36 · 6.200000 В";5.90784;"В";5.88675;5.94875;"OK";"absolute_error_v=0.009910; analog_code=885.375000; channel=33; channel_count=80; channel_index=33; command_v=6.200000; lower_limit_v=5.886746; point_count=3; point_index=3; raw=1909.375000; reduced_error_percent=0.159844; scan_order=channel_major; section=YALK; ulk_address=36; upper_limit_v=5.948746; v7_v=5.917746; yalk_v=5.907836"
"yalk_channels";"ubsi.yalk.channel.37.0";"ЯЛК адрес 37 · 0.000000 В";-0.0232955;"В";-0.0545096;0.00749043;"OK";"absolute_error_v=0.000214; analog_code=121.562500; channel=34; channel_count=80; channel_index=34; command_v=0.000000; lower_limit_v=-0.054510; point_count=3; point_index=1; raw=121.562500; reduced_error_percent=0.003453; scan_order=channel_major; section=YALK; ulk_address=37; upper_limit_v=0.007490; v7_v=-0.023510; yalk_v=-0.023295"
"yalk_channels";"ubsi.yalk.channel.37.1";"ЯЛК адрес 37 · 3.100000 В";3.00269;"В";2.9803;3.0423;"OK";"absolute_error_v=0.008605; analog_code=511.250000; channel=34; channel_count=80; channel_index=34; command_v=3.100000; lower_limit_v=2.980298; point_count=3; point_index=2; raw=1535.250000; reduced_error_percent=0.138793; scan_order=channel_major; section=YALK; ulk_address=37; upper_limit_v=3.042298; v7_v=3.011298; yalk_v=3.002693"
"yalk_channels";"ubsi.yalk.channel.37.2";"ЯЛК адрес 37 · 6.200000 В";6.02965;"В";6.01314;6.07514;"OK";"absolute_error_v=0.014487; analog_code=901.062500; channel=34; channel_count=80; channel_index=34; command_v=6.200000; lower_limit_v=6.013139; point_count=3; point_index=3; raw=1925.062500; reduced_error_percent=0.233665; scan_order=channel_major; section=YALK; ulk_address=37; upper_limit_v=6.075139; v7_v=6.044139; yalk_v=6.029652"
"yalk_channels";"ubsi.yalk.channel.38.0";"ЯЛК адрес 38 · 0.000000 В";-0.0606654;"В";-0.0904445;-0.0284445;"OK";"absolute_error_v=0.001221; analog_code=116.750000; channel=35; channel_count=80; channel_index=35; command_v=0.000000; lower_limit_v=-0.090444; point_count=3; point_index=1; raw=116.750000; reduced_error_percent=0.019692; scan_order=channel_major; section=YALK; ulk_address=38; upper_limit_v=-0.028444; v7_v=-0.059444; yalk_v=-0.060665"
"yalk_channels";"ubsi.yalk.channel.38.1";"ЯЛК адрес 38 · 3.100000 В";2.97794;"В";2.955;3.017;"OK";"absolute_error_v=0.008058; analog_code=508.062500; channel=35; channel_count=80; channel_index=35; command_v=3.100000; lower_limit_v=2.955000; point_count=3; point_index=2; raw=1532.062500; reduced_error_percent=0.129974; scan_order=channel_major; section=YALK; ulk_address=38; upper_limit_v=3.017000; v7_v=2.986000; yalk_v=2.977941"
"yalk_channels";"ubsi.yalk.channel.38.2";"ЯЛК адрес 38 · 6.200000 В";6.01461;"В";5.9973;6.0593;"OK";"absolute_error_v=0.013698; analog_code=899.125000; channel=35; channel_count=80; channel_index=35; command_v=6.200000; lower_limit_v=5.997305; point_count=3; point_index=3; raw=1923.125000; reduced_error_percent=0.220935; scan_order=channel_major; section=YALK; ulk_address=38; upper_limit_v=6.059305; v7_v=6.028305; yalk_v=6.014607"
"yalk_channels";"ubsi.yalk.channel.39.0";"ЯЛК адрес 39 · 0.000000 В";-0.0427084;"В";-0.0734442;-0.0114442;"OK";"absolute_error_v=0.000264; analog_code=119.062500; channel=36; channel_count=80; channel_index=36; command_v=0.000000; lower_limit_v=-0.073444; point_count=3; point_index=1; raw=119.062500; reduced_error_percent=0.004261; scan_order=channel_major; section=YALK; ulk_address=39; upper_limit_v=-0.011444; v7_v=-0.042444; yalk_v=-0.042708"
"yalk_channels";"ubsi.yalk.channel.39.1";"ЯЛК адрес 39 · 3.100000 В";2.98328;"В";2.96053;3.02253;"OK";"absolute_error_v=0.008253; analog_code=508.750000; channel=36; channel_count=80; channel_index=36; command_v=3.100000; lower_limit_v=2.960533; point_count=3; point_index=2; raw=1532.750000; reduced_error_percent=0.133117; scan_order=channel_major; section=YALK; ulk_address=39; upper_limit_v=3.022533; v7_v=2.991533; yalk_v=2.983280"
"yalk_channels";"ubsi.yalk.channel.39.2";"ЯЛК адрес 39 · 6.200000 В";6.00441;"В";5.98551;6.04751;"OK";"absolute_error_v=0.012091; analog_code=897.812500; channel=36; channel_count=80; channel_index=36; command_v=6.200000; lower_limit_v=5.985506; point_count=3; point_index=3; raw=1921.812500; reduced_error_percent=0.195012; scan_order=channel_major; section=YALK; ulk_address=39; upper_limit_v=6.047506; v7_v=6.016506; yalk_v=6.004415"
"yalk_channels";"ubsi.yalk.channel.40.0";"ЯЛК адрес 40 · 0.000000 В";-0.0339726;"В";-0.0667152;-0.00471518;"OK";"absolute_error_v=0.001743; analog_code=120.187500; channel=37; channel_count=80; channel_index=37; command_v=0.000000; lower_limit_v=-0.066715; point_count=3; point_index=1; raw=120.187500; reduced_error_percent=0.028106; scan_order=channel_major; section=YALK; ulk_address=40; upper_limit_v=-0.004715; v7_v=-0.035715; yalk_v=-0.033973"
"yalk_channels";"ubsi.yalk.channel.40.1";"ЯЛК адрес 40 · 3.100000 В";2.98668;"В";2.96293;3.02493;"OK";"absolute_error_v=0.007252; analog_code=509.187500; channel=37; channel_count=80; channel_index=37; command_v=3.100000; lower_limit_v=2.962929; point_count=3; point_index=2; raw=1533.187500; reduced_error_percent=0.116960; scan_order=channel_major; section=YALK; ulk_address=40; upper_limit_v=3.024929; v7_v=2.993929; yalk_v=2.986677"
"yalk_channels";"ubsi.yalk.channel.40.2";"ЯЛК адрес 40 · 6.200000 В";6.00393;"В";5.98576;6.04776;"OK";"absolute_error_v=0.012829; analog_code=897.750000; channel=37; channel_count=80; channel_index=37; command_v=6.200000; lower_limit_v=5.985759; point_count=3; point_index=3; raw=1921.750000; reduced_error_percent=0.206927; scan_order=channel_major; section=YALK; ulk_address=40; upper_limit_v=6.047759; v7_v=6.016759; yalk_v=6.003930"
"yalk_channels";"ubsi.yalk.channel.41.0";"ЯЛК адрес 41 · 0.000000 В";-0.106771;"В";-0.14191;-0.0799099;"OK";"absolute_error_v=0.004139; analog_code=110.812500; channel=38; channel_count=80; channel_index=38; command_v=0.000000; lower_limit_v=-0.141910; point_count=3; point_index=1; raw=110.812500; reduced_error_percent=0.066757; scan_order=channel_major; section=YALK; ulk_address=41; upper_limit_v=-0.079910; v7_v=-0.110910; yalk_v=-0.106771"
"yalk_channels";"ubsi.yalk.channel.41.1";"ЯЛК адрес 41 · 3.100000 В";2.92698;"В";2.90002;2.96202;"OK";"absolute_error_v=0.004040; analog_code=501.500000; channel=38; channel_count=80; channel_index=38; command_v=3.100000; lower_limit_v=2.900023; point_count=3; point_index=2; raw=1525.500000; reduced_error_percent=0.065167; scan_order=channel_major; section=YALK; ulk_address=41; upper_limit_v=2.962023; v7_v=2.931023; yalk_v=2.926982"
"yalk_channels";"ubsi.yalk.channel.41.2";"ЯЛК адрес 41 · 6.200000 В";5.96122;"В";5.94152;6.00352;"OK";"absolute_error_v=0.011295; analog_code=892.250000; channel=38; channel_count=80; channel_index=38; command_v=6.200000; lower_limit_v=5.941516; point_count=3; point_index=3; raw=1916.250000; reduced_error_percent=0.182173; scan_order=channel_major; section=YALK; ulk_address=41; upper_limit_v=6.003516; v7_v=5.972516; yalk_v=5.961221"
"yalk_channels";"ubsi.yalk.channel.42.0";"ЯЛК адрес 42 · 0.000000 В";-0.100947;"В";-0.127986;-0.0659857;"OK";"absolute_error_v=0.003961; analog_code=111.562500; channel=39; channel_count=80; channel_index=39; command_v=0.000000; lower_limit_v=-0.127986; point_count=3; point_index=1; raw=111.562500; reduced_error_percent=0.063895; scan_order=channel_major; section=YALK; ulk_address=42; upper_limit_v=-0.065986; v7_v=-0.096986; yalk_v=-0.100947"
"yalk_channels";"ubsi.yalk.channel.42.1";"ЯЛК адрес 42 · 3.100000 В";2.93475;"В";2.90749;2.96949;"OK";"absolute_error_v=0.003739; analog_code=502.500000; channel=39; channel_count=80; channel_index=39; command_v=3.100000; lower_limit_v=2.907487; point_count=3; point_index=2; raw=1526.500000; reduced_error_percent=0.060309; scan_order=channel_major; section=YALK; ulk_address=42; upper_limit_v=2.969487; v7_v=2.938487; yalk_v=2.934748"
"yalk_channels";"ubsi.yalk.channel.42.2";"ЯЛК адрес 42 · 6.200000 В";5.95879;"В";5.93808;6.00008;"OK";"absolute_error_v=0.010281; analog_code=891.937500; channel=39; channel_count=80; channel_index=39; command_v=6.200000; lower_limit_v=5.938075; point_count=3; point_index=3; raw=1915.937500; reduced_error_percent=0.165817; scan_order=channel_major; section=YALK; ulk_address=42; upper_limit_v=6.000075; v7_v=5.969075; yalk_v=5.958795"
"yalk_channels";"ubsi.yalk.channel.43.0";"ЯЛК адрес 43 · 0.000000 В";-0.0786223;"В";-0.103264;-0.0412642;"OK";"absolute_error_v=0.006358; analog_code=114.437500; channel=40; channel_count=80; channel_index=40; command_v=0.000000; lower_limit_v=-0.103264; point_count=3; point_index=1; raw=114.437500; reduced_error_percent=0.102550; scan_order=channel_major; section=YALK; ulk_address=43; upper_limit_v=-0.041264; v7_v=-0.072264; yalk_v=-0.078622"
"yalk_channels";"ubsi.yalk.channel.43.1";"ЯЛК адрес 43 · 3.100000 В";2.94882;"В";2.9226;2.9846;"OK";"absolute_error_v=0.004774; analog_code=504.312500; channel=40; channel_count=80; channel_index=40; command_v=3.100000; lower_limit_v=2.922596; point_count=3; point_index=2; raw=1528.312500; reduced_error_percent=0.076994; scan_order=channel_major; section=YALK; ulk_address=43; upper_limit_v=2.984596; v7_v=2.953596; yalk_v=2.948822"
"yalk_channels";"ubsi.yalk.channel.43.2";"ЯЛК адрес 43 · 6.200000 В";5.97384;"В";5.95407;6.01607;"OK";"absolute_error_v=0.011234; analog_code=893.875000; channel=40; channel_count=80; channel_index=40; command_v=6.200000; lower_limit_v=5.954073; point_count=3; point_index=3; raw=1917.875000; reduced_error_percent=0.181190; scan_order=channel_major; section=YALK; ulk_address=43; upper_limit_v=6.016073; v7_v=5.985073; yalk_v=5.973840"
"yalk_channels";"ubsi.yalk.channel.45.0";"ЯЛК адрес 45 · 0.000000 В";-0.0562975;"В";-0.0868035;-0.0248035;"OK";"absolute_error_v=0.000494; analog_code=117.312500; channel=41; channel_count=80; channel_index=41; command_v=0.000000; lower_limit_v=-0.086803; point_count=3; point_index=1; raw=117.312500; reduced_error_percent=0.007967; scan_order=channel_major; section=YALK; ulk_address=45; upper_limit_v=-0.024803; v7_v=-0.055803; yalk_v=-0.056297"
"yalk_channels";"ubsi.yalk.channel.45.1";"ЯЛК адрес 45 · 3.100000 В";2.98813;"В";2.9602;3.0222;"OK";"absolute_error_v=0.003065; analog_code=509.375000; channel=41; channel_count=80; channel_index=41; command_v=3.100000; lower_limit_v=2.960198; point_count=3; point_index=2; raw=1533.375000; reduced_error_percent=0.049430; scan_order=channel_major; section=YALK; ulk_address=45; upper_limit_v=3.022198; v7_v=2.991198; yalk_v=2.988133"
"yalk_channels";"ubsi.yalk.channel.45.2";"ЯЛК адрес 45 · 6.200000 В";6.04421;"В";6.02291;6.08491;"OK";"absolute_error_v=0.009695; analog_code=902.937500; channel=41; channel_count=80; channel_index=41; command_v=6.200000; lower_limit_v=6.022907; point_count=3; point_index=3; raw=1926.937500; reduced_error_percent=0.156374; scan_order=channel_major; section=YALK; ulk_address=45; upper_limit_v=6.084907; v7_v=6.053907; yalk_v=6.044211"
"yalk_channels";"ubsi.yalk.channel.46.0";"ЯЛК адрес 46 · 0.000000 В";-0.033002;"В";-0.0699483;-0.00794834;"OK";"absolute_error_v=0.005946; analog_code=120.312500; channel=42; channel_count=80; channel_index=42; command_v=0.000000; lower_limit_v=-0.069948; point_count=3; point_index=1; raw=120.312500; reduced_error_percent=0.095909; scan_order=channel_major; section=YALK; ulk_address=46; upper_limit_v=-0.007948; v7_v=-0.038948; yalk_v=-0.033002"
"yalk_channels";"ubsi.yalk.channel.46.1";"ЯЛК адрес 46 · 3.100000 В";2.97357;"В";2.95144;3.01344;"OK";"absolute_error_v=0.008865; analog_code=507.500000; channel=42; channel_count=80; channel_index=42; command_v=3.100000; lower_limit_v=2.951438; point_count=3; point_index=2; raw=1531.500000; reduced_error_percent=0.142984; scan_order=channel_major; section=YALK; ulk_address=46; upper_limit_v=3.013438; v7_v=2.982438; yalk_v=2.973573"
"yalk_channels";"ubsi.yalk.channel.46.2";"ЯЛК адрес 46 · 6.200000 В";5.98937;"В";5.97116;6.03316;"OK";"absolute_error_v=0.012795; analog_code=895.875000; channel=42; channel_count=80; channel_index=42; command_v=6.200000; lower_limit_v=5.971164; point_count=3; point_index=3; raw=1919.875000; reduced_error_percent=0.206365; scan_order=channel_major; section=YALK; ulk_address=46; upper_limit_v=6.033164; v7_v=6.002164; yalk_v=5.989370"
"yalk_channels";"ubsi.yalk.channel.47.0";"ЯЛК адрес 47 · 0.000000 В";-0.159186;"В";-0.195221;-0.133221;"OK";"absolute_error_v=0.005035; analog_code=104.062500; channel=43; channel_count=80; channel_index=43; command_v=0.000000; lower_limit_v=-0.195221; point_count=3; point_index=1; raw=104.062500; reduced_error_percent=0.081215; scan_order=channel_major; section=YALK; ulk_address=47; upper_limit_v=-0.133221; v7_v=-0.164221; yalk_v=-0.159186"
"yalk_channels";"ubsi.yalk.channel.47.1";"ЯЛК адрес 47 · 3.100000 В";2.88185;"В";2.85499;2.91699;"OK";"absolute_error_v=0.004142; analog_code=495.687500; channel=43; channel_count=80; channel_index=43; command_v=3.100000; lower_limit_v=2.854989; point_count=3; point_index=2; raw=1519.687500; reduced_error_percent=0.066808; scan_order=channel_major; section=YALK; ulk_address=47; upper_limit_v=2.916989; v7_v=2.885989; yalk_v=2.881847"
"yalk_channels";"ubsi.yalk.channel.47.2";"ЯЛК адрес 47 · 6.200000 В";5.92288;"В";5.90129;5.96329;"OK";"absolute_error_v=0.009412; analog_code=887.312500; channel=43; channel_count=80; channel_index=43; command_v=6.200000; lower_limit_v=5.901292; point_count=3; point_index=3; raw=1911.312500; reduced_error_percent=0.151804; scan_order=channel_major; section=YALK; ulk_address=47; upper_limit_v=5.963292; v7_v=5.932292; yalk_v=5.922881"
"yalk_channels";"ubsi.yalk.channel.48.0";"ЯЛК адрес 48 · 0.000000 В";-0.0960939;"В";-0.126947;-0.0649465;"OK";"absolute_error_v=0.000147; analog_code=112.187500; channel=44; channel_count=80; channel_index=44; command_v=0.000000; lower_limit_v=-0.126947; point_count=3; point_index=1; raw=112.187500; reduced_error_percent=0.002378; scan_order=channel_major; section=YALK; ulk_address=48; upper_limit_v=-0.064947; v7_v=-0.095947; yalk_v=-0.096094"
"yalk_channels";"ubsi.yalk.channel.48.1";"ЯЛК адрес 48 · 3.100000 В";2.94009;"В";2.9095;2.9715;"OK";"absolute_error_v=0.000409; analog_code=503.187500; channel=44; channel_count=80; channel_index=44; command_v=3.100000; lower_limit_v=2.909495; point_count=3; point_index=2; raw=1527.187500; reduced_error_percent=0.006596; scan_order=channel_major; section=YALK; ulk_address=48; upper_limit_v=2.971495; v7_v=2.940495; yalk_v=2.940086"
"yalk_channels";"ubsi.yalk.channel.48.2";"ЯЛК адрес 48 · 6.200000 В";5.97869;"В";5.95458;6.01658;"OK";"absolute_error_v=0.006887; analog_code=894.500000; channel=44; channel_count=80; channel_index=44; command_v=6.200000; lower_limit_v=5.954580; point_count=3; point_index=3; raw=1918.500000; reduced_error_percent=0.111077; scan_order=channel_major; section=YALK; ulk_address=48; upper_limit_v=6.016580; v7_v=5.985580; yalk_v=5.978693"
"yalk_channels";"ubsi.yalk.channel.49.0";"ЯЛК адрес 49 · 0.000000 В";-0.0839609;"В";-0.113704;-0.0517037;"OK";"absolute_error_v=0.001257; analog_code=113.750000; channel=45; channel_count=80; channel_index=45; command_v=0.000000; lower_limit_v=-0.113704; point_count=3; point_index=1; raw=113.750000; reduced_error_percent=0.020277; scan_order=channel_major; section=YALK; ulk_address=49; upper_limit_v=-0.051704; v7_v=-0.082704; yalk_v=-0.083961"
"yalk_channels";"ubsi.yalk.channel.49.1";"ЯЛК адрес 49 · 3.100000 В";2.94154;"В";2.91559;2.97759;"OK";"absolute_error_v=0.005052; analog_code=503.375000; channel=45; channel_count=80; channel_index=45; command_v=3.100000; lower_limit_v=2.915594; point_count=3; point_index=2; raw=1527.375000; reduced_error_percent=0.081476; scan_order=channel_major; section=YALK; ulk_address=49; upper_limit_v=2.977594; v7_v=2.946594; yalk_v=2.941542"
"yalk_channels";"ubsi.yalk.channel.49.2";"ЯЛК адрес 49 · 6.200000 В";5.95879;"В";5.93758;5.99958;"OK";"absolute_error_v=0.009789; analog_code=891.937500; channel=45; channel_count=80; channel_index=45; command_v=6.200000; lower_limit_v=5.937584; point_count=3; point_index=3; raw=1915.937500; reduced_error_percent=0.157890; scan_order=channel_major; section=YALK; ulk_address=49; upper_limit_v=5.999584; v7_v=5.968584; yalk_v=5.958795"
"yalk_channels";"ubsi.yalk.channel.50.0";"ЯЛК адрес 50 · 0.000000 В";-0.0232955;"В";-0.061067;0.000933005;"OK";"absolute_error_v=0.006771; analog_code=121.562500; channel=46; channel_count=80; channel_index=46; command_v=0.000000; lower_limit_v=-0.061067; point_count=3; point_index=1; raw=121.562500; reduced_error_percent=0.109218; scan_order=channel_major; section=YALK; ulk_address=50; upper_limit_v=0.000933; v7_v=-0.030067; yalk_v=-0.023295"
"yalk_channels";"ubsi.yalk.channel.50.1";"ЯЛК адрес 50 · 3.100000 В";2.97357;"В";2.94453;3.00653;"OK";"absolute_error_v=0.001958; analog_code=507.500000; channel=46; channel_count=80; channel_index=46; command_v=3.100000; lower_limit_v=2.944532; point_count=3; point_index=2; raw=1531.500000; reduced_error_percent=0.031588; scan_order=channel_major; section=YALK; ulk_address=50; upper_limit_v=3.006532; v7_v=2.975532; yalk_v=2.973573"
"yalk_channels";"ubsi.yalk.channel.50.2";"ЯЛК адрес 50 · 6.200000 В";5.98306;"В";5.96448;6.02648;"OK";"absolute_error_v=0.012423; analog_code=895.062500; channel=46; channel_count=80; channel_index=46; command_v=6.200000; lower_limit_v=5.964484; point_count=3; point_index=3; raw=1919.062500; reduced_error_percent=0.200369; scan_order=channel_major; section=YALK; ulk_address=50; upper_limit_v=6.026484; v7_v=5.995484; yalk_v=5.983061"
"yalk_channels";"ubsi.yalk.channel.51.0";"ЯЛК адрес 51 · 0.000000 В";-0.0854168;"В";-0.118906;-0.0569064;"OK";"absolute_error_v=0.002490; analog_code=113.562500; channel=47; channel_count=80; channel_index=47; command_v=0.000000; lower_limit_v=-0.118906; point_count=3; point_index=1; raw=113.562500; reduced_error_percent=0.040155; scan_order=channel_major; section=YALK; ulk_address=51; upper_limit_v=-0.056906; v7_v=-0.087906; yalk_v=-0.085417"
"yalk_channels";"ubsi.yalk.channel.51.1";"ЯЛК адрес 51 · 3.100000 В";2.95901;"В";2.9305;2.9925;"OK";"absolute_error_v=0.002486; analog_code=505.625000; channel=47; channel_count=80; channel_index=47; command_v=3.100000; lower_limit_v=2.930499; point_count=3; point_index=2; raw=1529.625000; reduced_error_percent=0.040089; scan_order=channel_major; section=YALK; ulk_address=51; upper_limit_v=2.992499; v7_v=2.961499; yalk_v=2.959014"
"yalk_channels";"ubsi.yalk.channel.51.2";"ЯЛК адрес 51 · 6.200000 В";5.99374;"В";5.97002;6.03202;"OK";"absolute_error_v=0.007279; analog_code=896.437500; channel=47; channel_count=80; channel_index=47; command_v=6.200000; lower_limit_v=5.970016; point_count=3; point_index=3; raw=1920.437500; reduced_error_percent=0.117396; scan_order=channel_major; section=YALK; ulk_address=51; upper_limit_v=6.032016; v7_v=6.001016; yalk_v=5.993738"
"yalk_channels";"ubsi.yalk.channel.52.0";"ЯЛК адрес 52 · 0.000000 В";-0.0703718;"В";-0.103357;-0.0413566;"OK";"absolute_error_v=0.001985; analog_code=115.500000; channel=48; channel_count=80; channel_index=48; command_v=0.000000; lower_limit_v=-0.103357; point_count=3; point_index=1; raw=115.500000; reduced_error_percent=0.032013; scan_order=channel_major; section=YALK; ulk_address=52; upper_limit_v=-0.041357; v7_v=-0.072357; yalk_v=-0.070372"
"yalk_channels";"ubsi.yalk.channel.52.1";"ЯЛК адрес 52 · 3.100000 В";2.95125;"В";2.92638;2.98838;"OK";"absolute_error_v=0.006135; analog_code=504.625000; channel=48; channel_count=80; channel_index=48; command_v=3.100000; lower_limit_v=2.926384; point_count=3; point_index=2; raw=1528.625000; reduced_error_percent=0.098954; scan_order=channel_major; section=YALK; ulk_address=52; upper_limit_v=2.988384; v7_v=2.957384; yalk_v=2.951249"
"yalk_channels";"ubsi.yalk.channel.52.2";"ЯЛК адрес 52 · 6.200000 В";5.98015;"В";5.96652;6.02852;"OK";"absolute_error_v=0.017372; analog_code=894.687500; channel=48; channel_count=80; channel_index=48; command_v=6.200000; lower_limit_v=5.966521; point_count=3; point_index=3; raw=1918.687500; reduced_error_percent=0.280192; scan_order=channel_major; section=YALK; ulk_address=52; upper_limit_v=6.028521; v7_v=5.997521; yalk_v=5.980149"
"yalk_channels";"ubsi.yalk.channel.53.0";"ЯЛК адрес 53 · 0.000000 В";-0.0674599;"В";-0.100302;-0.0383023;"OK";"absolute_error_v=0.001842; analog_code=115.875000; channel=49; channel_count=80; channel_index=49; command_v=0.000000; lower_limit_v=-0.100302; point_count=3; point_index=1; raw=115.875000; reduced_error_percent=0.029717; scan_order=channel_major; section=YALK; ulk_address=53; upper_limit_v=-0.038302; v7_v=-0.069302; yalk_v=-0.067460"
"yalk_channels";"ubsi.yalk.channel.53.1";"ЯЛК адрес 53 · 3.100000 В";2.9726;"В";2.94439;3.00639;"OK";"absolute_error_v=0.002784; analog_code=507.375000; channel=49; channel_count=80; channel_index=49; command_v=3.100000; lower_limit_v=2.944387; point_count=3; point_index=2; raw=1531.375000; reduced_error_percent=0.044905; scan_order=channel_major; section=YALK; ulk_address=53; upper_limit_v=3.006387; v7_v=2.975387; yalk_v=2.972603"
"yalk_channels";"ubsi.yalk.channel.53.2";"ЯЛК адрес 53 · 6.200000 В";5.99859;"В";5.97997;6.04197;"OK";"absolute_error_v=0.012384; analog_code=897.062500; channel=49; channel_count=80; channel_index=49; command_v=6.200000; lower_limit_v=5.979975; point_count=3; point_index=3; raw=1921.062500; reduced_error_percent=0.199737; scan_order=channel_major; section=YALK; ulk_address=53; upper_limit_v=6.041975; v7_v=6.010975; yalk_v=5.998591"
"yalk_channels";"ubsi.yalk.channel.54.0";"ЯЛК адрес 54 · 0.000000 В";-0.061636;"В";-0.0872306;-0.0252306;"OK";"absolute_error_v=0.005405; analog_code=116.625000; channel=50; channel_count=80; channel_index=50; command_v=0.000000; lower_limit_v=-0.087231; point_count=3; point_index=1; raw=116.625000; reduced_error_percent=0.087185; scan_order=channel_major; section=YALK; ulk_address=54; upper_limit_v=-0.025231; v7_v=-0.056231; yalk_v=-0.061636"
"yalk_channels";"ubsi.yalk.channel.54.1";"ЯЛК адрес 54 · 3.100000 В";2.943;"В";2.91752;2.97952;"OK";"absolute_error_v=0.005522; analog_code=503.562500; channel=50; channel_count=80; channel_index=50; command_v=3.100000; lower_limit_v=2.917520; point_count=3; point_index=2; raw=1527.562500; reduced_error_percent=0.089059; scan_order=channel_major; section=YALK; ulk_address=54; upper_limit_v=2.979520; v7_v=2.948520; yalk_v=2.942998"
"yalk_channels";"ubsi.yalk.channel.54.2";"ЯЛК адрес 54 · 6.200000 В";5.94278;"В";5.9277;5.9897;"OK";"absolute_error_v=0.015918; analog_code=889.875000; channel=50; channel_count=80; channel_index=50; command_v=6.200000; lower_limit_v=5.927697; point_count=3; point_index=3; raw=1913.875000; reduced_error_percent=0.256743; scan_order=channel_major; section=YALK; ulk_address=54; upper_limit_v=5.989697; v7_v=5.958697; yalk_v=5.942779"
"yalk_channels";"ubsi.yalk.channel.55.0";"ЯЛК адрес 55 · 0.000000 В";0.0543562;"В";0.0174346;0.0794346;"OK";"absolute_error_v=0.005922; analog_code=131.562500; channel=51; channel_count=80; channel_index=51; command_v=0.000000; lower_limit_v=0.017435; point_count=3; point_index=1; raw=131.562500; reduced_error_percent=0.095509; scan_order=channel_major; section=YALK; ulk_address=55; upper_limit_v=0.079435; v7_v=0.048435; yalk_v=0.054356"
"yalk_channels";"ubsi.yalk.channel.55.1";"ЯЛК адрес 55 · 3.100000 В";3.07792;"В";3.05884;3.12084;"OK";"absolute_error_v=0.011923; analog_code=520.937500; channel=51; channel_count=80; channel_index=51; command_v=3.100000; lower_limit_v=3.058841; point_count=3; point_index=2; raw=1544.937500; reduced_error_percent=0.192314; scan_order=channel_major; section=YALK; ulk_address=55; upper_limit_v=3.120841; v7_v=3.089841; yalk_v=3.077918"
"yalk_channels";"ubsi.yalk.channel.55.2";"ЯЛК адрес 55 · 6.200000 В";6.11119;"В";6.0912;6.1532;"OK";"absolute_error_v=0.011017; analog_code=911.562500; channel=51; channel_count=80; channel_index=51; command_v=6.200000; lower_limit_v=6.091203; point_count=3; point_index=3; raw=1935.562500; reduced_error_percent=0.177693; scan_order=channel_major; section=YALK; ulk_address=55; upper_limit_v=6.153203; v7_v=6.122203; yalk_v=6.111186"
"yalk_channels";"ubsi.yalk.channel.56.0";"ЯЛК адрес 56 · 0.000000 В";-0.06018;"В";-0.0860017;-0.0240017;"OK";"absolute_error_v=0.005178; analog_code=116.812500; channel=52; channel_count=80; channel_index=52; command_v=0.000000; lower_limit_v=-0.086002; point_count=3; point_index=1; raw=116.812500; reduced_error_percent=0.083522; scan_order=channel_major; section=YALK; ulk_address=56; upper_limit_v=-0.024002; v7_v=-0.055002; yalk_v=-0.060180"
"yalk_channels";"ubsi.yalk.channel.56.1";"ЯЛК адрес 56 · 3.100000 В";2.95659;"В";2.93417;2.99617;"OK";"absolute_error_v=0.008584; analog_code=505.312500; channel=52; channel_count=80; channel_index=52; command_v=3.100000; lower_limit_v=2.934171; point_count=3; point_index=2; raw=1529.312500; reduced_error_percent=0.138448; scan_order=channel_major; section=YALK; ulk_address=56; upper_limit_v=2.996171; v7_v=2.965171; yalk_v=2.956587"
"yalk_channels";"ubsi.yalk.channel.56.2";"ЯЛК адрес 56 · 6.200000 В";5.9753;"В";5.96184;6.02384;"OK";"absolute_error_v=0.017546; analog_code=894.062500; channel=52; channel_count=80; channel_index=52; command_v=6.200000; lower_limit_v=5.961842; point_count=3; point_index=3; raw=1918.062500; reduced_error_percent=0.283002; scan_order=channel_major; section=YALK; ulk_address=56; upper_limit_v=6.023842; v7_v=5.992842; yalk_v=5.975295"
"yalk_channels";"ubsi.yalk.channel.57.0";"ЯЛК адрес 57 · 0.000000 В";-0.0417378;"В";-0.0720766;-0.0100766;"OK";"absolute_error_v=0.000661; analog_code=119.187500; channel=53; channel_count=80; channel_index=53; command_v=0.000000; lower_limit_v=-0.072077; point_count=3; point_index=1; raw=119.187500; reduced_error_percent=0.010664; scan_order=channel_major; section=YALK; ulk_address=57; upper_limit_v=-0.010077; v7_v=-0.041077; yalk_v=-0.041738"
"yalk_channels";"ubsi.yalk.channel.57.1";"ЯЛК адрес 57 · 3.100000 В";2.98862;"В";2.96222;3.02422;"OK";"absolute_error_v=0.004597; analog_code=509.437500; channel=53; channel_count=80; channel_index=53; command_v=3.100000; lower_limit_v=2.962215; point_count=3; point_index=2; raw=1533.437500; reduced_error_percent=0.074145; scan_order=channel_major; section=YALK; ulk_address=57; upper_limit_v=3.024215; v7_v=2.993215; yalk_v=2.988618"
"yalk_channels";"ubsi.yalk.channel.57.2";"ЯЛК адрес 57 · 6.200000 В";6.01461;"В";5.99542;6.05742;"OK";"absolute_error_v=0.011809; analog_code=899.125000; channel=53; channel_count=80; channel_index=53; command_v=6.200000; lower_limit_v=5.995415; point_count=3; point_index=3; raw=1923.125000; reduced_error_percent=0.190463; scan_order=channel_major; section=YALK; ulk_address=57; upper_limit_v=6.057415; v7_v=6.026415; yalk_v=6.014607"
"yalk_channels";"ubsi.yalk.channel.58.0";"ЯЛК адрес 58 · 0.000000 В";-0.0883288;"В";-0.127601;-0.065601;"OK";"absolute_error_v=0.008272; analog_code=113.187500; channel=54; channel_count=80; channel_index=54; command_v=0.000000; lower_limit_v=-0.127601; point_count=3; point_index=1; raw=113.187500; reduced_error_percent=0.133423; scan_order=channel_major; section=YALK; ulk_address=58; upper_limit_v=-0.065601; v7_v=-0.096601; yalk_v=-0.088329"
"yalk_channels";"ubsi.yalk.channel.58.1";"ЯЛК адрес 58 · 3.100000 В";2.93717;"В";2.91674;2.97874;"OK";"absolute_error_v=0.010566; analog_code=502.812500; channel=54; channel_count=80; channel_index=54; command_v=3.100000; lower_limit_v=2.916740; point_count=3; point_index=2; raw=1526.812500; reduced_error_percent=0.170414; scan_order=channel_major; section=YALK; ulk_address=58; upper_limit_v=2.978740; v7_v=2.947740; yalk_v=2.937174"
"yalk_channels";"ubsi.yalk.channel.58.2";"ЯЛК адрес 58 · 6.200000 В";5.9816;"В";5.96224;6.02424;"OK";"absolute_error_v=0.011632; analog_code=894.875000; channel=54; channel_count=80; channel_index=54; command_v=6.200000; lower_limit_v=5.962236; point_count=3; point_index=3; raw=1918.875000; reduced_error_percent=0.187609; scan_order=channel_major; section=YALK; ulk_address=58; upper_limit_v=6.024236; v7_v=5.993236; yalk_v=5.981605"
"yalk_channels";"ubsi.yalk.channel.59.0";"ЯЛК адрес 59 · 0.000000 В";-0.0475616;"В";-0.0798066;-0.0178066;"OK";"absolute_error_v=0.001245; analog_code=118.437500; channel=55; channel_count=80; channel_index=55; command_v=0.000000; lower_limit_v=-0.079807; point_count=3; point_index=1; raw=118.437500; reduced_error_percent=0.020081; scan_order=channel_major; section=YALK; ulk_address=59; upper_limit_v=-0.017807; v7_v=-0.048807; yalk_v=-0.047562"
"yalk_channels";"ubsi.yalk.channel.59.1";"ЯЛК адрес 59 · 3.100000 В";2.97357;"В";2.9471;3.0091;"OK";"absolute_error_v=0.004531; analog_code=507.500000; channel=55; channel_count=80; channel_index=55; command_v=3.100000; lower_limit_v=2.947105; point_count=3; point_index=2; raw=1531.500000; reduced_error_percent=0.073085; scan_order=channel_major; section=YALK; ulk_address=59; upper_limit_v=3.009105; v7_v=2.978105; yalk_v=2.973573"
"yalk_channels";"ubsi.yalk.channel.59.2";"ЯЛК адрес 59 · 6.200000 В";5.99714;"В";5.97961;6.04161;"OK";"absolute_error_v=0.013477; analog_code=896.875000; channel=55; channel_count=80; channel_index=55; command_v=6.200000; lower_limit_v=5.979612; point_count=3; point_index=3; raw=1920.875000; reduced_error_percent=0.217368; scan_order=channel_major; section=YALK; ulk_address=59; upper_limit_v=6.041612; v7_v=6.010612; yalk_v=5.997135"
"yalk_channels";"ubsi.yalk.channel.60.0";"ЯЛК адрес 60 · 0.000000 В";-0.0402818;"В";-0.0718799;-0.00987988;"OK";"absolute_error_v=0.000598; analog_code=119.375000; channel=56; channel_count=80; channel_index=56; command_v=0.000000; lower_limit_v=-0.071880; point_count=3; point_index=1; raw=119.375000; reduced_error_percent=0.009646; scan_order=channel_major; section=YALK; ulk_address=60; upper_limit_v=-0.009880; v7_v=-0.040880; yalk_v=-0.040282"
"yalk_channels";"ubsi.yalk.channel.60.1";"ЯЛК адрес 60 · 3.100000 В";2.97066;"В";2.94693;3.00893;"OK";"absolute_error_v=0.007268; analog_code=507.125000; channel=56; channel_count=80; channel_index=56; command_v=3.100000; lower_limit_v=2.946929; point_count=3; point_index=2; raw=1531.125000; reduced_error_percent=0.117218; scan_order=channel_major; section=YALK; ulk_address=60; upper_limit_v=3.008929; v7_v=2.977929; yalk_v=2.970661"
"yalk_channels";"ubsi.yalk.channel.60.2";"ЯЛК адрес 60 · 6.200000 В";5.98694;"В";5.97086;6.03286;"OK";"absolute_error_v=0.014919; analog_code=895.562500; channel=56; channel_count=80; channel_index=56; command_v=6.200000; lower_limit_v=5.970862; point_count=3; point_index=3; raw=1919.562500; reduced_error_percent=0.240631; scan_order=channel_major; section=YALK; ulk_address=60; upper_limit_v=6.032862; v7_v=6.001862; yalk_v=5.986943"
"yalk_channels";"ubsi.yalk.channel.61.0";"ЯЛК адрес 61 · 0.000000 В";-0.0247515;"В";-0.0536251;0.00837493;"OK";"absolute_error_v=0.002126; analog_code=121.375000; channel=57; channel_count=80; channel_index=57; command_v=0.000000; lower_limit_v=-0.053625; point_count=3; point_index=1; raw=121.375000; reduced_error_percent=0.034297; scan_order=channel_major; section=YALK; ulk_address=61; upper_limit_v=0.008375; v7_v=-0.022625; yalk_v=-0.024751"
"yalk_channels";"ubsi.yalk.channel.61.1";"ЯЛК адрес 61 · 3.100000 В";2.99541;"В";2.96866;3.03066;"OK";"absolute_error_v=0.004246; analog_code=510.312500; channel=57; channel_count=80; channel_index=57; command_v=3.100000; lower_limit_v=2.968659; point_count=3; point_index=2; raw=1534.312500; reduced_error_percent=0.068483; scan_order=channel_major; section=YALK; ulk_address=61; upper_limit_v=3.030659; v7_v=2.999659; yalk_v=2.995413"
"yalk_channels";"ubsi.yalk.channel.61.2";"ЯЛК адрес 61 · 6.200000 В";6.02286;"В";6.00619;6.06819;"OK";"absolute_error_v=0.014334; analog_code=900.187500; channel=57; channel_count=80; channel_index=57; command_v=6.200000; lower_limit_v=6.006191; point_count=3; point_index=3; raw=1924.187500; reduced_error_percent=0.231192; scan_order=channel_major; section=YALK; ulk_address=61; upper_limit_v=6.068191; v7_v=6.037191; yalk_v=6.022857"
"yalk_channels";"ubsi.yalk.channel.62.0";"ЯЛК адрес 62 · 0.000000 В";-0.0626067;"В";-0.093265;-0.031265;"OK";"absolute_error_v=0.000342; analog_code=116.500000; channel=58; channel_count=80; channel_index=58; command_v=0.000000; lower_limit_v=-0.093265; point_count=3; point_index=1; raw=116.500000; reduced_error_percent=0.005510; scan_order=channel_major; section=YALK; ulk_address=62; upper_limit_v=-0.031265; v7_v=-0.062265; yalk_v=-0.062607"
"yalk_channels";"ubsi.yalk.channel.62.1";"ЯЛК адрес 62 · 3.100000 В";2.97697;"В";2.94955;3.01155;"OK";"absolute_error_v=0.003578; analog_code=507.937500; channel=58; channel_count=80; channel_index=58; command_v=3.100000; lower_limit_v=2.949549; point_count=3; point_index=2; raw=1531.937500; reduced_error_percent=0.057712; scan_order=channel_major; section=YALK; ulk_address=62; upper_limit_v=3.011549; v7_v=2.980549; yalk_v=2.976971"
"yalk_channels";"ubsi.yalk.channel.62.2";"ЯЛК адрес 62 · 6.200000 В";6.018;"В";5.99803;6.06003;"OK";"absolute_error_v=0.011028; analog_code=899.562500; channel=58; channel_count=80; channel_index=58; command_v=6.200000; lower_limit_v=5.998032; point_count=3; point_index=3; raw=1923.562500; reduced_error_percent=0.177878; scan_order=channel_major; section=YALK; ulk_address=62; upper_limit_v=6.060032; v7_v=6.029032; yalk_v=6.018004"
"yalk_channels";"ubsi.yalk.channel.63.0";"ЯЛК адрес 63 · 0.000000 В";0.0378552;"В";0.00984714;0.0718471;"OK";"absolute_error_v=0.002992; analog_code=129.437500; channel=59; channel_count=80; channel_index=59; command_v=0.000000; lower_limit_v=0.009847; point_count=3; point_index=1; raw=129.437500; reduced_error_percent=0.048257; scan_order=channel_major; section=YALK; ulk_address=63; upper_limit_v=0.071847; v7_v=0.040847; yalk_v=0.037855"
"yalk_channels";"ubsi.yalk.channel.63.1";"ЯЛК адрес 63 · 3.100000 В";3.05802;"В";3.03729;3.09929;"OK";"absolute_error_v=0.010273; analog_code=518.375000; channel=59; channel_count=80; channel_index=59; command_v=3.100000; lower_limit_v=3.037292; point_count=3; point_index=2; raw=1542.375000; reduced_error_percent=0.165692; scan_order=channel_major; section=YALK; ulk_address=63; upper_limit_v=3.099292; v7_v=3.068292; yalk_v=3.058020"
"yalk_channels";"ubsi.yalk.channel.63.2";"ЯЛК адрес 63 · 6.200000 В";6.08061;"В";6.06787;6.12987;"OK";"absolute_error_v=0.018259; analog_code=907.625000; channel=59; channel_count=80; channel_index=59; command_v=6.200000; lower_limit_v=6.067870; point_count=3; point_index=3; raw=1931.625000; reduced_error_percent=0.294503; scan_order=channel_major; section=YALK; ulk_address=63; upper_limit_v=6.129870; v7_v=6.098870; yalk_v=6.080611"
"yalk_channels";"ubsi.yalk.channel.64.0";"ЯЛК адрес 64 · 0.000000 В";-0.107256;"В";-0.141077;-0.079077;"OK";"absolute_error_v=0.002821; analog_code=110.750000; channel=60; channel_count=80; channel_index=60; command_v=0.000000; lower_limit_v=-0.141077; point_count=3; point_index=1; raw=110.750000; reduced_error_percent=0.045494; scan_order=channel_major; section=YALK; ulk_address=64; upper_limit_v=-0.079077; v7_v=-0.110077; yalk_v=-0.107256"
"yalk_channels";"ubsi.yalk.channel.64.1";"ЯЛК адрес 64 · 3.100000 В";2.90029;"В";2.88282;2.94482;"OK";"absolute_error_v=0.013526; analog_code=498.062500; channel=60; channel_count=80; channel_index=60; command_v=3.100000; lower_limit_v=2.882816; point_count=3; point_index=2; raw=1522.062500; reduced_error_percent=0.218167; scan_order=channel_major; section=YALK; ulk_address=64; upper_limit_v=2.944816; v7_v=2.913816; yalk_v=2.900290"
"yalk_channels";"ubsi.yalk.channel.64.2";"ЯЛК адрес 64 · 6.200000 В";5.93259;"В";5.91999;5.98199;"OK";"absolute_error_v=0.018406; analog_code=888.562500; channel=60; channel_count=80; channel_index=60; command_v=6.200000; lower_limit_v=5.919993; point_count=3; point_index=3; raw=1912.562500; reduced_error_percent=0.296864; scan_order=channel_major; section=YALK; ulk_address=64; upper_limit_v=5.981993; v7_v=5.950993; yalk_v=5.932587"
"yalk_channels";"ubsi.yalk.channel.65.0";"ЯЛК адрес 65 · 0.000000 В";-0.0771663;"В";-0.107458;-0.0454581;"OK";"absolute_error_v=0.000708; analog_code=114.625000; channel=61; channel_count=80; channel_index=61; command_v=0.000000; lower_limit_v=-0.107458; point_count=3; point_index=1; raw=114.625000; reduced_error_percent=0.011424; scan_order=channel_major; section=YALK; ulk_address=65; upper_limit_v=-0.045458; v7_v=-0.076458; yalk_v=-0.077166"
"yalk_channels";"ubsi.yalk.channel.65.1";"ЯЛК адрес 65 · 3.100000 В";2.96532;"В";2.94665;3.00865;"OK";"absolute_error_v=0.012326; analog_code=506.437500; channel=61; channel_count=80; channel_index=61; command_v=3.100000; lower_limit_v=2.946649; point_count=3; point_index=2; raw=1530.437500; reduced_error_percent=0.198813; scan_order=channel_major; section=YALK; ulk_address=65; upper_limit_v=3.008649; v7_v=2.977649; yalk_v=2.965323"
"yalk_channels";"ubsi.yalk.channel.65.2";"ЯЛК адрес 65 · 6.200000 В";6.03402;"В";6.00895;6.07095;"OK";"absolute_error_v=0.005935; analog_code=901.625000; channel=61; channel_count=80; channel_index=61; command_v=6.200000; lower_limit_v=6.008955; point_count=3; point_index=3; raw=1925.625000; reduced_error_percent=0.095726; scan_order=channel_major; section=YALK; ulk_address=65; upper_limit_v=6.070955; v7_v=6.039955; yalk_v=6.034020"
"yalk_channels";"ubsi.yalk.channel.66.0";"ЯЛК адрес 66 · 0.000000 В";-0.0698865;"В";-0.0957847;-0.0337847;"OK";"absolute_error_v=0.005102; analog_code=115.562500; channel=62; channel_count=80; channel_index=62; command_v=0.000000; lower_limit_v=-0.095785; point_count=3; point_index=1; raw=115.562500; reduced_error_percent=0.082287; scan_order=channel_major; section=YALK; ulk_address=66; upper_limit_v=-0.033785; v7_v=-0.064785; yalk_v=-0.069886"
"yalk_channels";"ubsi.yalk.channel.66.1";"ЯЛК адрес 66 · 3.100000 В";2.96338;"В";2.93633;2.99833;"OK";"absolute_error_v=0.003946; analog_code=506.187500; channel=62; channel_count=80; channel_index=62; command_v=3.100000; lower_limit_v=2.936328; point_count=3; point_index=2; raw=1530.187500; reduced_error_percent=0.063652; scan_order=channel_major; section=YALK; ulk_address=66; upper_limit_v=2.998328; v7_v=2.967328; yalk_v=2.963382"
"yalk_channels";"ubsi.yalk.channel.66.2";"ЯЛК адрес 66 · 6.200000 В";5.985;"В";5.97295;6.03495;"OK";"absolute_error_v=0.018947; analog_code=895.312500; channel=62; channel_count=80; channel_index=62; command_v=6.200000; lower_limit_v=5.972949; point_count=3; point_index=3; raw=1919.312500; reduced_error_percent=0.305605; scan_order=channel_major; section=YALK; ulk_address=66; upper_limit_v=6.034949; v7_v=6.003949; yalk_v=5.985002"
"yalk_channels";"ubsi.yalk.channel.67.0";"ЯЛК адрес 67 · 0.000000 В";-0.0310607;"В";-0.0506238;0.0113762;"OK";"absolute_error_v=0.011437; analog_code=120.562500; channel=63; channel_count=80; channel_index=63; command_v=0.000000; lower_limit_v=-0.050624; point_count=3; point_index=1; raw=120.562500; reduced_error_percent=0.184465; scan_order=channel_major; section=YALK; ulk_address=67; upper_limit_v=0.011376; v7_v=-0.019624; yalk_v=-0.031061"
"yalk_channels";"ubsi.yalk.channel.67.1";"ЯЛК адрес 67 · 3.100000 В";2.99832;"В";2.97887;3.04087;"OK";"absolute_error_v=0.011549; analog_code=510.687500; channel=63; channel_count=80; channel_index=63; command_v=3.100000; lower_limit_v=2.978874; point_count=3; point_index=2; raw=1534.687500; reduced_error_percent=0.186275; scan_order=channel_major; section=YALK; ulk_address=67; upper_limit_v=3.040874; v7_v=3.009874; yalk_v=2.998325"
"yalk_channels";"ubsi.yalk.channel.67.2";"ЯЛК адрес 67 · 6.200000 В";6.0214;"В";6.00441;6.06641;"OK";"absolute_error_v=0.014008; analog_code=900.000000; channel=63; channel_count=80; channel_index=63; command_v=6.200000; lower_limit_v=6.004409; point_count=3; point_index=3; raw=1924.000000; reduced_error_percent=0.225937; scan_order=channel_major; section=YALK; ulk_address=67; upper_limit_v=6.066409; v7_v=6.035409; yalk_v=6.021401"
"yalk_channels";"ubsi.yalk.channel.68.0";"ЯЛК адрес 68 · 0.000000 В";-0.0689159;"В";-0.111918;-0.0499181;"OK";"absolute_error_v=0.012002; analog_code=115.687500; channel=64; channel_count=80; channel_index=64; command_v=0.000000; lower_limit_v=-0.111918; point_count=3; point_index=1; raw=115.687500; reduced_error_percent=0.193584; scan_order=channel_major; section=YALK; ulk_address=68; upper_limit_v=-0.049918; v7_v=-0.080918; yalk_v=-0.068916"
"yalk_channels";"ubsi.yalk.channel.68.1";"ЯЛК адрес 68 · 3.100000 В";2.93572;"В";2.90972;2.97172;"OK";"absolute_error_v=0.004998; analog_code=502.625000; channel=64; channel_count=80; channel_index=64; command_v=3.100000; lower_limit_v=2.909716; point_count=3; point_index=2; raw=1526.625000; reduced_error_percent=0.080617; scan_order=channel_major; section=YALK; ulk_address=68; upper_limit_v=2.971716; v7_v=2.940716; yalk_v=2.935718"
"yalk_channels";"ubsi.yalk.channel.68.2";"ЯЛК адрес 68 · 6.200000 В";5.9651;"В";5.93951;6.00151;"OK";"absolute_error_v=0.005406; analog_code=892.750000; channel=64; channel_count=80; channel_index=64; command_v=6.200000; lower_limit_v=5.939510; point_count=3; point_index=3; raw=1916.750000; reduced_error_percent=0.087199; scan_order=channel_major; section=YALK; ulk_address=68; upper_limit_v=6.001510; v7_v=5.970510; yalk_v=5.965104"
"yalk_channels";"ubsi.yalk.channel.69.0";"ЯЛК адрес 69 · 0.000000 В";-0.0776517;"В";-0.102165;-0.0401651;"OK";"absolute_error_v=0.006487; analog_code=114.562500; channel=65; channel_count=80; channel_index=65; command_v=0.000000; lower_limit_v=-0.102165; point_count=3; point_index=1; raw=114.562500; reduced_error_percent=0.104622; scan_order=channel_major; section=YALK; ulk_address=69; upper_limit_v=-0.040165; v7_v=-0.071165; yalk_v=-0.077652"
"yalk_channels";"ubsi.yalk.channel.69.1";"ЯЛК адрес 69 · 3.100000 В";2.95804;"В";2.92877;2.99077;"OK";"absolute_error_v=0.001728; analog_code=505.500000; channel=65; channel_count=80; channel_index=65; command_v=3.100000; lower_limit_v=2.928772; point_count=3; point_index=2; raw=1529.500000; reduced_error_percent=0.027879; scan_order=channel_major; section=YALK; ulk_address=69; upper_limit_v=2.990772; v7_v=2.959772; yalk_v=2.958043"
"yalk_channels";"ubsi.yalk.channel.69.2";"ЯЛК адрес 69 · 6.200000 В";5.98791;"В";5.97201;6.03401;"OK";"absolute_error_v=0.015097; analog_code=895.687500; channel=65; channel_count=80; channel_index=65; command_v=6.200000; lower_limit_v=5.972011; point_count=3; point_index=3; raw=1919.687500; reduced_error_percent=0.243495; scan_order=channel_major; section=YALK; ulk_address=69; upper_limit_v=6.034011; v7_v=6.003011; yalk_v=5.987914"
"yalk_channels";"ubsi.yalk.channel.70.0";"ЯЛК адрес 70 · 0.000000 В";-0.00873581;"В";-0.042743;0.019257;"OK";"absolute_error_v=0.003007; analog_code=123.437500; channel=66; channel_count=80; channel_index=66; command_v=0.000000; lower_limit_v=-0.042743; point_count=3; point_index=1; raw=123.437500; reduced_error_percent=0.048502; scan_order=channel_major; section=YALK; ulk_address=70; upper_limit_v=0.019257; v7_v=-0.011743; yalk_v=-0.008736"
"yalk_channels";"ubsi.yalk.channel.70.1";"ЯЛК адрес 70 · 3.100000 В";3.02405;"В";2.99687;3.05887;"OK";"absolute_error_v=0.003828; analog_code=514.000000; channel=66; channel_count=80; channel_index=66; command_v=3.100000; lower_limit_v=2.996875; point_count=3; point_index=2; raw=1538.000000; reduced_error_percent=0.061735; scan_order=channel_major; section=YALK; ulk_address=70; upper_limit_v=3.058875; v7_v=3.027875; yalk_v=3.024047"
"yalk_channels";"ubsi.yalk.channel.70.2";"ЯЛК адрес 70 · 6.200000 В";6.04761;"В";6.03145;6.09345;"OK";"absolute_error_v=0.014839; analog_code=903.375000; channel=66; channel_count=80; channel_index=66; command_v=6.200000; lower_limit_v=6.031447; point_count=3; point_index=3; raw=1927.375000; reduced_error_percent=0.239335; scan_order=channel_major; section=YALK; ulk_address=70; upper_limit_v=6.093447; v7_v=6.062447; yalk_v=6.047609"
"yalk_channels";"ubsi.yalk.channel.74.0";"ЯЛК адрес 74 · 0.000000 В";-0.0888141;"В";-0.127053;-0.0650528;"OK";"absolute_error_v=0.007239; analog_code=113.125000; channel=67; channel_count=80; channel_index=67; command_v=0.000000; lower_limit_v=-0.127053; point_count=3; point_index=1; raw=113.125000; reduced_error_percent=0.116753; scan_order=channel_major; section=YALK; ulk_address=74; upper_limit_v=-0.065053; v7_v=-0.096053; yalk_v=-0.088814"
"yalk_channels";"ubsi.yalk.channel.74.1";"ЯЛК адрес 74 · 3.100000 В";2.92892;"В";2.90549;2.96749;"OK";"absolute_error_v=0.007564; analog_code=501.750000; channel=67; channel_count=80; channel_index=67; command_v=3.100000; lower_limit_v=2.905487; point_count=3; point_index=2; raw=1525.750000; reduced_error_percent=0.121995; scan_order=channel_major; section=YALK; ulk_address=74; upper_limit_v=2.967487; v7_v=2.936487; yalk_v=2.928924"
"yalk_channels";"ubsi.yalk.channel.74.2";"ЯЛК адрес 74 · 6.200000 В";5.97141;"В";5.95107;6.01307;"OK";"absolute_error_v=0.010658; analog_code=893.562500; channel=67; channel_count=80; channel_index=67; command_v=6.200000; lower_limit_v=5.951071; point_count=3; point_index=3; raw=1917.562500; reduced_error_percent=0.171905; scan_order=channel_major; section=YALK; ulk_address=74; upper_limit_v=6.013071; v7_v=5.982071; yalk_v=5.971413"
"yalk_channels";"ubsi.yalk.channel.75.0";"ЯЛК адрес 75 · 0.000000 В";-0.0116477;"В";-0.0477553;0.0142447;"OK";"absolute_error_v=0.005108; analog_code=123.062500; channel=68; channel_count=80; channel_index=68; command_v=0.000000; lower_limit_v=-0.047755; point_count=3; point_index=1; raw=123.062500; reduced_error_percent=0.082380; scan_order=channel_major; section=YALK; ulk_address=75; upper_limit_v=0.014245; v7_v=-0.016755; yalk_v=-0.011648"
"yalk_channels";"ubsi.yalk.channel.75.1";"ЯЛК адрес 75 · 3.100000 В";3.03569;"В";3.01562;3.07762;"OK";"absolute_error_v=0.010926; analog_code=515.500000; channel=68; channel_count=80; channel_index=68; command_v=3.100000; lower_limit_v=3.015621; point_count=3; point_index=2; raw=1539.500000; reduced_error_percent=0.176232; scan_order=channel_major; section=YALK; ulk_address=75; upper_limit_v=3.077621; v7_v=3.046621; yalk_v=3.035695"
"yalk_channels";"ubsi.yalk.channel.75.2";"ЯЛК адрес 75 · 6.200000 В";6.07382;"В";6.05837;6.12037;"OK";"absolute_error_v=0.015559; analog_code=906.750000; channel=68; channel_count=80; channel_index=68; command_v=6.200000; lower_limit_v=6.058375; point_count=3; point_index=3; raw=1930.750000; reduced_error_percent=0.250946; scan_order=channel_major; section=YALK; ulk_address=75; upper_limit_v=6.120375; v7_v=6.089375; yalk_v=6.073816"
"yalk_channels";"ubsi.yalk.channel.76.0";"ЯЛК адрес 76 · 0.000000 В";-0.0727984;"В";-0.103456;-0.0414563;"OK";"absolute_error_v=0.000342; analog_code=115.187500; channel=69; channel_count=80; channel_index=69; command_v=0.000000; lower_limit_v=-0.103456; point_count=3; point_index=1; raw=115.187500; reduced_error_percent=0.005518; scan_order=channel_major; section=YALK; ulk_address=76; upper_limit_v=-0.041456; v7_v=-0.072456; yalk_v=-0.072798"
"yalk_channels";"ubsi.yalk.channel.76.1";"ЯЛК адрес 76 · 3.100000 В";2.97503;"В";2.94879;3.01079;"OK";"absolute_error_v=0.004761; analog_code=507.687500; channel=69; channel_count=80; channel_index=69; command_v=3.100000; lower_limit_v=2.948790; point_count=3; point_index=2; raw=1531.687500; reduced_error_percent=0.076791; scan_order=channel_major; section=YALK; ulk_address=76; upper_limit_v=3.010790; v7_v=2.979790; yalk_v=2.975029"
"yalk_channels";"ubsi.yalk.channel.76.2";"ЯЛК адрес 76 · 6.200000 В";6.01558;"В";5.99754;6.05954;"OK";"absolute_error_v=0.012960; analog_code=899.250000; channel=69; channel_count=80; channel_index=69; command_v=6.200000; lower_limit_v=5.997537; point_count=3; point_index=3; raw=1923.250000; reduced_error_percent=0.209027; scan_order=channel_major; section=YALK; ulk_address=76; upper_limit_v=6.059537; v7_v=6.028537; yalk_v=6.015577"
"yalk_channels";"ubsi.yalk.channel.77.0";"ЯЛК адрес 77 · 0.000000 В";-0.0427084;"В";-0.0830793;-0.0210793;"OK";"absolute_error_v=0.009371; analog_code=119.062500; channel=70; channel_count=80; channel_index=70; command_v=0.000000; lower_limit_v=-0.083079; point_count=3; point_index=1; raw=119.062500; reduced_error_percent=0.151143; scan_order=channel_major; section=YALK; ulk_address=77; upper_limit_v=-0.021079; v7_v=-0.052079; yalk_v=-0.042708"
"yalk_channels";"ubsi.yalk.channel.77.1";"ЯЛК адрес 77 · 3.100000 В";2.96775;"В";2.94366;3.00566;"OK";"absolute_error_v=0.006915; analog_code=506.750000; channel=70; channel_count=80; channel_index=70; command_v=3.100000; lower_limit_v=2.943664; point_count=3; point_index=2; raw=1530.750000; reduced_error_percent=0.111529; scan_order=channel_major; section=YALK; ulk_address=77; upper_limit_v=3.005664; v7_v=2.974664; yalk_v=2.967750"
"yalk_channels";"ubsi.yalk.channel.77.2";"ЯЛК адрес 77 · 6.200000 В";5.98791;"В";5.97445;6.03645;"OK";"absolute_error_v=0.017535; analog_code=895.687500; channel=70; channel_count=80; channel_index=70; command_v=6.200000; lower_limit_v=5.974449; point_count=3; point_index=3; raw=1919.687500; reduced_error_percent=0.282824; scan_order=channel_major; section=YALK; ulk_address=77; upper_limit_v=6.036449; v7_v=6.005449; yalk_v=5.987914"
"yalk_channels";"ubsi.yalk.channel.78.0";"ЯЛК адрес 78 · 0.000000 В";0.0184423;"В";-0.0096492;0.0523508;"OK";"absolute_error_v=0.002909; analog_code=126.937500; channel=71; channel_count=80; channel_index=71; command_v=0.000000; lower_limit_v=-0.009649; point_count=3; point_index=1; raw=126.937500; reduced_error_percent=0.046912; scan_order=channel_major; section=YALK; ulk_address=78; upper_limit_v=0.052351; v7_v=0.021351; yalk_v=0.018442"
"yalk_channels";"ubsi.yalk.channel.78.1";"ЯЛК адрес 78 · 3.100000 В";3.05365;"В";3.02732;3.08932;"OK";"absolute_error_v=0.004665; analog_code=517.812500; channel=71; channel_count=80; channel_index=71; command_v=3.100000; lower_limit_v=3.027316; point_count=3; point_index=2; raw=1541.812500; reduced_error_percent=0.075239; scan_order=channel_major; section=YALK; ulk_address=78; upper_limit_v=3.089316; v7_v=3.058316; yalk_v=3.053652"
"yalk_channels";"ubsi.yalk.channel.78.2";"ЯЛК адрес 78 · 6.200000 В";6.08692;"В";6.06566;6.12766;"OK";"absolute_error_v=0.009739; analog_code=908.437500; channel=71; channel_count=80; channel_index=71; command_v=6.200000; lower_limit_v=6.065659; point_count=3; point_index=3; raw=1932.437500; reduced_error_percent=0.157088; scan_order=channel_major; section=YALK; ulk_address=78; upper_limit_v=6.127659; v7_v=6.096659; yalk_v=6.086920"
"yalk_channels";"ubsi.yalk.channel.79.0";"ЯЛК адрес 79 · 0.000000 В";-0.0286341;"В";-0.0714027;-0.00940266;"OK";"absolute_error_v=0.011769; analog_code=120.875000; channel=72; channel_count=80; channel_index=72; command_v=0.000000; lower_limit_v=-0.071403; point_count=3; point_index=1; raw=120.875000; reduced_error_percent=0.189816; scan_order=channel_major; section=YALK; ulk_address=79; upper_limit_v=-0.009403; v7_v=-0.040403; yalk_v=-0.028634"
"yalk_channels";"ubsi.yalk.channel.79.1";"ЯЛК адрес 79 · 3.100000 В";2.97018;"В";2.94251;3.00451;"OK";"absolute_error_v=0.003332; analog_code=507.062500; channel=72; channel_count=80; channel_index=72; command_v=3.100000; lower_limit_v=2.942508; point_count=3; point_index=2; raw=1531.062500; reduced_error_percent=0.053748; scan_order=channel_major; section=YALK; ulk_address=79; upper_limit_v=3.004508; v7_v=2.973508; yalk_v=2.970176"
"yalk_channels";"ubsi.yalk.channel.79.2";"ЯЛК адрес 79 · 6.200000 В";5.97044;"В";5.95398;6.01598;"OK";"absolute_error_v=0.014533; analog_code=893.437500; channel=72; channel_count=80; channel_index=72; command_v=6.200000; lower_limit_v=5.953975; point_count=3; point_index=3; raw=1917.437500; reduced_error_percent=0.234405; scan_order=channel_major; section=YALK; ulk_address=79; upper_limit_v=6.015975; v7_v=5.984975; yalk_v=5.970442"
"yalk_channels";"ubsi.yalk.channel.80.0";"ЯЛК адрес 80 · 0.000000 В";-0.0412524;"В";-0.0703739;-0.00837388;"OK";"absolute_error_v=0.001879; analog_code=119.250000; channel=73; channel_count=80; channel_index=73; command_v=0.000000; lower_limit_v=-0.070374; point_count=3; point_index=1; raw=119.250000; reduced_error_percent=0.030300; scan_order=channel_major; section=YALK; ulk_address=80; upper_limit_v=-0.008374; v7_v=-0.039374; yalk_v=-0.041252"
"yalk_channels";"ubsi.yalk.channel.80.1";"ЯЛК адрес 80 · 3.100000 В";2.98182;"В";2.95448;3.01648;"OK";"absolute_error_v=0.003659; analog_code=508.562500; channel=73; channel_count=80; channel_index=73; command_v=3.100000; lower_limit_v=2.954483; point_count=3; point_index=2; raw=1532.562500; reduced_error_percent=0.059021; scan_order=channel_major; section=YALK; ulk_address=80; upper_limit_v=3.016483; v7_v=2.985483; yalk_v=2.981824"
"yalk_channels";"ubsi.yalk.channel.80.2";"ЯЛК адрес 80 · 6.200000 В";5.99374;"В";5.97584;6.03784;"OK";"absolute_error_v=0.013099; analog_code=896.437500; channel=73; channel_count=80; channel_index=73; command_v=6.200000; lower_limit_v=5.975836; point_count=3; point_index=3; raw=1920.437500; reduced_error_percent=0.211270; scan_order=channel_major; section=YALK; ulk_address=80; upper_limit_v=6.037836; v7_v=6.006836; yalk_v=5.993738"
"yalk_channels";"ubsi.yalk.channel.81.0";"ЯЛК адрес 81 · 0.000000 В";-0.061636;"В";-0.0797139;-0.0177139;"OK";"absolute_error_v=0.012922; analog_code=116.625000; channel=74; channel_count=80; channel_index=74; command_v=0.000000; lower_limit_v=-0.079714; point_count=3; point_index=1; raw=116.625000; reduced_error_percent=0.208420; scan_order=channel_major; section=YALK; ulk_address=81; upper_limit_v=-0.017714; v7_v=-0.048714; yalk_v=-0.061636"
"yalk_channels";"ubsi.yalk.channel.81.1";"ЯЛК адрес 81 · 3.100000 В";2.96581;"В";2.94317;3.00517;"OK";"absolute_error_v=0.008361; analog_code=506.500000; channel=74; channel_count=80; channel_index=74; command_v=3.100000; lower_limit_v=2.943169; point_count=3; point_index=2; raw=1530.500000; reduced_error_percent=0.134856; scan_order=channel_major; section=YALK; ulk_address=81; upper_limit_v=3.005169; v7_v=2.974169; yalk_v=2.965808"
"yalk_channels";"ubsi.yalk.channel.81.2";"ЯЛК адрес 81 · 6.200000 В";5.99859;"В";5.97995;6.04195;"OK";"absolute_error_v=0.012362; analog_code=897.062500; channel=74; channel_count=80; channel_index=74; command_v=6.200000; lower_limit_v=5.979953; point_count=3; point_index=3; raw=1921.062500; reduced_error_percent=0.199386; scan_order=channel_major; section=YALK; ulk_address=81; upper_limit_v=6.041953; v7_v=6.010953; yalk_v=5.998591"
"yalk_channels";"ubsi.yalk.channel.82.0";"ЯЛК адрес 82 · 0.000000 В";-0.100947;"В";-0.134769;-0.0727693;"OK";"absolute_error_v=0.002822; analog_code=111.562500; channel=75; channel_count=80; channel_index=75; command_v=0.000000; lower_limit_v=-0.134769; point_count=3; point_index=1; raw=111.562500; reduced_error_percent=0.045519; scan_order=channel_major; section=YALK; ulk_address=82; upper_limit_v=-0.072769; v7_v=-0.103769; yalk_v=-0.100947"
"yalk_channels";"ubsi.yalk.channel.82.1";"ЯЛК адрес 82 · 3.100000 В";2.9527;"В";2.93273;2.99473;"OK";"absolute_error_v=0.011026; analog_code=504.812500; channel=75; channel_count=80; channel_index=75; command_v=3.100000; lower_limit_v=2.932731; point_count=3; point_index=2; raw=1528.812500; reduced_error_percent=0.177840; scan_order=channel_major; section=YALK; ulk_address=82; upper_limit_v=2.994731; v7_v=2.963731; yalk_v=2.952705"
"yalk_channels";"ubsi.yalk.channel.82.2";"ЯЛК адрес 82 · 6.200000 В";5.9918;"В";5.97495;6.03695;"OK";"absolute_error_v=0.014156; analog_code=896.187500; channel=75; channel_count=80; channel_index=75; command_v=6.200000; lower_limit_v=5.974952; point_count=3; point_index=3; raw=1920.187500; reduced_error_percent=0.228315; scan_order=channel_major; section=YALK; ulk_address=82; upper_limit_v=6.036952; v7_v=6.005952; yalk_v=5.991796"
"yalk_channels";"ubsi.yalk.channel.83.0";"ЯЛК адрес 83 · 0.000000 В";0.00679452;"В";-0.0199946;0.0420054;"OK";"absolute_error_v=0.004211; analog_code=125.437500; channel=76; channel_count=80; channel_index=76; command_v=0.000000; lower_limit_v=-0.019995; point_count=3; point_index=1; raw=125.437500; reduced_error_percent=0.067918; scan_order=channel_major; section=YALK; ulk_address=83; upper_limit_v=0.042005; v7_v=0.011005; yalk_v=0.006795"
"yalk_channels";"ubsi.yalk.channel.83.1";"ЯЛК адрес 83 · 3.100000 В";3.04249;"В";3.02043;3.08243;"OK";"absolute_error_v=0.008936; analog_code=516.375000; channel=76; channel_count=80; channel_index=76; command_v=3.100000; lower_limit_v=3.020426; point_count=3; point_index=2; raw=1540.375000; reduced_error_percent=0.144135; scan_order=channel_major; section=YALK; ulk_address=83; upper_limit_v=3.082426; v7_v=3.051426; yalk_v=3.042489"
"yalk_channels";"ubsi.yalk.channel.83.2";"ЯЛК адрес 83 · 6.200000 В";6.07964;"В";6.06903;6.13103;"OK";"absolute_error_v=0.020387; analog_code=907.500000; channel=76; channel_count=80; channel_index=76; command_v=6.200000; lower_limit_v=6.069027; point_count=3; point_index=3; raw=1931.500000; reduced_error_percent=0.328822; scan_order=channel_major; section=YALK; ulk_address=83; upper_limit_v=6.131027; v7_v=6.100027; yalk_v=6.079640"
"yalk_channels";"ubsi.yalk.channel.84.0";"ЯЛК адрес 84 · 0.000000 В";-0.141229;"В";-0.165971;-0.103971;"OK";"absolute_error_v=0.006258; analog_code=106.375000; channel=77; channel_count=80; channel_index=77; command_v=0.000000; lower_limit_v=-0.165971; point_count=3; point_index=1; raw=106.375000; reduced_error_percent=0.100928; scan_order=channel_major; section=YALK; ulk_address=84; upper_limit_v=-0.103971; v7_v=-0.134971; yalk_v=-0.141229"
"yalk_channels";"ubsi.yalk.channel.84.1";"ЯЛК адрес 84 · 3.100000 В";2.89155;"В";2.87397;2.93597;"OK";"absolute_error_v=0.013412; analog_code=496.937500; channel=77; channel_count=80; channel_index=77; command_v=3.100000; lower_limit_v=2.873965; point_count=3; point_index=2; raw=1520.937500; reduced_error_percent=0.216317; scan_order=channel_major; section=YALK; ulk_address=84; upper_limit_v=2.935965; v7_v=2.904965; yalk_v=2.891554"
"yalk_channels";"ubsi.yalk.channel.84.2";"ЯЛК адрес 84 · 6.200000 В";5.92628;"В";5.91032;5.97232;"OK";"absolute_error_v=0.015047; analog_code=887.750000; channel=77; channel_count=80; channel_index=77; command_v=6.200000; lower_limit_v=5.910325; point_count=3; point_index=3; raw=1911.750000; reduced_error_percent=0.242692; scan_order=channel_major; section=YALK; ulk_address=84; upper_limit_v=5.972325; v7_v=5.941325; yalk_v=5.926278"
"yalk_channels";"ubsi.yalk.channel.85.0";"ЯЛК адрес 85 · 0.000000 В";-0.0499883;"В";-0.0715914;-0.00959138;"OK";"absolute_error_v=0.009397; analog_code=118.125000; channel=78; channel_count=80; channel_index=78; command_v=0.000000; lower_limit_v=-0.071591; point_count=3; point_index=1; raw=118.125000; reduced_error_percent=0.151563; scan_order=channel_major; section=YALK; ulk_address=85; upper_limit_v=-0.009591; v7_v=-0.040591; yalk_v=-0.049988"
"yalk_channels";"ubsi.yalk.channel.85.1";"ЯЛК адрес 85 · 3.100000 В";2.99299;"В";2.96949;3.03149;"OK";"absolute_error_v=0.007508; analog_code=510.000000; channel=78; channel_count=80; channel_index=78; command_v=3.100000; lower_limit_v=2.969494; point_count=3; point_index=2; raw=1534.000000; reduced_error_percent=0.121098; scan_order=channel_major; section=YALK; ulk_address=85; upper_limit_v=3.031494; v7_v=3.000494; yalk_v=2.992986"
"yalk_channels";"ubsi.yalk.channel.85.2";"ЯЛК адрес 85 · 6.200000 В";6.03499;"В";6.02428;6.08628;"OK";"absolute_error_v=0.020286; analog_code=901.750000; channel=78; channel_count=80; channel_index=78; command_v=6.200000; lower_limit_v=6.024276; point_count=3; point_index=3; raw=1925.750000; reduced_error_percent=0.327193; scan_order=channel_major; section=YALK; ulk_address=85; upper_limit_v=6.086276; v7_v=6.055276; yalk_v=6.034990"
"yalk_channels";"ubsi.yalk.channel.86.0";"ЯЛК адрес 86 · 0.000000 В";-0.0412524;"В";-0.0608807;0.00111931;"OK";"absolute_error_v=0.011372; analog_code=119.250000; channel=79; channel_count=80; channel_index=79; command_v=0.000000; lower_limit_v=-0.060881; point_count=3; point_index=1; raw=119.250000; reduced_error_percent=0.183415; scan_order=channel_major; section=YALK; ulk_address=86; upper_limit_v=0.001119; v7_v=-0.029881; yalk_v=-0.041252"
"yalk_channels";"ubsi.yalk.channel.86.1";"ЯЛК адрес 86 · 3.100000 В";2.98765;"В";2.96962;3.03162;"OK";"absolute_error_v=0.012974; analog_code=509.312500; channel=79; channel_count=80; channel_index=79; command_v=3.100000; lower_limit_v=2.969622; point_count=3; point_index=2; raw=1533.312500; reduced_error_percent=0.209263; scan_order=channel_major; section=YALK; ulk_address=86; upper_limit_v=3.031622; v7_v=3.000622; yalk_v=2.987648"
"yalk_channels";"ubsi.yalk.channel.86.2";"ЯЛК адрес 86 · 6.200000 В";6.03159;"В";6.01068;6.07268;"OK";"absolute_error_v=0.010089; analog_code=901.312500; channel=79; channel_count=80; channel_index=79; command_v=6.200000; lower_limit_v=6.010682; point_count=3; point_index=3; raw=1925.312500; reduced_error_percent=0.162725; scan_order=channel_major; section=YALK; ulk_address=86; upper_limit_v=6.072682; v7_v=6.041682; yalk_v=6.031593"
"yalk_channels";"ubsi.yalk.channel.87.0";"ЯЛК адрес 87 · 0.000000 В";-0.967249;"В";-0.0789615;-0.0169615;"FAIL";"absolute_error_v=0.919287; analog_code=0.000000; channel=80; channel_count=80; channel_index=80; command_v=0.000000; lower_limit_v=-0.078961; point_count=3; point_index=1; raw=1024.000000; reduced_error_percent=14.827210; scan_order=channel_major; section=YALK; ulk_address=87; upper_limit_v=-0.016961; v7_v=-0.047961; yalk_v=-0.967249"
"yalk_channels";"ubsi.yalk.channel.87.1";"ЯЛК адрес 87 · 3.100000 В";-0.967249;"В";2.93529;2.99729;"FAIL";"absolute_error_v=3.933538; analog_code=0.000000; channel=80; channel_count=80; channel_index=80; command_v=3.100000; lower_limit_v=2.935290; point_count=3; point_index=2; raw=1024.000000; reduced_error_percent=63.444163; scan_order=channel_major; section=YALK; ulk_address=87; upper_limit_v=2.997290; v7_v=2.966290; yalk_v=-0.967249"
"yalk_channels";"ubsi.yalk.channel.87.2";"ЯЛК адрес 87 · 6.200000 В";-0.967249;"В";5.96352;6.02552;"FAIL";"absolute_error_v=6.961773; analog_code=0.000000; channel=80; channel_count=80; channel_index=80; command_v=6.200000; lower_limit_v=5.963525; point_count=3; point_index=3; raw=1024.000000; reduced_error_percent=112.286667; scan_order=channel_major; section=YALK; ulk_address=87; upper_limit_v=6.025525; v7_v=5.994525; yalk_v=-0.967249"
"yalk_contact_thresholds";"ubsi.yalk.signal.1.0";"ЯЛК адрес 1: контакт при 0.000000 В";0;"лог.";0;0;"OK";"analog_code=131.375000; channel=1; channel_count=80; channel_index=1; command_v=0.000000; expected_signal=0; point_count=3; point_index=1; raw=131.375000; scan_order=channel_major; section=YALK; signal=0; ulk_address=1; v7_v=0.052714; yalk_v=0.052900"
"yalk_contact_thresholds";"ubsi.yalk.signal.1.1";"ЯЛК адрес 1: контакт при 0.900000 В";0;"лог.";0;0;"OK";"analog_code=244.812500; channel=1; channel_count=80; channel_index=1; command_v=0.900000; expected_signal=0; point_count=3; point_index=2; raw=244.812500; scan_order=channel_major; section=YALK; signal=0; ulk_address=1; v7_v=0.937222; yalk_v=0.933761"
"yalk_contact_thresholds";"ubsi.yalk.signal.1.2";"ЯЛК адрес 1: контакт при 2.500000 В";1;"лог.";1;1;"OK";"analog_code=446.875000; channel=1; channel_count=80; channel_index=1; command_v=2.500000; expected_signal=1; point_count=3; point_index=3; raw=1470.875000; scan_order=channel_major; section=YALK; signal=1; ulk_address=1; v7_v=2.511848; yalk_v=2.502810"
"yalk_contact_thresholds";"ubsi.yalk.signal.2.0";"ЯЛК адрес 2: контакт при 0.000000 В";0;"лог.";0;0;"OK";"analog_code=114.750000; channel=2; channel_count=80; channel_index=2; command_v=0.000000; expected_signal=0; point_count=3; point_index=1; raw=114.750000; scan_order=channel_major; section=YALK; signal=0; ulk_address=2; v7_v=-0.077878; yalk_v=-0.076196"
"yalk_contact_thresholds";"ubsi.yalk.signal.2.1";"ЯЛК адрес 2: контакт при 0.900000 В";0;"лог.";0;0;"OK";"analog_code=226.937500; channel=2; channel_count=80; channel_index=2; command_v=0.900000; expected_signal=0; point_count=3; point_index=2; raw=226.937500; scan_order=channel_major; section=YALK; signal=0; ulk_address=2; v7_v=0.798208; yalk_v=0.794959"
"yalk_contact_thresholds";"ubsi.yalk.signal.2.2";"ЯЛК адрес 2: контакт при 2.500000 В";1;"лог.";1;1;"OK";"analog_code=427.625000; channel=2; channel_count=80; channel_index=2; command_v=2.500000; expected_signal=1; point_count=3; point_index=3; raw=1451.625000; scan_order=channel_major; section=YALK; signal=1; ulk_address=2; v7_v=2.361963; yalk_v=2.353331"
"yalk_contact_thresholds";"ubsi.yalk.signal.3.0";"ЯЛК адрес 3: контакт при 0.000000 В";0;"лог.";0;0;"OK";"analog_code=116.375000; channel=3; channel_count=80; channel_index=3; command_v=0.000000; expected_signal=0; point_count=3; point_index=1; raw=116.375000; scan_order=channel_major; section=YALK; signal=0; ulk_address=3; v7_v=-0.063909; yalk_v=-0.063577"
"yalk_contact_thresholds";"ubsi.yalk.signal.3.1";"ЯЛК адрес 3: контакт при 0.900000 В";0;"лог.";0;0;"OK";"analog_code=230.875000; channel=3; channel_count=80; channel_index=3; command_v=0.900000; expected_signal=0; point_count=3; point_index=2; raw=230.875000; scan_order=channel_major; section=YALK; signal=0; ulk_address=3; v7_v=0.825909; yalk_v=0.825534"
"yalk_contact_thresholds";"ubsi.yalk.signal.3.2";"ЯЛК адрес 3: контакт при 2.500000 В";1;"лог.";1;1;"OK";"analog_code=434.062500; channel=3; channel_count=80; channel_index=3; command_v=2.500000; expected_signal=1; point_count=3; point_index=3; raw=1458.062500; scan_order=channel_major; section=YALK; signal=1; ulk_address=3; v7_v=2.411860; yalk_v=2.403319"
"yalk_contact_thresholds";"ubsi.yalk.signal.4.0";"ЯЛК адрес 4: контакт при 0.000000 В";0;"лог.";0;0;"OK";"analog_code=112.375000; channel=4; channel_count=80; channel_index=4; command_v=0.000000; expected_signal=0; point_count=3; point_index=1; raw=112.375000; scan_order=channel_major; section=YALK; signal=0; ulk_address=4; v7_v=-0.097677; yalk_v=-0.094638"
"yalk_contact_thresholds";"ubsi.yalk.signal.4.1";"ЯЛК адрес 4: контакт при 0.900000 В";0;"лог.";0;0;"OK";"analog_code=225.187500; channel=4; channel_count=80; channel_index=4; command_v=0.900000; expected_signal=0; point_count=3; point_index=2; raw=225.187500; scan_order=channel_major; section=YALK; signal=0; ulk_address=4; v7_v=0.783758; yalk_v=0.781370"
"yalk_contact_thresholds";"ubsi.yalk.signal.4.2";"ЯЛК адрес 4: контакт при 2.500000 В";1;"лог.";1;1;"OK";"analog_code=427.500000; channel=4; channel_count=80; channel_index=4; command_v=2.500000; expected_signal=1; point_count=3; point_index=3; raw=1451.500000; scan_order=channel_major; section=YALK; signal=1; ulk_address=4; v7_v=2.356586; yalk_v=2.352360"
"yalk_contact_thresholds";"ubsi.yalk.signal.5.0";"ЯЛК адрес 5: контакт при 0.000000 В";0;"лог.";0;0;"OK";"analog_code=120.000000; channel=5; channel_count=80; channel_index=5; command_v=0.000000; expected_signal=0; point_count=3; point_index=1; raw=120.000000; scan_order=channel_major; section=YALK; signal=0; ulk_address=5; v7_v=-0.040296; yalk_v=-0.035429"
"yalk_contact_thresholds";"ubsi.yalk.signal.5.1";"ЯЛК адрес 5: контакт при 0.900000 В";0;"лог.";0;0;"OK";"analog_code=231.062500; channel=5; channel_count=80; channel_index=5; command_v=0.900000; expected_signal=0; point_count=3; point_index=2; raw=231.062500; scan_order=channel_major; section=YALK; signal=0; ulk_address=5; v7_v=0.831804; yalk_v=0.826990"
"yalk_contact_thresholds";"ubsi.yalk.signal.5.2";"ЯЛК адрес 5: контакт при 2.500000 В";1;"лог.";1;1;"OK";"analog_code=431.250000; channel=5; channel_count=80; channel_index=5; command_v=2.500000; expected_signal=1; point_count=3; point_index=3; raw=1455.250000; scan_order=channel_major; section=YALK; signal=1; ulk_address=5; v7_v=2.394866; yalk_v=2.381479"
"yalk_contact_thresholds";"ubsi.yalk.signal.6.0";"ЯЛК адрес 6: контакт при 0.000000 В";0;"лог.";0;0;"OK";"analog_code=115.062500; channel=6; channel_count=80; channel_index=6; command_v=0.000000; expected_signal=0; point_count=3; point_index=1; raw=115.062500; scan_order=channel_major; section=YALK; signal=0; ulk_address=6; v7_v=-0.078763; yalk_v=-0.073769"
"yalk_contact_thresholds";"ubsi.yalk.signal.6.1";"ЯЛК адрес 6: контакт при 0.900000 В";0;"лог.";0;0;"OK";"analog_code=228.812500; channel=6; channel_count=80; channel_index=6; command_v=0.900000; expected_signal=0; point_count=3; point_index=2; raw=228.812500; scan_order=channel_major; section=YALK; signal=0; ulk_address=6; v7_v=0.811001; yalk_v=0.809519"
"yalk_contact_thresholds";"ubsi.yalk.signal.6.2";"ЯЛК адрес 6: контакт при 2.500000 В";1;"лог.";1;1;"OK";"analog_code=432.125000; channel=6; channel_count=80; channel_index=6; command_v=2.500000; expected_signal=1; point_count=3; point_index=3; raw=1456.125000; scan_order=channel_major; section=YALK; signal=1; ulk_address=6; v7_v=2.389885; yalk_v=2.388274"
"yalk_contact_thresholds";"ubsi.yalk.signal.7.0";"ЯЛК адрес 7: контакт при 0.000000 В";0;"лог.";0;0;"OK";"analog_code=123.875000; channel=7; channel_count=80; channel_index=7; command_v=0.000000; expected_signal=0; point_count=3; point_index=1; raw=123.875000; scan_order=channel_major; section=YALK; signal=0; ulk_address=7; v7_v=-0.007516; yalk_v=-0.005339"
"yalk_contact_thresholds";"ubsi.yalk.signal.7.1";"ЯЛК адрес 7: контакт при 0.900000 В";0;"лог.";0;0;"OK";"analog_code=236.125000; channel=7; channel_count=80; channel_index=7; command_v=0.900000; expected_signal=0; point_count=3; point_index=2; raw=236.125000; scan_order=channel_major; section=YALK; signal=0; ulk_address=7; v7_v=0.869334; yalk_v=0.866301"
"yalk_contact_thresholds";"ubsi.yalk.signal.7.2";"ЯЛК адрес 7: контакт при 2.500000 В";1;"лог.";1;1;"OK";"analog_code=439.000000; channel=7; channel_count=80; channel_index=7; command_v=2.500000; expected_signal=1; point_count=3; point_index=3; raw=1463.000000; scan_order=channel_major; section=YALK; signal=1; ulk_address=7; v7_v=2.443403; yalk_v=2.441659"
"yalk_contact_thresholds";"ubsi.yalk.signal.8.0";"ЯЛК адрес 8: контакт при 0.000000 В";0;"лог.";0;0;"OK";"analog_code=122.437500; channel=8; channel_count=80; channel_index=8; command_v=0.000000; expected_signal=0; point_count=3; point_index=1; raw=122.437500; scan_order=channel_major; section=YALK; signal=0; ulk_address=8; v7_v=-0.021187; yalk_v=-0.016501"
"yalk_contact_thresholds";"ubsi.yalk.signal.8.1";"ЯЛК адрес 8: контакт при 0.900000 В";0;"лог.";0;0;"OK";"analog_code=235.375000; channel=8; channel_count=80; channel_index=8; command_v=0.900000; expected_signal=0; point_count=3; point_index=2; raw=235.375000; scan_order=channel_major; section=YALK; signal=0; ulk_address=8; v7_v=0.861087; yalk_v=0.860477"
"yalk_contact_thresholds";"ubsi.yalk.signal.8.2";"ЯЛК адрес 8: контакт при 2.500000 В";1;"лог.";1;1;"OK";"analog_code=438.625000; channel=8; channel_count=80; channel_index=8; command_v=2.500000; expected_signal=1; point_count=3; point_index=3; raw=1462.625000; scan_order=channel_major; section=YALK; signal=1; ulk_address=8; v7_v=2.437896; yalk_v=2.438748"
"yalk_contact_thresholds";"ubsi.yalk.signal.9.0";"ЯЛК адрес 9: контакт при 0.000000 В";0;"лог.";0;0;"OK";"analog_code=124.937500; channel=9; channel_count=80; channel_index=9; command_v=0.000000; expected_signal=0; point_count=3; point_index=1; raw=124.937500; scan_order=channel_major; section=YALK; signal=0; ulk_address=9; v7_v=0.008071; yalk_v=0.002912"
"yalk_contact_thresholds";"ubsi.yalk.signal.9.1";"ЯЛК адрес 9: контакт при 0.900000 В";0;"лог.";0;0;"OK";"analog_code=238.000000; channel=9; channel_count=80; channel_index=9; command_v=0.900000; expected_signal=0; point_count=3; point_index=2; raw=238.000000; scan_order=channel_major; section=YALK; signal=0; ulk_address=9; v7_v=0.893107; yalk_v=0.880861"
"yalk_contact_thresholds";"ubsi.yalk.signal.9.2";"ЯЛК адрес 9: контакт при 2.500000 В";1;"лог.";1;1;"OK";"analog_code=439.562500; channel=9; channel_count=80; channel_index=9; command_v=2.500000; expected_signal=1; point_count=3; point_index=3; raw=1463.562500; scan_order=channel_major; section=YALK; signal=1; ulk_address=9; v7_v=2.453312; yalk_v=2.446027"
"yalk_contact_thresholds";"ubsi.yalk.signal.10.0";"ЯЛК адрес 10: контакт при 0.000000 В";0;"лог.";0;0;"OK";"analog_code=108.687500; channel=10; channel_count=80; channel_index=10; command_v=0.000000; expected_signal=0; point_count=3; point_index=1; raw=108.687500; scan_order=channel_major; section=YALK; signal=0; ulk_address=10; v7_v=-0.119702; yalk_v=-0.123272"
"yalk_contact_thresholds";"ubsi.yalk.signal.10.1";"ЯЛК адрес 10: контакт при 0.900000 В";0;"лог.";0;0;"OK";"analog_code=222.750000; channel=10; channel_count=80; channel_index=10; command_v=0.900000; expected_signal=0; point_count=3; point_index=2; raw=222.750000; scan_order=channel_major; section=YALK; signal=0; ulk_address=10; v7_v=0.768583; yalk_v=0.762442"
"yalk_contact_thresholds";"ubsi.yalk.signal.10.2";"ЯЛК адрес 10: контакт при 2.500000 В";1;"лог.";1;1;"OK";"analog_code=424.500000; channel=10; channel_count=80; channel_index=10; command_v=2.500000; expected_signal=1; point_count=3; point_index=3; raw=1448.500000; scan_order=channel_major; section=YALK; signal=1; ulk_address=10; v7_v=2.338355; yalk_v=2.329065"
"yalk_contact_thresholds";"ubsi.yalk.signal.11.0";"ЯЛК адрес 11: контакт при 0.000000 В";0;"лог.";0;0;"OK";"analog_code=113.687500; channel=11; channel_count=80; channel_index=11; command_v=0.000000; expected_signal=0; point_count=3; point_index=1; raw=113.687500; scan_order=channel_major; section=YALK; signal=0; ulk_address=11; v7_v=-0.085472; yalk_v=-0.084446"
"yalk_contact_thresholds";"ubsi.yalk.signal.11.1";"ЯЛК адрес 11: контакт при 0.900000 В";0;"лог.";0;0;"OK";"analog_code=226.062500; channel=11; channel_count=80; channel_index=11; command_v=0.900000; expected_signal=0; point_count=3; point_index=2; raw=226.062500; scan_order=channel_major; section=YALK; signal=0; ulk_address=11; v7_v=0.795688; yalk_v=0.788164"
"yalk_contact_thresholds";"ubsi.yalk.signal.11.2";"ЯЛК адрес 11: контакт при 2.500000 В";1;"лог.";1;1;"OK";"analog_code=429.250000; channel=11; channel_count=80; channel_index=11; command_v=2.500000; expected_signal=1; point_count=3; point_index=3; raw=1453.250000; scan_order=channel_major; section=YALK; signal=1; ulk_address=11; v7_v=2.373514; yalk_v=2.365949"
"yalk_contact_thresholds";"ubsi.yalk.signal.12.0";"ЯЛК адрес 12: контакт при 0.000000 В";0;"лог.";0;0;"OK";"analog_code=119.187500; channel=12; channel_count=80; channel_index=12; command_v=0.000000; expected_signal=0; point_count=3; point_index=1; raw=119.187500; scan_order=channel_major; section=YALK; signal=0; ulk_address=12; v7_v=-0.045114; yalk_v=-0.041738"
"yalk_contact_thresholds";"ubsi.yalk.signal.12.1";"ЯЛК адрес 12: контакт при 0.900000 В";0;"лог.";0;0;"OK";"analog_code=232.250000; channel=12; channel_count=80; channel_index=12; command_v=0.900000; expected_signal=0; point_count=3; point_index=2; raw=232.250000; scan_order=channel_major; section=YALK; signal=0; ulk_address=12; v7_v=0.837010; yalk_v=0.836211"
"yalk_contact_thresholds";"ubsi.yalk.signal.12.2";"ЯЛК адрес 12: контакт при 2.500000 В";1;"лог.";1;1;"OK";"analog_code=433.750000; channel=12; channel_count=80; channel_index=12; command_v=2.500000; expected_signal=1; point_count=3; point_index=3; raw=1457.750000; scan_order=channel_major; section=YALK; signal=1; ulk_address=12; v7_v=2.409289; yalk_v=2.400892"
"yalk_contact_thresholds";"ubsi.yalk.signal.13.0";"ЯЛК адрес 13: контакт при 0.000000 В";0;"лог.";0;0;"OK";"analog_code=115.437500; channel=13; channel_count=80; channel_index=13; command_v=0.000000; expected_signal=0; point_count=3; point_index=1; raw=115.437500; scan_order=channel_major; section=YALK; signal=0; ulk_address=13; v7_v=-0.063579; yalk_v=-0.070857"
"yalk_contact_thresholds";"ubsi.yalk.signal.13.1";"ЯЛК адрес 13: контакт при 0.900000 В";0;"лог.";0;0;"OK";"analog_code=228.750000; channel=13; channel_count=80; channel_index=13; command_v=0.900000; expected_signal=0; point_count=3; point_index=2; raw=228.750000; scan_order=channel_major; section=YALK; signal=0; ulk_address=13; v7_v=0.817655; yalk_v=0.809033"
"yalk_contact_thresholds";"ubsi.yalk.signal.13.2";"ЯЛК адрес 13: контакт при 2.500000 В";1;"лог.";1;1;"OK";"analog_code=430.937500; channel=13; channel_count=80; channel_index=13; command_v=2.500000; expected_signal=1; point_count=3; point_index=3; raw=1454.937500; scan_order=channel_major; section=YALK; signal=1; ulk_address=13; v7_v=2.385963; yalk_v=2.379053"
"yalk_contact_thresholds";"ubsi.yalk.signal.14.0";"ЯЛК адрес 14: контакт при 0.000000 В";0;"лог.";0;0;"OK";"analog_code=117.000000; channel=14; channel_count=80; channel_index=14; command_v=0.000000; expected_signal=0; point_count=3; point_index=1; raw=117.000000; scan_order=channel_major; section=YALK; signal=0; ulk_address=14; v7_v=-0.053919; yalk_v=-0.058724"
"yalk_contact_thresholds";"ubsi.yalk.signal.14.1";"ЯЛК адрес 14: контакт при 0.900000 В";0;"лог.";0;0;"OK";"analog_code=231.937500; channel=14; channel_count=80; channel_index=14; command_v=0.900000; expected_signal=0; point_count=3; point_index=2; raw=231.937500; scan_order=channel_major; section=YALK; signal=0; ulk_address=14; v7_v=0.838889; yalk_v=0.833785"
"yalk_contact_thresholds";"ubsi.yalk.signal.14.2";"ЯЛК адрес 14: контакт при 2.500000 В";1;"лог.";1;1;"OK";"analog_code=436.812500; channel=14; channel_count=80; channel_index=14; command_v=2.500000; expected_signal=1; point_count=3; point_index=3; raw=1460.812500; scan_order=channel_major; section=YALK; signal=1; ulk_address=14; v7_v=2.428356; yalk_v=2.424673"
"yalk_contact_thresholds";"ubsi.yalk.signal.15.0";"ЯЛК адрес 15: контакт при 0.000000 В";0;"лог.";0;0;"OK";"analog_code=122.437500; channel=15; channel_count=80; channel_index=15; command_v=0.000000; expected_signal=0; point_count=3; point_index=1; raw=122.437500; scan_order=channel_major; section=YALK; signal=0; ulk_address=15; v7_v=-0.006592; yalk_v=-0.016501"
"yalk_contact_thresholds";"ubsi.yalk.signal.15.1";"ЯЛК адрес 15: контакт при 0.900000 В";0;"лог.";0;0;"OK";"analog_code=235.250000; channel=15; channel_count=80; channel_index=15; command_v=0.900000; expected_signal=0; point_count=3; point_index=2; raw=235.250000; scan_order=channel_major; section=YALK; signal=0; ulk_address=15; v7_v=0.873029; yalk_v=0.859507"
"yalk_contact_thresholds";"ubsi.yalk.signal.15.2";"ЯЛК адрес 15: контакт при 2.500000 В";1;"лог.";1;1;"OK";"analog_code=440.625000; channel=15; channel_count=80; channel_index=15; command_v=2.500000; expected_signal=1; point_count=3; point_index=3; raw=1464.625000; scan_order=channel_major; section=YALK; signal=1; ulk_address=15; v7_v=2.460963; yalk_v=2.454278"
"yalk_contact_thresholds";"ubsi.yalk.signal.16.0";"ЯЛК адрес 16: контакт при 0.000000 В";0;"лог.";0;0;"OK";"analog_code=119.000000; channel=16; channel_count=80; channel_index=16; command_v=0.000000; expected_signal=0; point_count=3; point_index=1; raw=119.000000; scan_order=channel_major; section=YALK; signal=0; ulk_address=16; v7_v=-0.042486; yalk_v=-0.043194"
"yalk_contact_thresholds";"ubsi.yalk.signal.16.1";"ЯЛК адрес 16: контакт при 0.900000 В";0;"лог.";0;0;"OK";"analog_code=231.750000; channel=16; channel_count=80; channel_index=16; command_v=0.900000; expected_signal=0; point_count=3; point_index=2; raw=231.750000; scan_order=channel_major; section=YALK; signal=0; ulk_address=16; v7_v=0.835505; yalk_v=0.832329"
"yalk_contact_thresholds";"ubsi.yalk.signal.16.2";"ЯЛК адрес 16: контакт при 2.500000 В";1;"лог.";1;1;"OK";"analog_code=435.250000; channel=16; channel_count=80; channel_index=16; command_v=2.500000; expected_signal=1; point_count=3; point_index=3; raw=1459.250000; scan_order=channel_major; section=YALK; signal=1; ulk_address=16; v7_v=2.412911; yalk_v=2.412540"
"yalk_contact_thresholds";"ubsi.yalk.signal.17.0";"ЯЛК адрес 17: контакт при 0.000000 В";0;"лог.";0;0;"OK";"analog_code=108.375000; channel=17; channel_count=80; channel_index=17; command_v=0.000000; expected_signal=0; point_count=3; point_index=1; raw=108.375000; scan_order=channel_major; section=YALK; signal=0; ulk_address=17; v7_v=-0.129729; yalk_v=-0.125699"
"yalk_contact_thresholds";"ubsi.yalk.signal.17.1";"ЯЛК адрес 17: контакт при 0.900000 В";0;"лог.";0;0;"OK";"analog_code=222.000000; channel=17; channel_count=80; channel_index=17; command_v=0.900000; expected_signal=0; point_count=3; point_index=2; raw=222.000000; scan_order=channel_major; section=YALK; signal=0; ulk_address=17; v7_v=0.753247; yalk_v=0.756618"
"yalk_contact_thresholds";"ubsi.yalk.signal.17.2";"ЯЛК адрес 17: контакт при 2.500000 В";1;"лог.";1;1;"OK";"analog_code=421.750000; channel=17; channel_count=80; channel_index=17; command_v=2.500000; expected_signal=1; point_count=3; point_index=3; raw=1445.750000; scan_order=channel_major; section=YALK; signal=1; ulk_address=17; v7_v=2.320085; yalk_v=2.307710"
"yalk_contact_thresholds";"ubsi.yalk.signal.18.0";"ЯЛК адрес 18: контакт при 0.000000 В";0;"лог.";0;0;"OK";"analog_code=123.750000; channel=18; channel_count=80; channel_index=18; command_v=0.000000; expected_signal=0; point_count=3; point_index=1; raw=123.750000; scan_order=channel_major; section=YALK; signal=0; ulk_address=18; v7_v=-0.003721; yalk_v=-0.006309"
"yalk_contact_thresholds";"ubsi.yalk.signal.18.1";"ЯЛК адрес 18: контакт при 0.900000 В";0;"лог.";0;0;"OK";"analog_code=235.250000; channel=18; channel_count=80; channel_index=18; command_v=0.900000; expected_signal=0; point_count=3; point_index=2; raw=235.250000; scan_order=channel_major; section=YALK; signal=0; ulk_address=18; v7_v=0.866014; yalk_v=0.859507"
"yalk_contact_thresholds";"ubsi.yalk.signal.18.2";"ЯЛК адрес 18: контакт при 2.500000 В";1;"лог.";1;1;"OK";"analog_code=436.625000; channel=18; channel_count=80; channel_index=18; command_v=2.500000; expected_signal=1; point_count=3; point_index=3; raw=1460.625000; scan_order=channel_major; section=YALK; signal=1; ulk_address=18; v7_v=2.431043; yalk_v=2.423217"
"yalk_contact_thresholds";"ubsi.yalk.signal.19.0";"ЯЛК адрес 19: контакт при 0.000000 В";0;"лог.";0;0;"OK";"analog_code=110.500000; channel=19; channel_count=80; channel_index=19; command_v=0.000000; expected_signal=0; point_count=3; point_index=1; raw=110.500000; scan_order=channel_major; section=YALK; signal=0; ulk_address=19; v7_v=-0.100036; yalk_v=-0.109198"
"yalk_contact_thresholds";"ubsi.yalk.signal.19.1";"ЯЛК адрес 19: контакт при 0.900000 В";0;"лог.";0;0;"OK";"analog_code=225.000000; channel=19; channel_count=80; channel_index=19; command_v=0.900000; expected_signal=0; point_count=3; point_index=2; raw=225.000000; scan_order=channel_major; section=YALK; signal=0; ulk_address=19; v7_v=0.785645; yalk_v=0.779914"
"yalk_contact_thresholds";"ubsi.yalk.signal.19.2";"ЯЛК адрес 19: контакт при 2.500000 В";1;"лог.";1;1;"OK";"analog_code=427.125000; channel=19; channel_count=80; channel_index=19; command_v=2.500000; expected_signal=1; point_count=3; point_index=3; raw=1451.125000; scan_order=channel_major; section=YALK; signal=1; ulk_address=19; v7_v=2.354115; yalk_v=2.349448"
"yalk_contact_thresholds";"ubsi.yalk.signal.20.0";"ЯЛК адрес 20: контакт при 0.000000 В";0;"лог.";0;0;"OK";"analog_code=119.125000; channel=20; channel_count=80; channel_index=20; command_v=0.000000; expected_signal=0; point_count=3; point_index=1; raw=119.125000; scan_order=channel_major; section=YALK; signal=0; ulk_address=20; v7_v=-0.040478; yalk_v=-0.042223"
"yalk_contact_thresholds";"ubsi.yalk.signal.20.1";"ЯЛК адрес 20: контакт при 0.900000 В";0;"лог.";0;0;"OK";"analog_code=231.562500; channel=20; channel_count=80; channel_index=20; command_v=0.900000; expected_signal=0; point_count=3; point_index=2; raw=231.562500; scan_order=channel_major; section=YALK; signal=0; ulk_address=20; v7_v=0.838731; yalk_v=0.830873"
"yalk_contact_thresholds";"ubsi.yalk.signal.20.2";"ЯЛК адрес 20: контакт при 2.500000 В";1;"лог.";1;1;"OK";"analog_code=434.062500; channel=20; channel_count=80; channel_index=20; command_v=2.500000; expected_signal=1; point_count=3; point_index=3; raw=1458.062500; scan_order=channel_major; section=YALK; signal=1; ulk_address=20; v7_v=2.408359; yalk_v=2.403319"
"yalk_contact_thresholds";"ubsi.yalk.signal.21.0";"ЯЛК адрес 21: контакт при 0.000000 В";0;"лог.";0;0;"OK";"analog_code=106.125000; channel=21; channel_count=80; channel_index=21; command_v=0.000000; expected_signal=0; point_count=3; point_index=1; raw=106.125000; scan_order=channel_major; section=YALK; signal=0; ulk_address=21; v7_v=-0.142484; yalk_v=-0.143170"
"yalk_contact_thresholds";"ubsi.yalk.signal.21.1";"ЯЛК адрес 21: контакт при 0.900000 В";0;"лог.";0;0;"OK";"analog_code=219.312500; channel=21; channel_count=80; channel_index=21; command_v=0.900000; expected_signal=0; point_count=3; point_index=2; raw=219.312500; scan_order=channel_major; section=YALK; signal=0; ulk_address=21; v7_v=0.732314; yalk_v=0.735750"
"yalk_contact_thresholds";"ubsi.yalk.signal.21.2";"ЯЛК адрес 21: контакт при 2.500000 В";1;"лог.";1;1;"OK";"analog_code=419.000000; channel=21; channel_count=80; channel_index=21; command_v=2.500000; expected_signal=1; point_count=3; point_index=3; raw=1443.000000; scan_order=channel_major; section=YALK; signal=1; ulk_address=21; v7_v=2.297392; yalk_v=2.286356"
"yalk_contact_thresholds";"ubsi.yalk.signal.22.0";"ЯЛК адрес 22: контакт при 0.000000 В";0;"лог.";0;0;"OK";"analog_code=126.562500; channel=22; channel_count=80; channel_index=22; command_v=0.000000; expected_signal=0; point_count=3; point_index=1; raw=126.562500; scan_order=channel_major; section=YALK; signal=0; ulk_address=22; v7_v=0.015572; yalk_v=0.015530"
"yalk_contact_thresholds";"ubsi.yalk.signal.22.1";"ЯЛК адрес 22: контакт при 0.900000 В";0;"лог.";0;0;"OK";"analog_code=239.937500; channel=22; channel_count=80; channel_index=22; command_v=0.900000; expected_signal=0; point_count=3; point_index=2; raw=239.937500; scan_order=channel_major; section=YALK; signal=0; ulk_address=22; v7_v=0.900088; yalk_v=0.895906"
"yalk_contact_thresholds";"ubsi.yalk.signal.22.2";"ЯЛК адрес 22: контакт при 2.500000 В";1;"лог.";1;1;"OK";"analog_code=441.312500; channel=22; channel_count=80; channel_index=22; command_v=2.500000; expected_signal=1; point_count=3; point_index=3; raw=1465.312500; scan_order=channel_major; section=YALK; signal=1; ulk_address=22; v7_v=2.465583; yalk_v=2.459616"
"yalk_contact_thresholds";"ubsi.yalk.signal.23.0";"ЯЛК адрес 23: контакт при 0.000000 В";0;"лог.";0;0;"OK";"analog_code=115.375000; channel=23; channel_count=80; channel_index=23; command_v=0.000000; expected_signal=0; point_count=3; point_index=1; raw=115.375000; scan_order=channel_major; section=YALK; signal=0; ulk_address=23; v7_v=-0.069749; yalk_v=-0.071342"
"yalk_contact_thresholds";"ubsi.yalk.signal.23.1";"ЯЛК адрес 23: контакт при 0.900000 В";0;"лог.";0;0;"OK";"analog_code=227.562500; channel=23; channel_count=80; channel_index=23; command_v=0.900000; expected_signal=0; point_count=3; point_index=2; raw=227.562500; scan_order=channel_major; section=YALK; signal=0; ulk_address=23; v7_v=0.807867; yalk_v=0.799812"
"yalk_contact_thresholds";"ubsi.yalk.signal.23.2";"ЯЛК адрес 23: контакт при 2.500000 В";1;"лог.";1;1;"OK";"analog_code=429.437500; channel=23; channel_count=80; channel_index=23; command_v=2.500000; expected_signal=1; point_count=3; point_index=3; raw=1453.437500; scan_order=channel_major; section=YALK; signal=1; ulk_address=23; v7_v=2.374033; yalk_v=2.367405"
"yalk_contact_thresholds";"ubsi.yalk.signal.24.0";"ЯЛК адрес 24: контакт при 0.000000 В";0;"лог.";0;0;"OK";"analog_code=111.437500; channel=24; channel_count=80; channel_index=24; command_v=0.000000; expected_signal=0; point_count=3; point_index=1; raw=111.437500; scan_order=channel_major; section=YALK; signal=0; ulk_address=24; v7_v=-0.098134; yalk_v=-0.101918"
"yalk_contact_thresholds";"ubsi.yalk.signal.24.1";"ЯЛК адрес 24: контакт при 0.900000 В";0;"лог.";0;0;"OK";"analog_code=225.937500; channel=24; channel_count=80; channel_index=24; command_v=0.900000; expected_signal=0; point_count=3; point_index=2; raw=225.937500; scan_order=channel_major; section=YALK; signal=0; ulk_address=24; v7_v=0.790275; yalk_v=0.787194"
"yalk_contact_thresholds";"ubsi.yalk.signal.24.2";"ЯЛК адрес 24: контакт при 2.500000 В";1;"лог.";1;1;"OK";"analog_code=429.250000; channel=24; channel_count=80; channel_index=24; command_v=2.500000; expected_signal=1; point_count=3; point_index=3; raw=1453.250000; scan_order=channel_major; section=YALK; signal=1; ulk_address=24; v7_v=2.372609; yalk_v=2.365949"
"yalk_contact_thresholds";"ubsi.yalk.signal.25.0";"ЯЛК адрес 25: контакт при 0.000000 В";0;"лог.";0;0;"OK";"analog_code=115.687500; channel=25; channel_count=80; channel_index=25; command_v=0.000000; expected_signal=0; point_count=3; point_index=1; raw=115.687500; scan_order=channel_major; section=YALK; signal=0; ulk_address=25; v7_v=-0.062126; yalk_v=-0.068916"
"yalk_contact_thresholds";"ubsi.yalk.signal.25.1";"ЯЛК адрес 25: контакт при 0.900000 В";1;"лог.";0;0;"FAIL";"analog_code=230.000000; channel=25; channel_count=80; channel_index=25; command_v=0.900000; expected_signal=0; point_count=3; point_index=2; raw=1254.000000; scan_order=channel_major; section=YALK; signal=1; ulk_address=25; v7_v=0.823179; yalk_v=0.818740"
"yalk_contact_thresholds";"ubsi.yalk.signal.25.2";"ЯЛК адрес 25: контакт при 2.500000 В";1;"лог.";1;1;"OK";"analog_code=432.562500; channel=25; channel_count=80; channel_index=25; command_v=2.500000; expected_signal=1; point_count=3; point_index=3; raw=1456.562500; scan_order=channel_major; section=YALK; signal=1; ulk_address=25; v7_v=2.392205; yalk_v=2.391671"
"yalk_contact_thresholds";"ubsi.yalk.signal.26.0";"ЯЛК адрес 26: контакт при 0.000000 В";0;"лог.";0;0;"OK";"analog_code=112.625000; channel=26; channel_count=80; channel_index=26; command_v=0.000000; expected_signal=0; point_count=3; point_index=1; raw=112.625000; scan_order=channel_major; section=YALK; signal=0; ulk_address=26; v7_v=-0.087651; yalk_v=-0.092697"
"yalk_contact_thresholds";"ubsi.yalk.signal.26.1";"ЯЛК адрес 26: контакт при 0.900000 В";0;"лог.";0;0;"OK";"analog_code=226.187500; channel=26; channel_count=80; channel_index=26; command_v=0.900000; expected_signal=0; point_count=3; point_index=2; raw=226.187500; scan_order=channel_major; section=YALK; signal=0; ulk_address=26; v7_v=0.789730; yalk_v=0.789135"
"yalk_contact_thresholds";"ubsi.yalk.signal.26.2";"ЯЛК адрес 26: контакт при 2.500000 В";1;"лог.";1;1;"OK";"analog_code=428.500000; channel=26; channel_count=80; channel_index=26; command_v=2.500000; expected_signal=1; point_count=3; point_index=3; raw=1452.500000; scan_order=channel_major; section=YALK; signal=1; ulk_address=26; v7_v=2.365015; yalk_v=2.360125"
"yalk_contact_thresholds";"ubsi.yalk.signal.27.0";"ЯЛК адрес 27: контакт при 0.000000 В";0;"лог.";0;0;"OK";"analog_code=118.125000; channel=27; channel_count=80; channel_index=27; command_v=0.000000; expected_signal=0; point_count=3; point_index=1; raw=118.125000; scan_order=channel_major; section=YALK; signal=0; ulk_address=27; v7_v=-0.044572; yalk_v=-0.049988"
"yalk_contact_thresholds";"ubsi.yalk.signal.27.1";"ЯЛК адрес 27: контакт при 0.900000 В";0;"лог.";0;0;"OK";"analog_code=230.250000; channel=27; channel_count=80; channel_index=27; command_v=0.900000; expected_signal=0; point_count=3; point_index=2; raw=230.250000; scan_order=channel_major; section=YALK; signal=0; ulk_address=27; v7_v=0.829530; yalk_v=0.820681"
"yalk_contact_thresholds";"ubsi.yalk.signal.27.2";"ЯЛК адрес 27: контакт при 2.500000 В";1;"лог.";1;1;"OK";"analog_code=432.875000; channel=27; channel_count=80; channel_index=27; command_v=2.500000; expected_signal=1; point_count=3; point_index=3; raw=1456.875000; scan_order=channel_major; section=YALK; signal=1; ulk_address=27; v7_v=2.398643; yalk_v=2.394098"
"yalk_contact_thresholds";"ubsi.yalk.signal.28.0";"ЯЛК адрес 28: контакт при 0.000000 В";0;"лог.";0;0;"OK";"analog_code=123.625000; channel=28; channel_count=80; channel_index=28; command_v=0.000000; expected_signal=0; point_count=3; point_index=1; raw=123.625000; scan_order=channel_major; section=YALK; signal=0; ulk_address=28; v7_v=-0.008809; yalk_v=-0.007280"
"yalk_contact_thresholds";"ubsi.yalk.signal.28.1";"ЯЛК адрес 28: контакт при 0.900000 В";0;"лог.";0;0;"OK";"analog_code=235.875000; channel=28; channel_count=80; channel_index=28; command_v=0.900000; expected_signal=0; point_count=3; point_index=2; raw=235.875000; scan_order=channel_major; section=YALK; signal=0; ulk_address=28; v7_v=0.867114; yalk_v=0.864360"
"yalk_contact_thresholds";"ubsi.yalk.signal.28.2";"ЯЛК адрес 28: контакт при 2.500000 В";1;"лог.";1;1;"OK";"analog_code=437.125000; channel=28; channel_count=80; channel_index=28; command_v=2.500000; expected_signal=1; point_count=3; point_index=3; raw=1461.125000; scan_order=channel_major; section=YALK; signal=1; ulk_address=28; v7_v=2.434288; yalk_v=2.427100"
"yalk_contact_thresholds";"ubsi.yalk.signal.32.0";"ЯЛК адрес 32: контакт при 0.000000 В";0;"лог.";0;0;"OK";"analog_code=114.250000; channel=29; channel_count=80; channel_index=29; command_v=0.000000; expected_signal=0; point_count=3; point_index=1; raw=114.250000; scan_order=channel_major; section=YALK; signal=0; ulk_address=32; v7_v=-0.081218; yalk_v=-0.080078"
"yalk_contact_thresholds";"ubsi.yalk.signal.32.1";"ЯЛК адрес 32: контакт при 0.900000 В";0;"лог.";0;0;"OK";"analog_code=226.562500; channel=29; channel_count=80; channel_index=29; command_v=0.900000; expected_signal=0; point_count=3; point_index=2; raw=226.562500; scan_order=channel_major; section=YALK; signal=0; ulk_address=32; v7_v=0.796337; yalk_v=0.792047"
"yalk_contact_thresholds";"ubsi.yalk.signal.32.2";"ЯЛК адрес 32: контакт при 2.500000 В";1;"лог.";1;1;"OK";"analog_code=428.500000; channel=29; channel_count=80; channel_index=29; command_v=2.500000; expected_signal=1; point_count=3; point_index=3; raw=1452.500000; scan_order=channel_major; section=YALK; signal=1; ulk_address=32; v7_v=2.366612; yalk_v=2.360125"
"yalk_contact_thresholds";"ubsi.yalk.signal.33.0";"ЯЛК адрес 33: контакт при 0.000000 В";0;"лог.";0;0;"OK";"analog_code=117.312500; channel=30; channel_count=80; channel_index=30; command_v=0.000000; expected_signal=0; point_count=3; point_index=1; raw=117.312500; scan_order=channel_major; section=YALK; signal=0; ulk_address=33; v7_v=-0.054697; yalk_v=-0.056297"
"yalk_contact_thresholds";"ubsi.yalk.signal.33.1";"ЯЛК адрес 33: контакт при 0.900000 В";0;"лог.";0;0;"OK";"analog_code=230.750000; channel=30; channel_count=80; channel_index=30; command_v=0.900000; expected_signal=0; point_count=3; point_index=2; raw=230.750000; scan_order=channel_major; section=YALK; signal=0; ulk_address=33; v7_v=0.830343; yalk_v=0.824564"
"yalk_contact_thresholds";"ubsi.yalk.signal.33.2";"ЯЛК адрес 33: контакт при 2.500000 В";1;"лог.";1;1;"OK";"analog_code=434.500000; channel=30; channel_count=80; channel_index=30; command_v=2.500000; expected_signal=1; point_count=3; point_index=3; raw=1458.500000; scan_order=channel_major; section=YALK; signal=1; ulk_address=33; v7_v=2.416860; yalk_v=2.406716"
"yalk_contact_thresholds";"ubsi.yalk.signal.34.0";"ЯЛК адрес 34: контакт при 0.000000 В";0;"лог.";0;0;"OK";"analog_code=106.687500; channel=31; channel_count=80; channel_index=31; command_v=0.000000; expected_signal=0; point_count=3; point_index=1; raw=106.687500; scan_order=channel_major; section=YALK; signal=0; ulk_address=34; v7_v=-0.135058; yalk_v=-0.138802"
"yalk_contact_thresholds";"ubsi.yalk.signal.34.1";"ЯЛК адрес 34: контакт при 0.900000 В";0;"лог.";0;0;"OK";"analog_code=219.937500; channel=31; channel_count=80; channel_index=31; command_v=0.900000; expected_signal=0; point_count=3; point_index=2; raw=219.937500; scan_order=channel_major; section=YALK; signal=0; ulk_address=34; v7_v=0.745592; yalk_v=0.740603"
"yalk_contact_thresholds";"ubsi.yalk.signal.34.2";"ЯЛК адрес 34: контакт при 2.500000 В";1;"лог.";1;1;"OK";"analog_code=420.625000; channel=31; channel_count=80; channel_index=31; command_v=2.500000; expected_signal=1; point_count=3; point_index=3; raw=1444.625000; scan_order=channel_major; section=YALK; signal=1; ulk_address=34; v7_v=2.311222; yalk_v=2.298975"
"yalk_contact_thresholds";"ubsi.yalk.signal.35.0";"ЯЛК адрес 35: контакт при 0.000000 В";0;"лог.";0;0;"OK";"analog_code=117.062500; channel=32; channel_count=80; channel_index=32; command_v=0.000000; expected_signal=0; point_count=3; point_index=1; raw=117.062500; scan_order=channel_major; section=YALK; signal=0; ulk_address=35; v7_v=-0.060238; yalk_v=-0.058239"
"yalk_contact_thresholds";"ubsi.yalk.signal.35.1";"ЯЛК адрес 35: контакт при 0.900000 В";0;"лог.";0;0;"OK";"analog_code=228.937500; channel=32; channel_count=80; channel_index=32; command_v=0.900000; expected_signal=0; point_count=3; point_index=2; raw=228.937500; scan_order=channel_major; section=YALK; signal=0; ulk_address=35; v7_v=0.811099; yalk_v=0.810489"
"yalk_contact_thresholds";"ubsi.yalk.signal.35.2";"ЯЛК адрес 35: контакт при 2.500000 В";1;"лог.";1;1;"OK";"analog_code=428.687500; channel=32; channel_count=80; channel_index=32; command_v=2.500000; expected_signal=1; point_count=3; point_index=3; raw=1452.687500; scan_order=channel_major; section=YALK; signal=1; ulk_address=35; v7_v=2.370191; yalk_v=2.361581"
"yalk_contact_thresholds";"ubsi.yalk.signal.36.0";"ЯЛК адрес 36: контакт при 0.000000 В";0;"лог.";0;0;"OK";"analog_code=105.812500; channel=33; channel_count=80; channel_index=33; command_v=0.000000; expected_signal=0; point_count=3; point_index=1; raw=105.812500; scan_order=channel_major; section=YALK; signal=0; ulk_address=36; v7_v=-0.144778; yalk_v=-0.145597"
"yalk_contact_thresholds";"ubsi.yalk.signal.36.1";"ЯЛК адрес 36: контакт при 0.900000 В";0;"лог.";0;0;"OK";"analog_code=219.250000; channel=33; channel_count=80; channel_index=33; command_v=0.900000; expected_signal=0; point_count=3; point_index=2; raw=219.250000; scan_order=channel_major; section=YALK; signal=0; ulk_address=36; v7_v=0.730391; yalk_v=0.735264"
"yalk_contact_thresholds";"ubsi.yalk.signal.36.2";"ЯЛК адрес 36: контакт при 2.500000 В";1;"лог.";1;1;"OK";"analog_code=418.875000; channel=33; channel_count=80; channel_index=33; command_v=2.500000; expected_signal=1; point_count=3; point_index=3; raw=1442.875000; scan_order=channel_major; section=YALK; signal=1; ulk_address=36; v7_v=2.297069; yalk_v=2.285386"
"yalk_contact_thresholds";"ubsi.yalk.signal.37.0";"ЯЛК адрес 37: контакт при 0.000000 В";0;"лог.";0;0;"OK";"analog_code=120.687500; channel=34; channel_count=80; channel_index=34; command_v=0.000000; expected_signal=0; point_count=3; point_index=1; raw=120.687500; scan_order=channel_major; section=YALK; signal=0; ulk_address=37; v7_v=-0.024312; yalk_v=-0.030090"
"yalk_contact_thresholds";"ubsi.yalk.signal.37.1";"ЯЛК адрес 37: контакт при 0.900000 В";0;"лог.";0;0;"OK";"analog_code=233.437500; channel=34; channel_count=80; channel_index=34; command_v=0.900000; expected_signal=0; point_count=3; point_index=2; raw=233.437500; scan_order=channel_major; section=YALK; signal=0; ulk_address=37; v7_v=0.853740; yalk_v=0.845432"
"yalk_contact_thresholds";"ubsi.yalk.signal.37.2";"ЯЛК адрес 37: контакт при 2.500000 В";1;"лог.";1;1;"OK";"analog_code=435.687500; channel=34; channel_count=80; channel_index=34; command_v=2.500000; expected_signal=1; point_count=3; point_index=3; raw=1459.687500; scan_order=channel_major; section=YALK; signal=1; ulk_address=37; v7_v=2.422391; yalk_v=2.415937"
"yalk_contact_thresholds";"ubsi.yalk.signal.38.0";"ЯЛК адрес 38: контакт при 0.000000 В";0;"лог.";0;0;"OK";"analog_code=116.062500; channel=35; channel_count=80; channel_index=35; command_v=0.000000; expected_signal=0; point_count=3; point_index=1; raw=116.062500; scan_order=channel_major; section=YALK; signal=0; ulk_address=38; v7_v=-0.060088; yalk_v=-0.066004"
"yalk_contact_thresholds";"ubsi.yalk.signal.38.1";"ЯЛК адрес 38: контакт при 0.900000 В";0;"лог.";0;0;"OK";"analog_code=230.250000; channel=35; channel_count=80; channel_index=35; command_v=0.900000; expected_signal=0; point_count=3; point_index=2; raw=230.250000; scan_order=channel_major; section=YALK; signal=0; ulk_address=38; v7_v=0.824156; yalk_v=0.820681"
"yalk_contact_thresholds";"ubsi.yalk.signal.38.2";"ЯЛК адрес 38: контакт при 2.500000 В";1;"лог.";1;1;"OK";"analog_code=432.937500; channel=35; channel_count=80; channel_index=35; command_v=2.500000; expected_signal=1; point_count=3; point_index=3; raw=1456.937500; scan_order=channel_major; section=YALK; signal=1; ulk_address=38; v7_v=2.394703; yalk_v=2.394583"
"yalk_contact_thresholds";"ubsi.yalk.signal.39.0";"ЯЛК адрес 39: контакт при 0.000000 В";0;"лог.";0;0;"OK";"analog_code=118.562500; channel=36; channel_count=80; channel_index=36; command_v=0.000000; expected_signal=0; point_count=3; point_index=1; raw=118.562500; scan_order=channel_major; section=YALK; signal=0; ulk_address=39; v7_v=-0.042303; yalk_v=-0.046591"
"yalk_contact_thresholds";"ubsi.yalk.signal.39.1";"ЯЛК адрес 39: контакт при 0.900000 В";0;"лог.";0;0;"OK";"analog_code=231.500000; channel=36; channel_count=80; channel_index=36; command_v=0.900000; expected_signal=0; point_count=3; point_index=2; raw=231.500000; scan_order=channel_major; section=YALK; signal=0; ulk_address=39; v7_v=0.837840; yalk_v=0.830387"
"yalk_contact_thresholds";"ubsi.yalk.signal.39.2";"ЯЛК адрес 39: контакт при 2.500000 В";1;"лог.";1;1;"OK";"analog_code=434.187500; channel=36; channel_count=80; channel_index=36; command_v=2.500000; expected_signal=1; point_count=3; point_index=3; raw=1458.187500; scan_order=channel_major; section=YALK; signal=1; ulk_address=39; v7_v=2.403626; yalk_v=2.404290"
"yalk_contact_thresholds";"ubsi.yalk.signal.40.0";"ЯЛК адрес 40: контакт при 0.000000 В";0;"лог.";0;0;"OK";"analog_code=120.000000; channel=37; channel_count=80; channel_index=37; command_v=0.000000; expected_signal=0; point_count=3; point_index=1; raw=120.000000; scan_order=channel_major; section=YALK; signal=0; ulk_address=40; v7_v=-0.035524; yalk_v=-0.035429"
"yalk_contact_thresholds";"ubsi.yalk.signal.40.1";"ЯЛК адрес 40: контакт при 0.900000 В";0;"лог.";0;0;"OK";"analog_code=231.687500; channel=37; channel_count=80; channel_index=37; command_v=0.900000; expected_signal=0; point_count=3; point_index=2; raw=231.687500; scan_order=channel_major; section=YALK; signal=0; ulk_address=40; v7_v=0.843071; yalk_v=0.831843"
"yalk_contact_thresholds";"ubsi.yalk.signal.40.2";"ЯЛК адрес 40: контакт при 2.500000 В";1;"лог.";1;1;"OK";"analog_code=434.062500; channel=37; channel_count=80; channel_index=37; command_v=2.500000; expected_signal=1; point_count=3; point_index=3; raw=1458.062500; scan_order=channel_major; section=YALK; signal=1; ulk_address=40; v7_v=2.410443; yalk_v=2.403319"
"yalk_contact_thresholds";"ubsi.yalk.signal.41.0";"ЯЛК адрес 41: контакт при 0.000000 В";0;"лог.";0;0;"OK";"analog_code=110.500000; channel=38; channel_count=80; channel_index=38; command_v=0.000000; expected_signal=0; point_count=3; point_index=1; raw=110.500000; scan_order=channel_major; section=YALK; signal=0; ulk_address=41; v7_v=-0.110771; yalk_v=-0.109198"
"yalk_contact_thresholds";"ubsi.yalk.signal.41.1";"ЯЛК адрес 41: контакт при 0.900000 В";0;"лог.";0;0;"OK";"analog_code=223.750000; channel=38; channel_count=80; channel_index=38; command_v=0.900000; expected_signal=0; point_count=3; point_index=2; raw=223.750000; scan_order=channel_major; section=YALK; signal=0; ulk_address=41; v7_v=0.775367; yalk_v=0.770207"
"yalk_contact_thresholds";"ubsi.yalk.signal.41.2";"ЯЛК адрес 41: контакт при 2.500000 В";1;"лог.";1;1;"OK";"analog_code=425.625000; channel=38; channel_count=80; channel_index=38; command_v=2.500000; expected_signal=1; point_count=3; point_index=3; raw=1449.625000; scan_order=channel_major; section=YALK; signal=1; ulk_address=41; v7_v=2.345416; yalk_v=2.337800"
"yalk_contact_thresholds";"ubsi.yalk.signal.42.0";"ЯЛК адрес 42: контакт при 0.000000 В";0;"лог.";0;0;"OK";"analog_code=111.500000; channel=39; channel_count=80; channel_index=39; command_v=0.000000; expected_signal=0; point_count=3; point_index=1; raw=111.500000; scan_order=channel_major; section=YALK; signal=0; ulk_address=42; v7_v=-0.097208; yalk_v=-0.101432"
"yalk_contact_thresholds";"ubsi.yalk.signal.42.1";"ЯЛК адрес 42: контакт при 0.900000 В";0;"лог.";0;0;"OK";"analog_code=224.375000; channel=39; channel_count=80; channel_index=39; command_v=0.900000; expected_signal=0; point_count=3; point_index=2; raw=224.375000; scan_order=channel_major; section=YALK; signal=0; ulk_address=42; v7_v=0.778125; yalk_v=0.775061"
"yalk_contact_thresholds";"ubsi.yalk.signal.42.2";"ЯЛК адрес 42: контакт при 2.500000 В";1;"лог.";1;1;"OK";"analog_code=426.250000; channel=39; channel_count=80; channel_index=39; command_v=2.500000; expected_signal=1; point_count=3; point_index=3; raw=1450.250000; scan_order=channel_major; section=YALK; signal=1; ulk_address=42; v7_v=2.349257; yalk_v=2.342654"
"yalk_contact_thresholds";"ubsi.yalk.signal.43.0";"ЯЛК адрес 43: контакт при 0.000000 В";0;"лог.";0;0;"OK";"analog_code=115.187500; channel=40; channel_count=80; channel_index=40; command_v=0.000000; expected_signal=0; point_count=3; point_index=1; raw=115.187500; scan_order=channel_major; section=YALK; signal=0; ulk_address=43; v7_v=-0.072206; yalk_v=-0.072798"
"yalk_contact_thresholds";"ubsi.yalk.signal.43.1";"ЯЛК адрес 43: контакт при 0.900000 В";0;"лог.";0;0;"OK";"analog_code=227.562500; channel=40; channel_count=80; channel_index=40; command_v=0.900000; expected_signal=0; point_count=3; point_index=2; raw=227.562500; scan_order=channel_major; section=YALK; signal=0; ulk_address=43; v7_v=0.805660; yalk_v=0.799812"
"yalk_contact_thresholds";"ubsi.yalk.signal.43.2";"ЯЛК адрес 43: контакт при 2.500000 В";1;"лог.";1;1;"OK";"analog_code=428.687500; channel=40; channel_count=80; channel_index=40; command_v=2.500000; expected_signal=1; point_count=3; point_index=3; raw=1452.687500; scan_order=channel_major; section=YALK; signal=1; ulk_address=43; v7_v=2.367856; yalk_v=2.361581"
"yalk_contact_thresholds";"ubsi.yalk.signal.45.0";"ЯЛК адрес 45: контакт при 0.000000 В";0;"лог.";0;0;"OK";"analog_code=117.125000; channel=41; channel_count=80; channel_index=41; command_v=0.000000; expected_signal=0; point_count=3; point_index=1; raw=117.125000; scan_order=channel_major; section=YALK; signal=0; ulk_address=45; v7_v=-0.055655; yalk_v=-0.057753"
"yalk_contact_thresholds";"ubsi.yalk.signal.45.1";"ЯЛК адрес 45: контакт при 0.900000 В";0;"лог.";0;0;"OK";"analog_code=230.250000; channel=41; channel_count=80; channel_index=41; command_v=0.900000; expected_signal=0; point_count=3; point_index=2; raw=230.250000; scan_order=channel_major; section=YALK; signal=0; ulk_address=45; v7_v=0.827597; yalk_v=0.820681"
"yalk_contact_thresholds";"ubsi.yalk.signal.45.2";"ЯЛК адрес 45: контакт при 2.500000 В";1;"лог.";1;1;"OK";"analog_code=432.625000; channel=41; channel_count=80; channel_index=41; command_v=2.500000; expected_signal=1; point_count=3; point_index=3; raw=1456.625000; scan_order=channel_major; section=YALK; signal=1; ulk_address=45; v7_v=2.402256; yalk_v=2.392157"
"yalk_contact_thresholds";"ubsi.yalk.signal.46.0";"ЯЛК адрес 46: контакт при 0.000000 В";0;"лог.";0;0;"OK";"analog_code=120.187500; channel=42; channel_count=80; channel_index=42; command_v=0.000000; expected_signal=0; point_count=3; point_index=1; raw=120.187500; scan_order=channel_major; section=YALK; signal=0; ulk_address=46; v7_v=-0.039000; yalk_v=-0.033973"
"yalk_contact_thresholds";"ubsi.yalk.signal.46.1";"ЯЛК адрес 46: контакт при 0.900000 В";0;"лог.";0;0;"OK";"analog_code=231.187500; channel=42; channel_count=80; channel_index=42; command_v=0.900000; expected_signal=0; point_count=3; point_index=2; raw=231.187500; scan_order=channel_major; section=YALK; signal=0; ulk_address=46; v7_v=0.831023; yalk_v=0.827961"
"yalk_contact_thresholds";"ubsi.yalk.signal.46.2";"ЯЛК адрес 46: контакт при 2.500000 В";1;"лог.";1;1;"OK";"analog_code=432.250000; channel=42; channel_count=80; channel_index=42; command_v=2.500000; expected_signal=1; point_count=3; point_index=3; raw=1456.250000; scan_order=channel_major; section=YALK; signal=1; ulk_address=46; v7_v=2.399070; yalk_v=2.389245"
"yalk_contact_thresholds";"ubsi.yalk.signal.47.0";"ЯЛК адрес 47: контакт при 0.000000 В";0;"лог.";0;0;"OK";"analog_code=104.000000; channel=43; channel_count=80; channel_index=43; command_v=0.000000; expected_signal=0; point_count=3; point_index=1; raw=104.000000; scan_order=channel_major; section=YALK; signal=0; ulk_address=47; v7_v=-0.164220; yalk_v=-0.159671"
"yalk_contact_thresholds";"ubsi.yalk.signal.47.1";"ЯЛК адрес 47: контакт при 0.900000 В";0;"лог.";0;0;"OK";"analog_code=217.062500; channel=43; channel_count=80; channel_index=43; command_v=0.900000; expected_signal=0; point_count=3; point_index=2; raw=217.062500; scan_order=channel_major; section=YALK; signal=0; ulk_address=47; v7_v=0.716923; yalk_v=0.718278"
"yalk_contact_thresholds";"ubsi.yalk.signal.47.2";"ЯЛК адрес 47: контакт при 2.500000 В";1;"лог.";1;1;"OK";"analog_code=418.562500; channel=43; channel_count=80; channel_index=43; command_v=2.500000; expected_signal=1; point_count=3; point_index=3; raw=1442.562500; scan_order=channel_major; section=YALK; signal=1; ulk_address=47; v7_v=2.291140; yalk_v=2.282959"
"yalk_contact_thresholds";"ubsi.yalk.signal.48.0";"ЯЛК адрес 48: контакт при 0.000000 В";0;"лог.";0;0;"OK";"analog_code=111.500000; channel=44; channel_count=80; channel_index=44; command_v=0.000000; expected_signal=0; point_count=3; point_index=1; raw=111.500000; scan_order=channel_major; section=YALK; signal=0; ulk_address=48; v7_v=-0.096059; yalk_v=-0.101432"
"yalk_contact_thresholds";"ubsi.yalk.signal.48.1";"ЯЛК адрес 48: контакт при 0.900000 В";0;"лог.";0;0;"OK";"analog_code=225.250000; channel=44; channel_count=80; channel_index=44; command_v=0.900000; expected_signal=0; point_count=3; point_index=2; raw=225.250000; scan_order=channel_major; section=YALK; signal=0; ulk_address=48; v7_v=0.784765; yalk_v=0.781855"
"yalk_contact_thresholds";"ubsi.yalk.signal.48.2";"ЯЛК адрес 48: контакт при 2.500000 В";1;"лог.";1;1;"OK";"analog_code=425.937500; channel=44; channel_count=80; channel_index=44; command_v=2.500000; expected_signal=1; point_count=3; point_index=3; raw=1449.937500; scan_order=channel_major; section=YALK; signal=1; ulk_address=48; v7_v=2.349251; yalk_v=2.340227"
"yalk_contact_thresholds";"ubsi.yalk.signal.49.0";"ЯЛК адрес 49: контакт при 0.000000 В";0;"лог.";0;0;"OK";"analog_code=113.500000; channel=45; channel_count=80; channel_index=45; command_v=0.000000; expected_signal=0; point_count=3; point_index=1; raw=113.500000; scan_order=channel_major; section=YALK; signal=0; ulk_address=49; v7_v=-0.082206; yalk_v=-0.085902"
"yalk_contact_thresholds";"ubsi.yalk.signal.49.1";"ЯЛК адрес 49: контакт при 0.900000 В";0;"лог.";0;0;"OK";"analog_code=224.937500; channel=45; channel_count=80; channel_index=45; command_v=0.900000; expected_signal=0; point_count=3; point_index=2; raw=224.937500; scan_order=channel_major; section=YALK; signal=0; ulk_address=49; v7_v=0.795709; yalk_v=0.779429"
"yalk_contact_thresholds";"ubsi.yalk.signal.49.2";"ЯЛК адрес 49: контакт при 2.500000 В";1;"лог.";1;1;"OK";"analog_code=427.562500; channel=45; channel_count=80; channel_index=45; command_v=2.500000; expected_signal=1; point_count=3; point_index=3; raw=1451.562500; scan_order=channel_major; section=YALK; signal=1; ulk_address=49; v7_v=2.367474; yalk_v=2.352845"
"yalk_contact_thresholds";"ubsi.yalk.signal.50.0";"ЯЛК адрес 50: контакт при 0.000000 В";0;"лог.";0;0;"OK";"analog_code=122.500000; channel=46; channel_count=80; channel_index=46; command_v=0.000000; expected_signal=0; point_count=3; point_index=1; raw=122.500000; scan_order=channel_major; section=YALK; signal=0; ulk_address=50; v7_v=-0.030326; yalk_v=-0.016016"
"yalk_contact_thresholds";"ubsi.yalk.signal.50.1";"ЯЛК адрес 50: контакт при 0.900000 В";1;"лог.";0;0;"FAIL";"analog_code=232.875000; channel=46; channel_count=80; channel_index=46; command_v=0.900000; expected_signal=0; point_count=3; point_index=2; raw=1256.875000; scan_order=channel_major; section=YALK; signal=1; ulk_address=50; v7_v=0.838220; yalk_v=0.841065"
"yalk_contact_thresholds";"ubsi.yalk.signal.50.2";"ЯЛК адрес 50: контакт при 2.500000 В";1;"лог.";1;1;"OK";"analog_code=432.187500; channel=46; channel_count=80; channel_index=46; command_v=2.500000; expected_signal=1; point_count=3; point_index=3; raw=1456.187500; scan_order=channel_major; section=YALK; signal=1; ulk_address=50; v7_v=2.391336; yalk_v=2.388759"
"yalk_contact_thresholds";"ubsi.yalk.signal.51.0";"ЯЛК адрес 51: контакт при 0.000000 В";0;"лог.";0;0;"OK";"analog_code=112.875000; channel=47; channel_count=80; channel_index=47; command_v=0.000000; expected_signal=0; point_count=3; point_index=1; raw=112.875000; scan_order=channel_major; section=YALK; signal=0; ulk_address=51; v7_v=-0.087689; yalk_v=-0.090755"
"yalk_contact_thresholds";"ubsi.yalk.signal.51.1";"ЯЛК адрес 51: контакт при 0.900000 В";0;"лог.";0;0;"OK";"analog_code=227.250000; channel=47; channel_count=80; channel_index=47; command_v=0.900000; expected_signal=0; point_count=3; point_index=2; raw=227.250000; scan_order=channel_major; section=YALK; signal=0; ulk_address=51; v7_v=0.803330; yalk_v=0.797386"
"yalk_contact_thresholds";"ubsi.yalk.signal.51.2";"ЯЛК адрес 51: контакт при 2.500000 В";1;"лог.";1;1;"OK";"analog_code=430.062500; channel=47; channel_count=80; channel_index=47; command_v=2.500000; expected_signal=1; point_count=3; point_index=3; raw=1454.062500; scan_order=channel_major; section=YALK; signal=1; ulk_address=51; v7_v=2.377950; yalk_v=2.372258"
"yalk_contact_thresholds";"ubsi.yalk.signal.52.0";"ЯЛК адрес 52: контакт при 0.000000 В";0;"лог.";0;0;"OK";"analog_code=114.625000; channel=48; channel_count=80; channel_index=48; command_v=0.000000; expected_signal=0; point_count=3; point_index=1; raw=114.625000; scan_order=channel_major; section=YALK; signal=0; ulk_address=52; v7_v=-0.072700; yalk_v=-0.077166"
"yalk_contact_thresholds";"ubsi.yalk.signal.52.1";"ЯЛК адрес 52: контакт при 0.900000 В";1;"лог.";0;0;"FAIL";"analog_code=226.562500; channel=48; channel_count=80; channel_index=48; command_v=0.900000; expected_signal=0; point_count=3; point_index=2; raw=1250.562500; scan_order=channel_major; section=YALK; signal=1; ulk_address=52; v7_v=0.801961; yalk_v=0.792047"
"yalk_contact_thresholds";"ubsi.yalk.signal.52.2";"ЯЛК адрес 52: контакт при 2.500000 В";1;"лог.";1;1;"OK";"analog_code=427.687500; channel=48; channel_count=80; channel_index=48; command_v=2.500000; expected_signal=1; point_count=3; point_index=3; raw=1451.687500; scan_order=channel_major; section=YALK; signal=1; ulk_address=52; v7_v=2.368353; yalk_v=2.353816"
"yalk_contact_thresholds";"ubsi.yalk.signal.53.0";"ЯЛК адрес 53: контакт при 0.000000 В";0;"лог.";0;0;"OK";"analog_code=115.812500; channel=49; channel_count=80; channel_index=49; command_v=0.000000; expected_signal=0; point_count=3; point_index=1; raw=115.812500; scan_order=channel_major; section=YALK; signal=0; ulk_address=53; v7_v=-0.068837; yalk_v=-0.067945"
"yalk_contact_thresholds";"ubsi.yalk.signal.53.1";"ЯЛК адрес 53: контакт при 0.900000 В";0;"лог.";0;0;"OK";"analog_code=228.312500; channel=49; channel_count=80; channel_index=49; command_v=0.900000; expected_signal=0; point_count=3; point_index=2; raw=228.312500; scan_order=channel_major; section=YALK; signal=0; ulk_address=53; v7_v=0.809782; yalk_v=0.805636"
"yalk_contact_thresholds";"ubsi.yalk.signal.53.2";"ЯЛК адрес 53: контакт при 2.500000 В";1;"лог.";1;1;"OK";"analog_code=431.375000; channel=49; channel_count=80; channel_index=49; command_v=2.500000; expected_signal=1; point_count=3; point_index=3; raw=1455.375000; scan_order=channel_major; section=YALK; signal=1; ulk_address=53; v7_v=2.389284; yalk_v=2.382450"
"yalk_contact_thresholds";"ubsi.yalk.signal.54.0";"ЯЛК адрес 54: контакт при 0.000000 В";0;"лог.";0;0;"OK";"analog_code=115.625000; channel=50; channel_count=80; channel_index=50; command_v=0.000000; expected_signal=0; point_count=3; point_index=1; raw=115.625000; scan_order=channel_major; section=YALK; signal=0; ulk_address=54; v7_v=-0.055903; yalk_v=-0.069401"
"yalk_contact_thresholds";"ubsi.yalk.signal.54.1";"ЯЛК адрес 54: контакт при 0.900000 В";1;"лог.";0;0;"FAIL";"analog_code=229.312500; channel=50; channel_count=80; channel_index=50; command_v=0.900000; expected_signal=0; point_count=3; point_index=2; raw=1253.312500; scan_order=channel_major; section=YALK; signal=1; ulk_address=54; v7_v=0.814870; yalk_v=0.813401"
"yalk_contact_thresholds";"ubsi.yalk.signal.54.2";"ЯЛК адрес 54: контакт при 2.500000 В";1;"лог.";1;1;"OK";"analog_code=428.500000; channel=50; channel_count=80; channel_index=50; command_v=2.500000; expected_signal=1; point_count=3; point_index=3; raw=1452.500000; scan_order=channel_major; section=YALK; signal=1; ulk_address=54; v7_v=2.365652; yalk_v=2.360125"
"yalk_contact_thresholds";"ubsi.yalk.signal.55.0";"ЯЛК адрес 55: контакт при 0.000000 В";0;"лог.";0;0;"OK";"analog_code=130.125000; channel=51; channel_count=80; channel_index=51; command_v=0.000000; expected_signal=0; point_count=3; point_index=1; raw=130.125000; scan_order=channel_major; section=YALK; signal=0; ulk_address=55; v7_v=0.049179; yalk_v=0.043194"
"yalk_contact_thresholds";"ubsi.yalk.signal.55.1";"ЯЛК адрес 55: контакт при 0.900000 В";0;"лог.";0;0;"OK";"analog_code=244.812500; channel=51; channel_count=80; channel_index=51; command_v=0.900000; expected_signal=0; point_count=3; point_index=2; raw=244.812500; scan_order=channel_major; section=YALK; signal=0; ulk_address=55; v7_v=0.934685; yalk_v=0.933761"
"yalk_contact_thresholds";"ubsi.yalk.signal.55.2";"ЯЛК адрес 55: контакт при 2.500000 В";1;"лог.";1;1;"OK";"analog_code=446.312500; channel=51; channel_count=80; channel_index=51; command_v=2.500000; expected_signal=1; point_count=3; point_index=3; raw=1470.312500; scan_order=channel_major; section=YALK; signal=1; ulk_address=55; v7_v=2.506051; yalk_v=2.498442"
"yalk_contact_thresholds";"ubsi.yalk.signal.56.0";"ЯЛК адрес 56: контакт при 0.000000 В";0;"лог.";0;0;"OK";"analog_code=117.500000; channel=52; channel_count=80; channel_index=52; command_v=0.000000; expected_signal=0; point_count=3; point_index=1; raw=117.500000; scan_order=channel_major; section=YALK; signal=0; ulk_address=56; v7_v=-0.054845; yalk_v=-0.054841"
"yalk_contact_thresholds";"ubsi.yalk.signal.56.1";"ЯЛК адрес 56: контакт при 0.900000 В";1;"лог.";0;0;"FAIL";"analog_code=230.125000; channel=52; channel_count=80; channel_index=52; command_v=0.900000; expected_signal=0; point_count=3; point_index=2; raw=1254.125000; scan_order=channel_major; section=YALK; signal=1; ulk_address=56; v7_v=0.820684; yalk_v=0.819710"
"yalk_contact_thresholds";"ubsi.yalk.signal.56.2";"ЯЛК адрес 56: контакт при 2.500000 В";1;"лог.";1;1;"OK";"analog_code=431.812500; channel=52; channel_count=80; channel_index=52; command_v=2.500000; expected_signal=1; point_count=3; point_index=3; raw=1455.812500; scan_order=channel_major; section=YALK; signal=1; ulk_address=56; v7_v=2.384494; yalk_v=2.385847"
"yalk_contact_thresholds";"ubsi.yalk.signal.57.0";"ЯЛК адрес 57: контакт при 0.000000 В";0;"лог.";0;0;"OK";"analog_code=118.875000; channel=53; channel_count=80; channel_index=53; command_v=0.000000; expected_signal=0; point_count=3; point_index=1; raw=118.875000; scan_order=channel_major; section=YALK; signal=0; ulk_address=57; v7_v=-0.040526; yalk_v=-0.044164"
"yalk_contact_thresholds";"ubsi.yalk.signal.57.1";"ЯЛК адрес 57: контакт при 0.900000 В";0;"лог.";0;0;"OK";"analog_code=231.437500; channel=53; channel_count=80; channel_index=53; command_v=0.900000; expected_signal=0; point_count=3; point_index=2; raw=231.437500; scan_order=channel_major; section=YALK; signal=0; ulk_address=57; v7_v=0.837326; yalk_v=0.829902"
"yalk_contact_thresholds";"ubsi.yalk.signal.57.2";"ЯЛК адрес 57: контакт при 2.500000 В";1;"лог.";1;1;"OK";"analog_code=434.312500; channel=53; channel_count=80; channel_index=53; command_v=2.500000; expected_signal=1; point_count=3; point_index=3; raw=1458.312500; scan_order=channel_major; section=YALK; signal=1; ulk_address=57; v7_v=2.408153; yalk_v=2.405260"
"yalk_contact_thresholds";"ubsi.yalk.signal.58.0";"ЯЛК адрес 58: контакт при 0.000000 В";0;"лог.";0;0;"OK";"analog_code=113.500000; channel=54; channel_count=80; channel_index=54; command_v=0.000000; expected_signal=0; point_count=3; point_index=1; raw=113.500000; scan_order=channel_major; section=YALK; signal=0; ulk_address=58; v7_v=-0.096833; yalk_v=-0.085902"
"yalk_contact_thresholds";"ubsi.yalk.signal.58.1";"ЯЛК адрес 58: контакт при 0.900000 В";1;"лог.";0;0;"FAIL";"analog_code=224.437500; channel=54; channel_count=80; channel_index=54; command_v=0.900000; expected_signal=0; point_count=3; point_index=2; raw=1248.437500; scan_order=channel_major; section=YALK; signal=1; ulk_address=58; v7_v=0.778930; yalk_v=0.775546"
"yalk_contact_thresholds";"ubsi.yalk.signal.58.2";"ЯЛК адрес 58: контакт при 2.500000 В";1;"лог.";1;1;"OK";"analog_code=427.437500; channel=54; channel_count=80; channel_index=54; command_v=2.500000; expected_signal=1; point_count=3; point_index=3; raw=1451.437500; scan_order=channel_major; section=YALK; signal=1; ulk_address=58; v7_v=2.356363; yalk_v=2.351875"
"yalk_contact_thresholds";"ubsi.yalk.signal.59.0";"ЯЛК адрес 59: контакт при 0.000000 В";0;"лог.";0;0;"OK";"analog_code=118.000000; channel=55; channel_count=80; channel_index=55; command_v=0.000000; expected_signal=0; point_count=3; point_index=1; raw=118.000000; scan_order=channel_major; section=YALK; signal=0; ulk_address=59; v7_v=-0.048703; yalk_v=-0.050959"
"yalk_contact_thresholds";"ubsi.yalk.signal.59.1";"ЯЛК адрес 59: контакт при 0.900000 В";0;"лог.";0;0;"OK";"analog_code=231.312500; channel=55; channel_count=80; channel_index=55; command_v=0.900000; expected_signal=0; point_count=3; point_index=2; raw=231.312500; scan_order=channel_major; section=YALK; signal=0; ulk_address=59; v7_v=0.831223; yalk_v=0.828932"
"yalk_contact_thresholds";"ubsi.yalk.signal.59.2";"ЯЛК адрес 59: контакт при 2.500000 В";1;"лог.";1;1;"OK";"analog_code=431.312500; channel=55; channel_count=80; channel_index=55; command_v=2.500000; expected_signal=1; point_count=3; point_index=3; raw=1455.312500; scan_order=channel_major; section=YALK; signal=1; ulk_address=59; v7_v=2.392477; yalk_v=2.381965"
"yalk_contact_thresholds";"ubsi.yalk.signal.60.0";"ЯЛК адрес 60: контакт при 0.000000 В";0;"лог.";0;0;"OK";"analog_code=119.062500; channel=56; channel_count=80; channel_index=56; command_v=0.000000; expected_signal=0; point_count=3; point_index=1; raw=119.062500; scan_order=channel_major; section=YALK; signal=0; ulk_address=60; v7_v=-0.040828; yalk_v=-0.042708"
"yalk_contact_thresholds";"ubsi.yalk.signal.60.1";"ЯЛК адрес 60: контакт при 0.900000 В";1;"лог.";0;0;"FAIL";"analog_code=231.437500; channel=56; channel_count=80; channel_index=56; command_v=0.900000; expected_signal=0; point_count=3; point_index=2; raw=1255.437500; scan_order=channel_major; section=YALK; signal=1; ulk_address=60; v7_v=0.834897; yalk_v=0.829902"
"yalk_contact_thresholds";"ubsi.yalk.signal.60.2";"ЯЛК адрес 60: контакт при 2.500000 В";1;"лог.";1;1;"OK";"analog_code=431.437500; channel=56; channel_count=80; channel_index=56; command_v=2.500000; expected_signal=1; point_count=3; point_index=3; raw=1455.437500; scan_order=channel_major; section=YALK; signal=1; ulk_address=60; v7_v=2.393372; yalk_v=2.382935"
"yalk_contact_thresholds";"ubsi.yalk.signal.61.0";"ЯЛК адрес 61: контакт при 0.000000 В";0;"лог.";0;0;"OK";"analog_code=123.187500; channel=57; channel_count=80; channel_index=57; command_v=0.000000; expected_signal=0; point_count=3; point_index=1; raw=123.187500; scan_order=channel_major; section=YALK; signal=0; ulk_address=61; v7_v=-0.022373; yalk_v=-0.010677"
"yalk_contact_thresholds";"ubsi.yalk.signal.61.1";"ЯЛК адрес 61: контакт при 0.900000 В";1;"лог.";0;0;"FAIL";"analog_code=232.562500; channel=57; channel_count=80; channel_index=57; command_v=0.900000; expected_signal=0; point_count=3; point_index=2; raw=1256.562500; scan_order=channel_major; section=YALK; signal=1; ulk_address=61; v7_v=0.852182; yalk_v=0.838638"
"yalk_contact_thresholds";"ubsi.yalk.signal.61.2";"ЯЛК адрес 61: контакт при 2.500000 В";1;"лог.";1;1;"OK";"analog_code=435.187500; channel=57; channel_count=80; channel_index=57; command_v=2.500000; expected_signal=1; point_count=3; point_index=3; raw=1459.187500; scan_order=channel_major; section=YALK; signal=1; ulk_address=61; v7_v=2.418277; yalk_v=2.412055"
"yalk_contact_thresholds";"ubsi.yalk.signal.62.0";"ЯЛК адрес 62: контакт при 0.000000 В";0;"лог.";0;0;"OK";"analog_code=116.625000; channel=58; channel_count=80; channel_index=58; command_v=0.000000; expected_signal=0; point_count=3; point_index=1; raw=116.625000; scan_order=channel_major; section=YALK; signal=0; ulk_address=62; v7_v=-0.061249; yalk_v=-0.061636"
"yalk_contact_thresholds";"ubsi.yalk.signal.62.1";"ЯЛК адрес 62: контакт при 0.900000 В";0;"лог.";0;0;"OK";"analog_code=229.625000; channel=58; channel_count=80; channel_index=58; command_v=0.900000; expected_signal=0; point_count=3; point_index=2; raw=229.625000; scan_order=channel_major; section=YALK; signal=0; ulk_address=62; v7_v=0.819242; yalk_v=0.815828"
"yalk_contact_thresholds";"ubsi.yalk.signal.62.2";"ЯЛК адрес 62: контакт при 2.500000 В";1;"лог.";1;1;"OK";"analog_code=432.500000; channel=58; channel_count=80; channel_index=58; command_v=2.500000; expected_signal=1; point_count=3; point_index=3; raw=1456.500000; scan_order=channel_major; section=YALK; signal=1; ulk_address=62; v7_v=2.394167; yalk_v=2.391186"
"yalk_contact_thresholds";"ubsi.yalk.signal.63.0";"ЯЛК адрес 63: контакт при 0.000000 В";0;"лог.";0;0;"OK";"analog_code=130.312500; channel=59; channel_count=80; channel_index=59; command_v=0.000000; expected_signal=0; point_count=3; point_index=1; raw=130.312500; scan_order=channel_major; section=YALK; signal=0; ulk_address=63; v7_v=0.041411; yalk_v=0.044650"
"yalk_contact_thresholds";"ubsi.yalk.signal.63.1";"ЯЛК адрес 63: контакт при 0.900000 В";0;"лог.";0;0;"OK";"analog_code=241.187500; channel=59; channel_count=80; channel_index=59; command_v=0.900000; expected_signal=0; point_count=3; point_index=2; raw=241.187500; scan_order=channel_major; section=YALK; signal=0; ulk_address=63; v7_v=0.913262; yalk_v=0.905613"
"yalk_contact_thresholds";"ubsi.yalk.signal.63.2";"ЯЛК адрес 63: контакт при 2.500000 В";1;"лог.";1;1;"OK";"analog_code=442.750000; channel=59; channel_count=80; channel_index=59; command_v=2.500000; expected_signal=1; point_count=3; point_index=3; raw=1466.750000; scan_order=channel_major; section=YALK; signal=1; ulk_address=63; v7_v=2.484668; yalk_v=2.470779"
"yalk_contact_thresholds";"ubsi.yalk.signal.64.0";"ЯЛК адрес 64: контакт при 0.000000 В";0;"лог.";0;0;"OK";"analog_code=109.562500; channel=60; channel_count=80; channel_index=60; command_v=0.000000; expected_signal=0; point_count=3; point_index=1; raw=109.562500; scan_order=channel_major; section=YALK; signal=0; ulk_address=64; v7_v=-0.110165; yalk_v=-0.116477"
"yalk_contact_thresholds";"ubsi.yalk.signal.64.1";"ЯЛК адрес 64: контакт при 0.900000 В";1;"лог.";0;0;"FAIL";"analog_code=222.812500; channel=60; channel_count=80; channel_index=60; command_v=0.900000; expected_signal=0; point_count=3; point_index=2; raw=1246.812500; scan_order=channel_major; section=YALK; signal=1; ulk_address=64; v7_v=0.762283; yalk_v=0.762928"
"yalk_contact_thresholds";"ubsi.yalk.signal.64.2";"ЯЛК адрес 64: контакт при 2.500000 В";1;"лог.";1;1;"OK";"analog_code=421.625000; channel=60; channel_count=80; channel_index=60; command_v=2.500000; expected_signal=1; point_count=3; point_index=3; raw=1445.625000; scan_order=channel_major; section=YALK; signal=1; ulk_address=64; v7_v=2.328979; yalk_v=2.306740"
"yalk_contact_thresholds";"ubsi.yalk.signal.65.0";"ЯЛК адрес 65: контакт при 0.000000 В";0;"лог.";0;0;"OK";"analog_code=114.937500; channel=61; channel_count=80; channel_index=61; command_v=0.000000; expected_signal=0; point_count=3; point_index=1; raw=114.937500; scan_order=channel_major; section=YALK; signal=0; ulk_address=65; v7_v=-0.075974; yalk_v=-0.074740"
"yalk_contact_thresholds";"ubsi.yalk.signal.65.1";"ЯЛК адрес 65: контакт при 0.900000 В";0;"лог.";0;0;"OK";"analog_code=228.437500; channel=61; channel_count=80; channel_index=61; command_v=0.900000; expected_signal=0; point_count=3; point_index=2; raw=228.437500; scan_order=channel_major; section=YALK; signal=0; ulk_address=65; v7_v=0.809698; yalk_v=0.806607"
"yalk_contact_thresholds";"ubsi.yalk.signal.65.2";"ЯЛК адрес 65: контакт при 2.500000 В";1;"лог.";1;1;"OK";"analog_code=430.437500; channel=61; channel_count=80; channel_index=61; command_v=2.500000; expected_signal=1; point_count=3; point_index=3; raw=1454.437500; scan_order=channel_major; section=YALK; signal=1; ulk_address=65; v7_v=2.386231; yalk_v=2.375170"
"yalk_contact_thresholds";"ubsi.yalk.signal.66.0";"ЯЛК адрес 66: контакт при 0.000000 В";0;"лог.";0;0;"OK";"analog_code=117.000000; channel=62; channel_count=80; channel_index=62; command_v=0.000000; expected_signal=0; point_count=3; point_index=1; raw=117.000000; scan_order=channel_major; section=YALK; signal=0; ulk_address=66; v7_v=-0.063843; yalk_v=-0.058724"
"yalk_contact_thresholds";"ubsi.yalk.signal.66.1";"ЯЛК адрес 66: контакт при 0.900000 В";0;"лог.";0;0;"OK";"analog_code=229.375000; channel=62; channel_count=80; channel_index=62; command_v=0.900000; expected_signal=0; point_count=3; point_index=2; raw=229.375000; scan_order=channel_major; section=YALK; signal=0; ulk_address=66; v7_v=0.814399; yalk_v=0.813886"
"yalk_contact_thresholds";"ubsi.yalk.signal.66.2";"ЯЛК адрес 66: контакт при 2.500000 В";1;"лог.";1;1;"OK";"analog_code=430.625000; channel=62; channel_count=80; channel_index=62; command_v=2.500000; expected_signal=1; point_count=3; point_index=3; raw=1454.625000; scan_order=channel_major; section=YALK; signal=1; ulk_address=66; v7_v=2.379999; yalk_v=2.376626"
"yalk_contact_thresholds";"ubsi.yalk.signal.67.0";"ЯЛК адрес 67: контакт при 0.000000 В";0;"лог.";0;0;"OK";"analog_code=122.937500; channel=63; channel_count=80; channel_index=63; command_v=0.000000; expected_signal=0; point_count=3; point_index=1; raw=122.937500; scan_order=channel_major; section=YALK; signal=0; ulk_address=67; v7_v=-0.019882; yalk_v=-0.012618"
"yalk_contact_thresholds";"ubsi.yalk.signal.67.1";"ЯЛК адрес 67: контакт при 0.900000 В";1;"лог.";0;0;"FAIL";"analog_code=233.687500; channel=63; channel_count=80; channel_index=63; command_v=0.900000; expected_signal=0; point_count=3; point_index=2; raw=1257.687500; scan_order=channel_major; section=YALK; signal=1; ulk_address=67; v7_v=0.857349; yalk_v=0.847374"
"yalk_contact_thresholds";"ubsi.yalk.signal.67.2";"ЯЛК адрес 67: контакт при 2.500000 В";1;"лог.";1;1;"OK";"analog_code=434.937500; channel=63; channel_count=80; channel_index=63; command_v=2.500000; expected_signal=1; point_count=3; point_index=3; raw=1458.937500; scan_order=channel_major; section=YALK; signal=1; ulk_address=67; v7_v=2.424489; yalk_v=2.410114"
"yalk_contact_thresholds";"ubsi.yalk.signal.68.0";"ЯЛК адрес 68: контакт при 0.000000 В";0;"лог.";0;0;"OK";"analog_code=114.937500; channel=64; channel_count=80; channel_index=64; command_v=0.000000; expected_signal=0; point_count=3; point_index=1; raw=114.937500; scan_order=channel_major; section=YALK; signal=0; ulk_address=68; v7_v=-0.080888; yalk_v=-0.074740"
"yalk_contact_thresholds";"ubsi.yalk.signal.68.1";"ЯЛК адрес 68: контакт при 0.900000 В";1;"лог.";0;0;"FAIL";"analog_code=227.750000; channel=64; channel_count=80; channel_index=64; command_v=0.900000; expected_signal=0; point_count=3; point_index=2; raw=1251.750000; scan_order=channel_major; section=YALK; signal=1; ulk_address=68; v7_v=0.792525; yalk_v=0.801268"
"yalk_contact_thresholds";"ubsi.yalk.signal.68.2";"ЯЛК адрес 68: контакт при 2.500000 В";1;"лог.";1;1;"OK";"analog_code=427.000000; channel=64; channel_count=80; channel_index=64; command_v=2.500000; expected_signal=1; point_count=3; point_index=3; raw=1451.000000; scan_order=channel_major; section=YALK; signal=1; ulk_address=68; v7_v=2.358557; yalk_v=2.348477"
"yalk_contact_thresholds";"ubsi.yalk.signal.69.0";"ЯЛК адрес 69: контакт при 0.000000 В";0;"лог.";0;0;"OK";"analog_code=115.000000; channel=65; channel_count=80; channel_index=65; command_v=0.000000; expected_signal=0; point_count=3; point_index=1; raw=115.000000; scan_order=channel_major; section=YALK; signal=0; ulk_address=69; v7_v=-0.070748; yalk_v=-0.074254"
"yalk_contact_thresholds";"ubsi.yalk.signal.69.1";"ЯЛК адрес 69: контакт при 0.900000 В";0;"лог.";0;0;"OK";"analog_code=226.875000; channel=65; channel_count=80; channel_index=65; command_v=0.900000; expected_signal=0; point_count=3; point_index=2; raw=226.875000; scan_order=channel_major; section=YALK; signal=0; ulk_address=69; v7_v=0.803635; yalk_v=0.794474"
"yalk_contact_thresholds";"ubsi.yalk.signal.69.2";"ЯЛК адрес 69: контакт при 2.500000 В";1;"лог.";1;1;"OK";"analog_code=430.000000; channel=65; channel_count=80; channel_index=65; command_v=2.500000; expected_signal=1; point_count=3; point_index=3; raw=1454.000000; scan_order=channel_major; section=YALK; signal=1; ulk_address=69; v7_v=2.373963; yalk_v=2.371773"
"yalk_contact_thresholds";"ubsi.yalk.signal.70.0";"ЯЛК адрес 70: контакт при 0.000000 В";0;"лог.";0;0;"OK";"analog_code=124.125000; channel=66; channel_count=80; channel_index=66; command_v=0.000000; expected_signal=0; point_count=3; point_index=1; raw=124.125000; scan_order=channel_major; section=YALK; signal=0; ulk_address=70; v7_v=-0.011315; yalk_v=-0.003397"
"yalk_contact_thresholds";"ubsi.yalk.signal.70.1";"ЯЛК адрес 70: контакт при 0.900000 В";1;"лог.";0;0;"FAIL";"analog_code=234.687500; channel=66; channel_count=80; channel_index=66; command_v=0.900000; expected_signal=0; point_count=3; point_index=2; raw=1258.687500; scan_order=channel_major; section=YALK; signal=1; ulk_address=70; v7_v=0.866419; yalk_v=0.855139"
"yalk_contact_thresholds";"ubsi.yalk.signal.70.2";"ЯЛК адрес 70: контакт при 2.500000 В";1;"лог.";1;1;"OK";"analog_code=437.875000; channel=66; channel_count=80; channel_index=66; command_v=2.500000; expected_signal=1; point_count=3; point_index=3; raw=1461.875000; scan_order=channel_major; section=YALK; signal=1; ulk_address=70; v7_v=2.440809; yalk_v=2.432924"
"yalk_contact_thresholds";"ubsi.yalk.signal.74.0";"ЯЛК адрес 74: контакт при 0.000000 В";0;"лог.";0;0;"OK";"analog_code=112.687500; channel=67; channel_count=80; channel_index=67; command_v=0.000000; expected_signal=0; point_count=3; point_index=1; raw=112.687500; scan_order=channel_major; section=YALK; signal=0; ulk_address=74; v7_v=-0.095494; yalk_v=-0.092211"
"yalk_contact_thresholds";"ubsi.yalk.signal.74.1";"ЯЛК адрес 74: контакт при 0.900000 В";0;"лог.";0;0;"OK";"analog_code=224.625000; channel=67; channel_count=80; channel_index=67; command_v=0.900000; expected_signal=0; point_count=3; point_index=2; raw=224.625000; scan_order=channel_major; section=YALK; signal=0; ulk_address=74; v7_v=0.779553; yalk_v=0.777002"
"yalk_contact_thresholds";"ubsi.yalk.signal.74.2";"ЯЛК адрес 74: контакт при 2.500000 В";1;"лог.";1;1;"OK";"analog_code=425.312500; channel=67; channel_count=80; channel_index=67; command_v=2.500000; expected_signal=1; point_count=3; point_index=3; raw=1449.312500; scan_order=channel_major; section=YALK; signal=1; ulk_address=74; v7_v=2.348286; yalk_v=2.335374"
"yalk_contact_thresholds";"ubsi.yalk.signal.75.0";"ЯЛК адрес 75: контакт при 0.000000 В";0;"лог.";0;0;"OK";"analog_code=121.125000; channel=68; channel_count=80; channel_index=68; command_v=0.000000; expected_signal=0; point_count=3; point_index=1; raw=121.125000; scan_order=channel_major; section=YALK; signal=0; ulk_address=75; v7_v=-0.017010; yalk_v=-0.026693"
"yalk_contact_thresholds";"ubsi.yalk.signal.75.1";"ЯЛК адрес 75: контакт при 0.900000 В";1;"лог.";0;0;"FAIL";"analog_code=234.500000; channel=68; channel_count=80; channel_index=68; command_v=0.900000; expected_signal=0; point_count=3; point_index=2; raw=1258.500000; scan_order=channel_major; section=YALK; signal=1; ulk_address=75; v7_v=0.871738; yalk_v=0.853683"
"yalk_contact_thresholds";"ubsi.yalk.signal.75.2";"ЯЛК адрес 75: контакт при 2.500000 В";1;"лог.";1;1;"OK";"analog_code=440.562500; channel=68; channel_count=80; channel_index=68; command_v=2.500000; expected_signal=1; point_count=3; point_index=3; raw=1464.562500; scan_order=channel_major; section=YALK; signal=1; ulk_address=75; v7_v=2.456111; yalk_v=2.453793"
"yalk_contact_thresholds";"ubsi.yalk.signal.76.0";"ЯЛК адрес 76: контакт при 0.000000 В";0;"лог.";0;0;"OK";"analog_code=115.125000; channel=69; channel_count=80; channel_index=69; command_v=0.000000; expected_signal=0; point_count=3; point_index=1; raw=115.125000; scan_order=channel_major; section=YALK; signal=0; ulk_address=76; v7_v=-0.072189; yalk_v=-0.073284"
"yalk_contact_thresholds";"ubsi.yalk.signal.76.1";"ЯЛК адрес 76: контакт при 0.900000 В";0;"лог.";0;0;"OK";"analog_code=228.312500; channel=69; channel_count=80; channel_index=69; command_v=0.900000; expected_signal=0; point_count=3; point_index=2; raw=228.312500; scan_order=channel_major; section=YALK; signal=0; ulk_address=76; v7_v=0.810036; yalk_v=0.805636"
"yalk_contact_thresholds";"ubsi.yalk.signal.76.2";"ЯЛК адрес 76: контакт при 2.500000 В";1;"лог.";1;1;"OK";"analog_code=431.875000; channel=69; channel_count=80; channel_index=69; command_v=2.500000; expected_signal=1; point_count=3; point_index=3; raw=1455.875000; scan_order=channel_major; section=YALK; signal=1; ulk_address=76; v7_v=2.389751; yalk_v=2.386333"
"yalk_contact_thresholds";"ubsi.yalk.signal.77.0";"ЯЛК адрес 77: контакт при 0.000000 В";0;"лог.";0;0;"OK";"analog_code=119.312500; channel=70; channel_count=80; channel_index=70; command_v=0.000000; expected_signal=0; point_count=3; point_index=1; raw=119.312500; scan_order=channel_major; section=YALK; signal=0; ulk_address=77; v7_v=-0.052097; yalk_v=-0.040767"
"yalk_contact_thresholds";"ubsi.yalk.signal.77.1";"ЯЛК адрес 77: контакт при 0.900000 В";1;"лог.";0;0;"FAIL";"analog_code=229.687500; channel=70; channel_count=80; channel_index=70; command_v=0.900000; expected_signal=0; point_count=3; point_index=2; raw=1253.687500; scan_order=channel_major; section=YALK; signal=1; ulk_address=77; v7_v=0.828230; yalk_v=0.816313"
"yalk_contact_thresholds";"ubsi.yalk.signal.77.2";"ЯЛК адрес 77: контакт при 2.500000 В";1;"лог.";1;1;"OK";"analog_code=430.937500; channel=70; channel_count=80; channel_index=70; command_v=2.500000; expected_signal=1; point_count=3; point_index=3; raw=1454.937500; scan_order=channel_major; section=YALK; signal=1; ulk_address=77; v7_v=2.390519; yalk_v=2.379053"
"yalk_contact_thresholds";"ubsi.yalk.signal.78.0";"ЯЛК адрес 78: контакт при 0.000000 В";0;"лог.";0;0;"OK";"analog_code=127.250000; channel=71; channel_count=80; channel_index=71; command_v=0.000000; expected_signal=0; point_count=3; point_index=1; raw=127.250000; scan_order=channel_major; section=YALK; signal=0; ulk_address=78; v7_v=0.021864; yalk_v=0.020869"
"yalk_contact_thresholds";"ubsi.yalk.signal.78.1";"ЯЛК адрес 78: контакт при 0.900000 В";0;"лог.";0;0;"OK";"analog_code=240.250000; channel=71; channel_count=80; channel_index=71; command_v=0.900000; expected_signal=0; point_count=3; point_index=2; raw=240.250000; scan_order=channel_major; section=YALK; signal=0; ulk_address=78; v7_v=0.906051; yalk_v=0.898333"
"yalk_contact_thresholds";"ubsi.yalk.signal.78.2";"ЯЛК адрес 78: контакт при 2.500000 В";1;"лог.";1;1;"OK";"analog_code=442.437500; channel=71; channel_count=80; channel_index=71; command_v=2.500000; expected_signal=1; point_count=3; point_index=3; raw=1466.437500; scan_order=channel_major; section=YALK; signal=1; ulk_address=78; v7_v=2.473037; yalk_v=2.468352"
"yalk_contact_thresholds";"ubsi.yalk.signal.79.0";"ЯЛК адрес 79: контакт при 0.000000 В";0;"лог.";0;0;"OK";"analog_code=118.312500; channel=72; channel_count=80; channel_index=72; command_v=0.000000; expected_signal=0; point_count=3; point_index=1; raw=118.312500; scan_order=channel_major; section=YALK; signal=0; ulk_address=79; v7_v=-0.040261; yalk_v=-0.048532"
"yalk_contact_thresholds";"ubsi.yalk.signal.79.1";"ЯЛК адрес 79: контакт при 0.900000 В";1;"лог.";0;0;"FAIL";"analog_code=232.875000; channel=72; channel_count=80; channel_index=72; command_v=0.900000; expected_signal=0; point_count=3; point_index=2; raw=1256.875000; scan_order=channel_major; section=YALK; signal=1; ulk_address=79; v7_v=0.831769; yalk_v=0.841065"
"yalk_contact_thresholds";"ubsi.yalk.signal.79.2";"ЯЛК адрес 79: контакт при 2.500000 В";1;"лог.";1;1;"OK";"analog_code=430.187500; channel=72; channel_count=80; channel_index=72; command_v=2.500000; expected_signal=1; point_count=3; point_index=3; raw=1454.187500; scan_order=channel_major; section=YALK; signal=1; ulk_address=79; v7_v=2.389233; yalk_v=2.373229"
"yalk_contact_thresholds";"ubsi.yalk.signal.80.0";"ЯЛК адрес 80: контакт при 0.000000 В";0;"лог.";0;0;"OK";"analog_code=119.250000; channel=73; channel_count=80; channel_index=73; command_v=0.000000; expected_signal=0; point_count=3; point_index=1; raw=119.250000; scan_order=channel_major; section=YALK; signal=0; ulk_address=80; v7_v=-0.039108; yalk_v=-0.041252"
"yalk_contact_thresholds";"ubsi.yalk.signal.80.1";"ЯЛК адрес 80: контакт при 0.900000 В";0;"лог.";0;0;"OK";"analog_code=232.750000; channel=73; channel_count=80; channel_index=73; command_v=0.900000; expected_signal=0; point_count=3; point_index=2; raw=232.750000; scan_order=channel_major; section=YALK; signal=0; ulk_address=80; v7_v=0.840396; yalk_v=0.840094"
"yalk_contact_thresholds";"ubsi.yalk.signal.80.2";"ЯЛК адрес 80: контакт при 2.500000 В";1;"лог.";1;1;"OK";"analog_code=432.937500; channel=73; channel_count=80; channel_index=73; command_v=2.500000; expected_signal=1; point_count=3; point_index=3; raw=1456.937500; scan_order=channel_major; section=YALK; signal=1; ulk_address=80; v7_v=2.407226; yalk_v=2.394583"
"yalk_contact_thresholds";"ubsi.yalk.signal.81.0";"ЯЛК адрес 81: контакт при 0.000000 В";0;"лог.";0;0;"OK";"analog_code=117.625000; channel=74; channel_count=80; channel_index=74; command_v=0.000000; expected_signal=0; point_count=3; point_index=1; raw=117.625000; scan_order=channel_major; section=YALK; signal=0; ulk_address=81; v7_v=-0.048198; yalk_v=-0.053871"
"yalk_contact_thresholds";"ubsi.yalk.signal.81.1";"ЯЛК адрес 81: контакт при 0.900000 В";1;"лог.";0;0;"FAIL";"analog_code=229.250000; channel=74; channel_count=80; channel_index=74; command_v=0.900000; expected_signal=0; point_count=3; point_index=2; raw=1253.250000; scan_order=channel_major; section=YALK; signal=1; ulk_address=81; v7_v=0.832220; yalk_v=0.812916"
"yalk_contact_thresholds";"ubsi.yalk.signal.81.2";"ЯЛК адрес 81: контакт при 2.500000 В";1;"лог.";1;1;"OK";"analog_code=430.500000; channel=74; channel_count=80; channel_index=74; command_v=2.500000; expected_signal=1; point_count=3; point_index=3; raw=1454.500000; scan_order=channel_major; section=YALK; signal=1; ulk_address=81; v7_v=2.392898; yalk_v=2.375656"
"yalk_contact_thresholds";"ubsi.yalk.signal.82.0";"ЯЛК адрес 82: контакт при 0.000000 В";0;"лог.";0;0;"OK";"analog_code=111.000000; channel=75; channel_count=80; channel_index=75; command_v=0.000000; expected_signal=0; point_count=3; point_index=1; raw=111.000000; scan_order=channel_major; section=YALK; signal=0; ulk_address=82; v7_v=-0.103513; yalk_v=-0.105315"
"yalk_contact_thresholds";"ubsi.yalk.signal.82.1";"ЯЛК адрес 82: контакт при 0.900000 В";0;"лог.";0;0;"OK";"analog_code=226.375000; channel=75; channel_count=80; channel_index=75; command_v=0.900000; expected_signal=0; point_count=3; point_index=2; raw=226.375000; scan_order=channel_major; section=YALK; signal=0; ulk_address=82; v7_v=0.786588; yalk_v=0.790591"
"yalk_contact_thresholds";"ubsi.yalk.signal.82.2";"ЯЛК адрес 82: контакт при 2.500000 В";1;"лог.";1;1;"OK";"analog_code=428.250000; channel=75; channel_count=80; channel_index=75; command_v=2.500000; expected_signal=1; point_count=3; point_index=3; raw=1452.250000; scan_order=channel_major; section=YALK; signal=1; ulk_address=82; v7_v=2.370793; yalk_v=2.358184"
"yalk_contact_thresholds";"ubsi.yalk.signal.83.0";"ЯЛК адрес 83: контакт при 0.000000 В";0;"лог.";0;0;"OK";"analog_code=126.625000; channel=76; channel_count=80; channel_index=76; command_v=0.000000; expected_signal=0; point_count=3; point_index=1; raw=126.625000; scan_order=channel_major; section=YALK; signal=0; ulk_address=83; v7_v=0.011122; yalk_v=0.016016"
"yalk_contact_thresholds";"ubsi.yalk.signal.83.1";"ЯЛК адрес 83: контакт при 0.900000 В";1;"лог.";0;0;"FAIL";"analog_code=240.437500; channel=76; channel_count=80; channel_index=76; command_v=0.900000; expected_signal=0; point_count=3; point_index=2; raw=1264.437500; scan_order=channel_major; section=YALK; signal=1; ulk_address=83; v7_v=0.893112; yalk_v=0.899789"
"yalk_contact_thresholds";"ubsi.yalk.signal.83.2";"ЯЛК адрес 83: контакт при 2.500000 В";1;"лог.";1;1;"OK";"analog_code=441.750000; channel=76; channel_count=80; channel_index=76; command_v=2.500000; expected_signal=1; point_count=3; point_index=3; raw=1465.750000; scan_order=channel_major; section=YALK; signal=1; ulk_address=83; v7_v=2.462552; yalk_v=2.463014"
"yalk_contact_thresholds";"ubsi.yalk.signal.84.0";"ЯЛК адрес 84: контакт при 0.000000 В";0;"лог.";0;0;"OK";"analog_code=106.750000; channel=77; channel_count=80; channel_index=77; command_v=0.000000; expected_signal=0; point_count=3; point_index=1; raw=106.750000; scan_order=channel_major; section=YALK; signal=0; ulk_address=84; v7_v=-0.135363; yalk_v=-0.138317"
"yalk_contact_thresholds";"ubsi.yalk.signal.84.1";"ЯЛК адрес 84: контакт при 0.900000 В";1;"лог.";0;0;"FAIL";"analog_code=221.000000; channel=77; channel_count=80; channel_index=77; command_v=0.900000; expected_signal=0; point_count=3; point_index=2; raw=1245.000000; scan_order=channel_major; section=YALK; signal=1; ulk_address=84; v7_v=0.747717; yalk_v=0.748853"
"yalk_contact_thresholds";"ubsi.yalk.signal.84.2";"ЯЛК адрес 84: контакт при 2.500000 В";1;"лог.";1;1;"OK";"analog_code=422.812500; channel=77; channel_count=80; channel_index=77; command_v=2.500000; expected_signal=1; point_count=3; point_index=3; raw=1446.812500; scan_order=channel_major; section=YALK; signal=1; ulk_address=84; v7_v=2.319077; yalk_v=2.315961"
"yalk_contact_thresholds";"ubsi.yalk.signal.85.0";"ЯЛК адрес 85: контакт при 0.000000 В";0;"лог.";0;0;"OK";"analog_code=119.937500; channel=78; channel_count=80; channel_index=78; command_v=0.000000; expected_signal=0; point_count=3; point_index=1; raw=119.937500; scan_order=channel_major; section=YALK; signal=0; ulk_address=85; v7_v=-0.040529; yalk_v=-0.035914"
"yalk_contact_thresholds";"ubsi.yalk.signal.85.1";"ЯЛК адрес 85: контакт при 0.900000 В";1;"лог.";0;0;"FAIL";"analog_code=231.000000; channel=78; channel_count=80; channel_index=78; command_v=0.900000; expected_signal=0; point_count=3; point_index=2; raw=1255.000000; scan_order=channel_major; section=YALK; signal=1; ulk_address=85; v7_v=0.843332; yalk_v=0.826505"
"yalk_contact_thresholds";"ubsi.yalk.signal.85.2";"ЯЛК адрес 85: контакт при 2.500000 В";1;"лог.";1;1;"OK";"analog_code=434.562500; channel=78; channel_count=80; channel_index=78; command_v=2.500000; expected_signal=1; point_count=3; point_index=3; raw=1458.562500; scan_order=channel_major; section=YALK; signal=1; ulk_address=85; v7_v=2.414557; yalk_v=2.407202"
"yalk_contact_thresholds";"ubsi.yalk.signal.86.0";"ЯЛК адрес 86: контакт при 0.000000 В";0;"лог.";0;0;"OK";"analog_code=123.750000; channel=79; channel_count=80; channel_index=79; command_v=0.000000; expected_signal=0; point_count=3; point_index=1; raw=123.750000; scan_order=channel_major; section=YALK; signal=0; ulk_address=86; v7_v=-0.029999; yalk_v=-0.006309"
"yalk_contact_thresholds";"ubsi.yalk.signal.86.1";"ЯЛК адрес 86: контакт при 0.900000 В";1;"лог.";0;0;"FAIL";"analog_code=231.000000; channel=79; channel_count=80; channel_index=79; command_v=0.900000; expected_signal=0; point_count=3; point_index=2; raw=1255.000000; scan_order=channel_major; section=YALK; signal=1; ulk_address=86; v7_v=0.846022; yalk_v=0.826505"
"yalk_contact_thresholds";"ubsi.yalk.signal.86.2";"ЯЛК адрес 86: контакт при 2.500000 В";1;"лог.";1;1;"OK";"analog_code=436.187500; channel=79; channel_count=80; channel_index=79; command_v=2.500000; expected_signal=1; point_count=3; point_index=3; raw=1460.187500; scan_order=channel_major; section=YALK; signal=1; ulk_address=86; v7_v=2.415771; yalk_v=2.419820"
"yalk_contact_thresholds";"ubsi.yalk.signal.87.0";"ЯЛК адрес 87: контакт при 0.000000 В";1;"лог.";0;0;"FAIL";"analog_code=0.000000; channel=80; channel_count=80; channel_index=80; command_v=0.000000; expected_signal=0; point_count=3; point_index=1; raw=1024.000000; scan_order=channel_major; section=YALK; signal=1; ulk_address=87; v7_v=-0.048246; yalk_v=-0.967249"
"yalk_contact_thresholds";"ubsi.yalk.signal.87.1";"ЯЛК адрес 87: контакт при 0.900000 В";1;"лог.";0;0;"FAIL";"analog_code=0.000000; channel=80; channel_count=80; channel_index=80; command_v=0.900000; expected_signal=0; point_count=3; point_index=2; raw=1024.000000; scan_order=channel_major; section=YALK; signal=1; ulk_address=87; v7_v=0.823064; yalk_v=-0.967249"
"yalk_contact_thresholds";"ubsi.yalk.signal.87.2";"ЯЛК адрес 87: контакт при 2.500000 В";1;"лог.";1;1;"OK";"analog_code=0.000000; channel=80; channel_count=80; channel_index=80; command_v=2.500000; expected_signal=1; point_count=3; point_index=3; raw=1024.000000; scan_order=channel_major; section=YALK; signal=1; ulk_address=87; v7_v=2.385712; yalk_v=-0.967249"
"yalk_reference_voltage";"ubsi.reference_6v2";"Эталонное напряжение по В7";-0.000647354;"В";6.17;6.23;"FAIL";"nominal_v=6.200000; source=v7_reference; v7_v=-0.000647"
"yalk_reference_voltage";"ubsi.reference_6v2.adapter";"Эталон 6,2 В в телеметрии ЯЛК, адрес 98";6.14176;"В";-0.0306474;0.0293526;"FAIL";"analog_code=915.500000; raw=1939.500000; ulk_address=98; v7_v=-0.000647; yalk_v=6.141761"
"yalk_cleanup";"ubsi.yalk.cleanup_voltage";"Остаточное напряжение после ЯЛК";-0.00208137;"В";-0.2;0.2;"OK";"cleanup_voltage_v=-0.002081; v7_v=-0.002081"
"ytp_calibration";"ubsi.ytp.calibration_span";"Размах калибровки ЯТП";1;"лог.";1;1;"OK";"full_raw=4000.000000; full_word=31; valid_word_count=32; zero_raw=330.000000; zero_word=32"
"ytp_channels";"ubsi.ytp.channel.1.0";"ЯТП канал 1 · 0.000000 Ом";0.457766;"Ом";-1.2;1.2;"OK";"absolute_error_ohm=0.457766; actual_reference_ohm=0.000000; calibration_full_raw=4000.000000; calibration_zero_raw=330.000000; channel_count=30; channel_index=1; measured_resistance_ohm=0.457766; point_count=3; point_index=1; raw=337.000000; reduced_error_percent=0.190736; section=YTP; target_resistance_ohm=0.000000; ytp_channel=1"
"ytp_channels";"ubsi.ytp.channel.2.0";"ЯТП канал 2 · 0.000000 Ом";0.457766;"Ом";-1.2;1.2;"OK";"absolute_error_ohm=0.457766; actual_reference_ohm=0.000000; calibration_full_raw=4000.000000; calibration_zero_raw=330.000000; channel_count=30; channel_index=2; measured_resistance_ohm=0.457766; point_count=3; point_index=1; raw=337.000000; reduced_error_percent=0.190736; section=YTP; target_resistance_ohm=0.000000; ytp_channel=2"
"ytp_channels";"ubsi.ytp.channel.3.0";"ЯТП канал 3 · 0.000000 Ом";0.457766;"Ом";-1.2;1.2;"OK";"absolute_error_ohm=0.457766; actual_reference_ohm=0.000000; calibration_full_raw=4000.000000; calibration_zero_raw=330.000000; channel_count=30; channel_index=3; measured_resistance_ohm=0.457766; point_count=3; point_index=1; raw=337.000000; reduced_error_percent=0.190736; section=YTP; target_resistance_ohm=0.000000; ytp_channel=3"
"ytp_channels";"ubsi.ytp.channel.4.0";"ЯТП канал 4 · 0.000000 Ом";0.478202;"Ом";-1.2;1.2;"OK";"absolute_error_ohm=0.478202; actual_reference_ohm=0.000000; calibration_full_raw=4000.000000; calibration_zero_raw=330.000000; channel_count=30; channel_index=4; measured_resistance_ohm=0.478202; point_count=3; point_index=1; raw=337.312500; reduced_error_percent=0.199251; section=YTP; target_resistance_ohm=0.000000; ytp_channel=4"
"ytp_channels";"ubsi.ytp.channel.5.0";"ЯТП канал 5 · 0.000000 Ом";0.457766;"Ом";-1.2;1.2;"OK";"absolute_error_ohm=0.457766; actual_reference_ohm=0.000000; calibration_full_raw=4000.000000; calibration_zero_raw=330.000000; channel_count=30; channel_index=5; measured_resistance_ohm=0.457766; point_count=3; point_index=1; raw=337.000000; reduced_error_percent=0.190736; section=YTP; target_resistance_ohm=0.000000; ytp_channel=5"
"ytp_channels";"ubsi.ytp.channel.6.0";"ЯТП канал 6 · 0.000000 Ом";0.457766;"Ом";-1.2;1.2;"OK";"absolute_error_ohm=0.457766; actual_reference_ohm=0.000000; calibration_full_raw=4000.000000; calibration_zero_raw=330.000000; channel_count=30; channel_index=6; measured_resistance_ohm=0.457766; point_count=3; point_index=1; raw=337.000000; reduced_error_percent=0.190736; section=YTP; target_resistance_ohm=0.000000; ytp_channel=6"
"ytp_channels";"ubsi.ytp.channel.7.0";"ЯТП канал 7 · 0.000000 Ом";0.457766;"Ом";-1.2;1.2;"OK";"absolute_error_ohm=0.457766; actual_reference_ohm=0.000000; calibration_full_raw=4000.000000; calibration_zero_raw=330.000000; channel_count=30; channel_index=7; measured_resistance_ohm=0.457766; point_count=3; point_index=1; raw=337.000000; reduced_error_percent=0.190736; section=YTP; target_resistance_ohm=0.000000; ytp_channel=7"
"ytp_channels";"ubsi.ytp.channel.8.0";"ЯТП канал 8 · 0.000000 Ом";0.457766;"Ом";-1.2;1.2;"OK";"absolute_error_ohm=0.457766; actual_reference_ohm=0.000000; calibration_full_raw=4000.000000; calibration_zero_raw=330.000000; channel_count=30; channel_index=8; measured_resistance_ohm=0.457766; point_count=3; point_index=1; raw=337.000000; reduced_error_percent=0.190736; section=YTP; target_resistance_ohm=0.000000; ytp_channel=8"
"ytp_channels";"ubsi.ytp.channel.9.0";"ЯТП канал 9 · 0.000000 Ом";0.457766;"Ом";-1.2;1.2;"OK";"absolute_error_ohm=0.457766; actual_reference_ohm=0.000000; calibration_full_raw=4000.000000; calibration_zero_raw=330.000000; channel_count=30; channel_index=9; measured_resistance_ohm=0.457766; point_count=3; point_index=1; raw=337.000000; reduced_error_percent=0.190736; section=YTP; target_resistance_ohm=0.000000; ytp_channel=9"
"ytp_channels";"ubsi.ytp.channel.10.0";"ЯТП канал 10 · 0.000000 Ом";0.457766;"Ом";-1.2;1.2;"OK";"absolute_error_ohm=0.457766; actual_reference_ohm=0.000000; calibration_full_raw=4000.000000; calibration_zero_raw=330.000000; channel_count=30; channel_index=10; measured_resistance_ohm=0.457766; point_count=3; point_index=1; raw=337.000000; reduced_error_percent=0.190736; section=YTP; target_resistance_ohm=0.000000; ytp_channel=10"
"ytp_channels";"ubsi.ytp.channel.11.0";"ЯТП канал 11 · 0.000000 Ом";0.457766;"Ом";-1.2;1.2;"OK";"absolute_error_ohm=0.457766; actual_reference_ohm=0.000000; calibration_full_raw=4000.000000; calibration_zero_raw=330.000000; channel_count=30; channel_index=11; measured_resistance_ohm=0.457766; point_count=3; point_index=1; raw=337.000000; reduced_error_percent=0.190736; section=YTP; target_resistance_ohm=0.000000; ytp_channel=11"
"ytp_channels";"ubsi.ytp.channel.12.0";"ЯТП канал 12 · 0.000000 Ом";0.457766;"Ом";-1.2;1.2;"OK";"absolute_error_ohm=0.457766; actual_reference_ohm=0.000000; calibration_full_raw=4000.000000; calibration_zero_raw=330.000000; channel_count=30; channel_index=12; measured_resistance_ohm=0.457766; point_count=3; point_index=1; raw=337.000000; reduced_error_percent=0.190736; section=YTP; target_resistance_ohm=0.000000; ytp_channel=12"
"ytp_channels";"ubsi.ytp.channel.13.0";"ЯТП канал 13 · 0.000000 Ом";0.457766;"Ом";-1.2;1.2;"OK";"absolute_error_ohm=0.457766; actual_reference_ohm=0.000000; calibration_full_raw=4000.000000; calibration_zero_raw=330.000000; channel_count=30; channel_index=13; measured_resistance_ohm=0.457766; point_count=3; point_index=1; raw=337.000000; reduced_error_percent=0.190736; section=YTP; target_resistance_ohm=0.000000; ytp_channel=13"
"ytp_channels";"ubsi.ytp.channel.14.0";"ЯТП канал 14 · 0.000000 Ом";0.457766;"Ом";-1.2;1.2;"OK";"absolute_error_ohm=0.457766; actual_reference_ohm=0.000000; calibration_full_raw=4000.000000; calibration_zero_raw=330.000000; channel_count=30; channel_index=14; measured_resistance_ohm=0.457766; point_count=3; point_index=1; raw=337.000000; reduced_error_percent=0.190736; section=YTP; target_resistance_ohm=0.000000; ytp_channel=14"
"ytp_channels";"ubsi.ytp.channel.15.0";"ЯТП канал 15 · 0.000000 Ом";0.457766;"Ом";-1.2;1.2;"OK";"absolute_error_ohm=0.457766; actual_reference_ohm=0.000000; calibration_full_raw=4000.000000; calibration_zero_raw=330.000000; channel_count=30; channel_index=15; measured_resistance_ohm=0.457766; point_count=3; point_index=1; raw=337.000000; reduced_error_percent=0.190736; section=YTP; target_resistance_ohm=0.000000; ytp_channel=15"
"ytp_channels";"ubsi.ytp.channel.16.0";"ЯТП канал 16 · 0.000000 Ом";0.457766;"Ом";-1.2;1.2;"OK";"absolute_error_ohm=0.457766; actual_reference_ohm=0.000000; calibration_full_raw=4000.000000; calibration_zero_raw=330.000000; channel_count=30; channel_index=16; measured_resistance_ohm=0.457766; point_count=3; point_index=1; raw=337.000000; reduced_error_percent=0.190736; section=YTP; target_resistance_ohm=0.000000; ytp_channel=16"
"ytp_channels";"ubsi.ytp.channel.17.0";"ЯТП канал 17 · 0.000000 Ом";0.457766;"Ом";-1.2;1.2;"OK";"absolute_error_ohm=0.457766; actual_reference_ohm=0.000000; calibration_full_raw=4000.000000; calibration_zero_raw=330.000000; channel_count=30; channel_index=17; measured_resistance_ohm=0.457766; point_count=3; point_index=1; raw=337.000000; reduced_error_percent=0.190736; section=YTP; target_resistance_ohm=0.000000; ytp_channel=17"
"ytp_channels";"ubsi.ytp.channel.18.0";"ЯТП канал 18 · 0.000000 Ом";0.457766;"Ом";-1.2;1.2;"OK";"absolute_error_ohm=0.457766; actual_reference_ohm=0.000000; calibration_full_raw=4000.000000; calibration_zero_raw=330.000000; channel_count=30; channel_index=18; measured_resistance_ohm=0.457766; point_count=3; point_index=1; raw=337.000000; reduced_error_percent=0.190736; section=YTP; target_resistance_ohm=0.000000; ytp_channel=18"
"ytp_channels";"ubsi.ytp.channel.19.0";"ЯТП канал 19 · 0.000000 Ом";0.457766;"Ом";-1.2;1.2;"OK";"absolute_error_ohm=0.457766; actual_reference_ohm=0.000000; calibration_full_raw=4000.000000; calibration_zero_raw=330.000000; channel_count=30; channel_index=19; measured_resistance_ohm=0.457766; point_count=3; point_index=1; raw=337.000000; reduced_error_percent=0.190736; section=YTP; target_resistance_ohm=0.000000; ytp_channel=19"
"ytp_channels";"ubsi.ytp.channel.20.0";"ЯТП канал 20 · 0.000000 Ом";0.457766;"Ом";-1.2;1.2;"OK";"absolute_error_ohm=0.457766; actual_reference_ohm=0.000000; calibration_full_raw=4000.000000; calibration_zero_raw=330.000000; channel_count=30; channel_index=20; measured_resistance_ohm=0.457766; point_count=3; point_index=1; raw=337.000000; reduced_error_percent=0.190736; section=YTP; target_resistance_ohm=0.000000; ytp_channel=20"
"ytp_channels";"ubsi.ytp.channel.21.0";"ЯТП канал 21 · 0.000000 Ом";0.457766;"Ом";-1.2;1.2;"OK";"absolute_error_ohm=0.457766; actual_reference_ohm=0.000000; calibration_full_raw=4000.000000; calibration_zero_raw=330.000000; channel_count=30; channel_index=21; measured_resistance_ohm=0.457766; point_count=3; point_index=1; raw=337.000000; reduced_error_percent=0.190736; section=YTP; target_resistance_ohm=0.000000; ytp_channel=21"
"ytp_channels";"ubsi.ytp.channel.22.0";"ЯТП канал 22 · 0.000000 Ом";0.457766;"Ом";-1.2;1.2;"OK";"absolute_error_ohm=0.457766; actual_reference_ohm=0.000000; calibration_full_raw=4000.000000; calibration_zero_raw=330.000000; channel_count=30; channel_index=22; measured_resistance_ohm=0.457766; point_count=3; point_index=1; raw=337.000000; reduced_error_percent=0.190736; section=YTP; target_resistance_ohm=0.000000; ytp_channel=22"
"ytp_channels";"ubsi.ytp.channel.23.0";"ЯТП канал 23 · 0.000000 Ом";0.457766;"Ом";-1.2;1.2;"OK";"absolute_error_ohm=0.457766; actual_reference_ohm=0.000000; calibration_full_raw=4000.000000; calibration_zero_raw=330.000000; channel_count=30; channel_index=23; measured_resistance_ohm=0.457766; point_count=3; point_index=1; raw=337.000000; reduced_error_percent=0.190736; section=YTP; target_resistance_ohm=0.000000; ytp_channel=23"
"ytp_channels";"ubsi.ytp.channel.24.0";"ЯТП канал 24 · 0.000000 Ом";0.457766;"Ом";-1.2;1.2;"OK";"absolute_error_ohm=0.457766; actual_reference_ohm=0.000000; calibration_full_raw=4000.000000; calibration_zero_raw=330.000000; channel_count=30; channel_index=24; measured_resistance_ohm=0.457766; point_count=3; point_index=1; raw=337.000000; reduced_error_percent=0.190736; section=YTP; target_resistance_ohm=0.000000; ytp_channel=24"
"ytp_channels";"ubsi.ytp.channel.25.0";"ЯТП канал 25 · 0.000000 Ом";0.457766;"Ом";-1.2;1.2;"OK";"absolute_error_ohm=0.457766; actual_reference_ohm=0.000000; calibration_full_raw=4000.000000; calibration_zero_raw=330.000000; channel_count=30; channel_index=25; measured_resistance_ohm=0.457766; point_count=3; point_index=1; raw=337.000000; reduced_error_percent=0.190736; section=YTP; target_resistance_ohm=0.000000; ytp_channel=25"
"ytp_channels";"ubsi.ytp.channel.26.0";"ЯТП канал 26 · 0.000000 Ом";0.457766;"Ом";-1.2;1.2;"OK";"absolute_error_ohm=0.457766; actual_reference_ohm=0.000000; calibration_full_raw=4000.000000; calibration_zero_raw=330.000000; channel_count=30; channel_index=26; measured_resistance_ohm=0.457766; point_count=3; point_index=1; raw=337.000000; reduced_error_percent=0.190736; section=YTP; target_resistance_ohm=0.000000; ytp_channel=26"
"ytp_channels";"ubsi.ytp.channel.27.0";"ЯТП канал 27 · 0.000000 Ом";0.457766;"Ом";-1.2;1.2;"OK";"absolute_error_ohm=0.457766; actual_reference_ohm=0.000000; calibration_full_raw=4000.000000; calibration_zero_raw=330.000000; channel_count=30; channel_index=27; measured_resistance_ohm=0.457766; point_count=3; point_index=1; raw=337.000000; reduced_error_percent=0.190736; section=YTP; target_resistance_ohm=0.000000; ytp_channel=27"
"ytp_channels";"ubsi.ytp.channel.28.0";"ЯТП канал 28 · 0.000000 Ом";0.470027;"Ом";-1.2;1.2;"OK";"absolute_error_ohm=0.470027; actual_reference_ohm=0.000000; calibration_full_raw=4000.000000; calibration_zero_raw=330.000000; channel_count=30; channel_index=28; measured_resistance_ohm=0.470027; point_count=3; point_index=1; raw=337.187500; reduced_error_percent=0.195845; section=YTP; target_resistance_ohm=0.000000; ytp_channel=28"
"ytp_channels";"ubsi.ytp.channel.29.0";"ЯТП канал 29 · 0.000000 Ом";0.482289;"Ом";-1.2;1.2;"OK";"absolute_error_ohm=0.482289; actual_reference_ohm=0.000000; calibration_full_raw=4000.000000; calibration_zero_raw=330.000000; channel_count=30; channel_index=29; measured_resistance_ohm=0.482289; point_count=3; point_index=1; raw=337.375000; reduced_error_percent=0.200954; section=YTP; target_resistance_ohm=0.000000; ytp_channel=29"
"ytp_channels";"ubsi.ytp.channel.30.0";"ЯТП канал 30 · 0.000000 Ом";0.457766;"Ом";-1.2;1.2;"OK";"absolute_error_ohm=0.457766; actual_reference_ohm=0.000000; calibration_full_raw=4000.000000; calibration_zero_raw=330.000000; channel_count=30; channel_index=30; measured_resistance_ohm=0.457766; point_count=3; point_index=1; raw=337.000000; reduced_error_percent=0.190736; section=YTP; target_resistance_ohm=0.000000; ytp_channel=30"
"ytp_channels";"ubsi.ytp.channel.1.1";"ЯТП канал 1 · 120.000000 Ом";120.384;"Ом";118.8;121.2;"OK";"absolute_error_ohm=0.384196; actual_reference_ohm=120.000000; calibration_full_raw=4000.000000; calibration_zero_raw=330.000000; channel_count=30; channel_index=1; measured_resistance_ohm=120.384196; point_count=3; point_index=2; raw=2170.875000; reduced_error_percent=0.160082; section=YTP; target_resistance_ohm=120.000000; ytp_channel=1"
"ytp_channels";"ubsi.ytp.channel.2.1";"ЯТП канал 2 · 120.000000 Ом";120.368;"Ом";118.8;121.2;"OK";"absolute_error_ohm=0.367847; actual_reference_ohm=120.000000; calibration_full_raw=4000.000000; calibration_zero_raw=330.000000; channel_count=30; channel_index=2; measured_resistance_ohm=120.367847; point_count=3; point_index=2; raw=2170.625000; reduced_error_percent=0.153270; section=YTP; target_resistance_ohm=120.000000; ytp_channel=2"
"ytp_channels";"ubsi.ytp.channel.3.1";"ЯТП канал 3 · 120.000000 Ом";120.368;"Ом";118.8;121.2;"OK";"absolute_error_ohm=0.367847; actual_reference_ohm=120.000000; calibration_full_raw=4000.000000; calibration_zero_raw=330.000000; channel_count=30; channel_index=3; measured_resistance_ohm=120.367847; point_count=3; point_index=2; raw=2170.625000; reduced_error_percent=0.153270; section=YTP; target_resistance_ohm=120.000000; ytp_channel=3"
"ytp_channels";"ubsi.ytp.channel.4.1";"ЯТП канал 4 · 120.000000 Ом";120.405;"Ом";118.8;121.2;"OK";"absolute_error_ohm=0.404632; actual_reference_ohm=120.000000; calibration_full_raw=4000.000000; calibration_zero_raw=330.000000; channel_count=30; channel_index=4; measured_resistance_ohm=120.404632; point_count=3; point_index=2; raw=2171.187500; reduced_error_percent=0.168597; section=YTP; target_resistance_ohm=120.000000; ytp_channel=4"
"ytp_channels";"ubsi.ytp.channel.5.1";"ЯТП канал 5 · 120.000000 Ом";120.405;"Ом";118.8;121.2;"OK";"absolute_error_ohm=0.404632; actual_reference_ohm=120.000000; calibration_full_raw=4000.000000; calibration_zero_raw=330.000000; channel_count=30; channel_index=5; measured_resistance_ohm=120.404632; point_count=3; point_index=2; raw=2171.187500; reduced_error_percent=0.168597; section=YTP; target_resistance_ohm=120.000000; ytp_channel=5"
"ytp_channels";"ubsi.ytp.channel.6.1";"ЯТП канал 6 · 120.000000 Ом";120.429;"Ом";118.8;121.2;"OK";"absolute_error_ohm=0.429155; actual_reference_ohm=120.000000; calibration_full_raw=4000.000000; calibration_zero_raw=330.000000; channel_count=30; channel_index=6; measured_resistance_ohm=120.429155; point_count=3; point_index=2; raw=2171.562500; reduced_error_percent=0.178815; section=YTP; target_resistance_ohm=120.000000; ytp_channel=6"
"ytp_channels";"ubsi.ytp.channel.7.1";"ЯТП канал 7 · 120.000000 Ом";120.396;"Ом";118.8;121.2;"OK";"absolute_error_ohm=0.396458; actual_reference_ohm=120.000000; calibration_full_raw=4000.000000; calibration_zero_raw=330.000000; channel_count=30; channel_index=7; measured_resistance_ohm=120.396458; point_count=3; point_index=2; raw=2171.062500; reduced_error_percent=0.165191; section=YTP; target_resistance_ohm=120.000000; ytp_channel=7"
"ytp_channels";"ubsi.ytp.channel.8.1";"ЯТП канал 8 · 120.000000 Ом";120.396;"Ом";118.8;121.2;"OK";"absolute_error_ohm=0.396458; actual_reference_ohm=120.000000; calibration_full_raw=4000.000000; calibration_zero_raw=330.000000; channel_count=30; channel_index=8; measured_resistance_ohm=120.396458; point_count=3; point_index=2; raw=2171.062500; reduced_error_percent=0.165191; section=YTP; target_resistance_ohm=120.000000; ytp_channel=8"
"ytp_channels";"ubsi.ytp.channel.9.1";"ЯТП канал 9 · 120.000000 Ом";120.392;"Ом";118.8;121.2;"OK";"absolute_error_ohm=0.392371; actual_reference_ohm=120.000000; calibration_full_raw=4000.000000; calibration_zero_raw=330.000000; channel_count=30; channel_index=9; measured_resistance_ohm=120.392371; point_count=3; point_index=2; raw=2171.000000; reduced_error_percent=0.163488; section=YTP; target_resistance_ohm=120.000000; ytp_channel=9"
"ytp_channels";"ubsi.ytp.channel.10.1";"ЯТП канал 10 · 120.000000 Ом";120.392;"Ом";118.8;121.2;"OK";"absolute_error_ohm=0.392371; actual_reference_ohm=120.000000; calibration_full_raw=4000.000000; calibration_zero_raw=330.000000; channel_count=30; channel_index=10; measured_resistance_ohm=120.392371; point_count=3; point_index=2; raw=2171.000000; reduced_error_percent=0.163488; section=YTP; target_resistance_ohm=120.000000; ytp_channel=10"
"ytp_channels";"ubsi.ytp.channel.11.1";"ЯТП канал 11 · 120.000000 Ом";120.368;"Ом";118.8;121.2;"OK";"absolute_error_ohm=0.367847; actual_reference_ohm=120.000000; calibration_full_raw=4000.000000; calibration_zero_raw=330.000000; channel_count=30; channel_index=11; measured_resistance_ohm=120.367847; point_count=3; point_index=2; raw=2170.625000; reduced_error_percent=0.153270; section=YTP; target_resistance_ohm=120.000000; ytp_channel=11"
"ytp_channels";"ubsi.ytp.channel.12.1";"ЯТП канал 12 · 120.000000 Ом";120.392;"Ом";118.8;121.2;"OK";"absolute_error_ohm=0.392371; actual_reference_ohm=120.000000; calibration_full_raw=4000.000000; calibration_zero_raw=330.000000; channel_count=30; channel_index=12; measured_resistance_ohm=120.392371; point_count=3; point_index=2; raw=2171.000000; reduced_error_percent=0.163488; section=YTP; target_resistance_ohm=120.000000; ytp_channel=12"
"ytp_channels";"ubsi.ytp.channel.13.1";"ЯТП канал 13 · 120.000000 Ом";120.392;"Ом";118.8;121.2;"OK";"absolute_error_ohm=0.392371; actual_reference_ohm=120.000000; calibration_full_raw=4000.000000; calibration_zero_raw=330.000000; channel_count=30; channel_index=13; measured_resistance_ohm=120.392371; point_count=3; point_index=2; raw=2171.000000; reduced_error_percent=0.163488; section=YTP; target_resistance_ohm=120.000000; ytp_channel=13"
"ytp_channels";"ubsi.ytp.channel.14.1";"ЯТП канал 14 · 120.000000 Ом";120.413;"Ом";118.8;121.2;"OK";"absolute_error_ohm=0.412807; actual_reference_ohm=120.000000; calibration_full_raw=4000.000000; calibration_zero_raw=330.000000; channel_count=30; channel_index=14; measured_resistance_ohm=120.412807; point_count=3; point_index=2; raw=2171.312500; reduced_error_percent=0.172003; section=YTP; target_resistance_ohm=120.000000; ytp_channel=14"
"ytp_channels";"ubsi.ytp.channel.15.1";"ЯТП канал 15 · 120.000000 Ом";120.417;"Ом";118.8;121.2;"OK";"absolute_error_ohm=0.416894; actual_reference_ohm=120.000000; calibration_full_raw=4000.000000; calibration_zero_raw=330.000000; channel_count=30; channel_index=15; measured_resistance_ohm=120.416894; point_count=3; point_index=2; raw=2171.375000; reduced_error_percent=0.173706; section=YTP; target_resistance_ohm=120.000000; ytp_channel=15"
"ytp_channels";"ubsi.ytp.channel.16.1";"ЯТП канал 16 · 120.000000 Ом";120.392;"Ом";118.8;121.2;"OK";"absolute_error_ohm=0.392371; actual_reference_ohm=120.000000; calibration_full_raw=4000.000000; calibration_zero_raw=330.000000; channel_count=30; channel_index=16; measured_resistance_ohm=120.392371; point_count=3; point_index=2; raw=2171.000000; reduced_error_percent=0.163488; section=YTP; target_resistance_ohm=120.000000; ytp_channel=16"
"ytp_channels";"ubsi.ytp.channel.17.1";"ЯТП канал 17 · 120.000000 Ом";120.392;"Ом";118.8;121.2;"OK";"absolute_error_ohm=0.392371; actual_reference_ohm=120.000000; calibration_full_raw=4000.000000; calibration_zero_raw=330.000000; channel_count=30; channel_index=17; measured_resistance_ohm=120.392371; point_count=3; point_index=2; raw=2171.000000; reduced_error_percent=0.163488; section=YTP; target_resistance_ohm=120.000000; ytp_channel=17"
"ytp_channels";"ubsi.ytp.channel.18.1";"ЯТП канал 18 · 120.000000 Ом";120.392;"Ом";118.8;121.2;"OK";"absolute_error_ohm=0.392371; actual_reference_ohm=120.000000; calibration_full_raw=4000.000000; calibration_zero_raw=330.000000; channel_count=30; channel_index=18; measured_resistance_ohm=120.392371; point_count=3; point_index=2; raw=2171.000000; reduced_error_percent=0.163488; section=YTP; target_resistance_ohm=120.000000; ytp_channel=18"
"ytp_channels";"ubsi.ytp.channel.19.1";"ЯТП канал 19 · 120.000000 Ом";120.392;"Ом";118.8;121.2;"OK";"absolute_error_ohm=0.392371; actual_reference_ohm=120.000000; calibration_full_raw=4000.000000; calibration_zero_raw=330.000000; channel_count=30; channel_index=19; measured_resistance_ohm=120.392371; point_count=3; point_index=2; raw=2171.000000; reduced_error_percent=0.163488; section=YTP; target_resistance_ohm=120.000000; ytp_channel=19"
"ytp_channels";"ubsi.ytp.channel.20.1";"ЯТП канал 20 · 120.000000 Ом";120.413;"Ом";118.8;121.2;"OK";"absolute_error_ohm=0.412807; actual_reference_ohm=120.000000; calibration_full_raw=4000.000000; calibration_zero_raw=330.000000; channel_count=30; channel_index=20; measured_resistance_ohm=120.412807; point_count=3; point_index=2; raw=2171.312500; reduced_error_percent=0.172003; section=YTP; target_resistance_ohm=120.000000; ytp_channel=20"
"ytp_channels";"ubsi.ytp.channel.21.1";"ЯТП канал 21 · 120.000000 Ом";120.392;"Ом";118.8;121.2;"OK";"absolute_error_ohm=0.392371; actual_reference_ohm=120.000000; calibration_full_raw=4000.000000; calibration_zero_raw=330.000000; channel_count=30; channel_index=21; measured_resistance_ohm=120.392371; point_count=3; point_index=2; raw=2171.000000; reduced_error_percent=0.163488; section=YTP; target_resistance_ohm=120.000000; ytp_channel=21"
"ytp_channels";"ubsi.ytp.channel.22.1";"ЯТП канал 22 · 120.000000 Ом";120.417;"Ом";118.8;121.2;"OK";"absolute_error_ohm=0.416894; actual_reference_ohm=120.000000; calibration_full_raw=4000.000000; calibration_zero_raw=330.000000; channel_count=30; channel_index=22; measured_resistance_ohm=120.416894; point_count=3; point_index=2; raw=2171.375000; reduced_error_percent=0.173706; section=YTP; target_resistance_ohm=120.000000; ytp_channel=22"
"ytp_channels";"ubsi.ytp.channel.23.1";"ЯТП канал 23 · 120.000000 Ом";120.437;"Ом";118.8;121.2;"OK";"absolute_error_ohm=0.437330; actual_reference_ohm=120.000000; calibration_full_raw=4000.000000; calibration_zero_raw=330.000000; channel_count=30; channel_index=23; measured_resistance_ohm=120.437330; point_count=3; point_index=2; raw=2171.687500; reduced_error_percent=0.182221; section=YTP; target_resistance_ohm=120.000000; ytp_channel=23"
"ytp_channels";"ubsi.ytp.channel.24.1";"ЯТП канал 24 · 120.000000 Ом";120.417;"Ом";118.8;121.2;"OK";"absolute_error_ohm=0.416894; actual_reference_ohm=120.000000; calibration_full_raw=4000.000000; calibration_zero_raw=330.000000; channel_count=30; channel_index=24; measured_resistance_ohm=120.416894; point_count=3; point_index=2; raw=2171.375000; reduced_error_percent=0.173706; section=YTP; target_resistance_ohm=120.000000; ytp_channel=24"
"ytp_channels";"ubsi.ytp.channel.25.1";"ЯТП канал 25 · 120.000000 Ом";120.392;"Ом";118.8;121.2;"OK";"absolute_error_ohm=0.392371; actual_reference_ohm=120.000000; calibration_full_raw=4000.000000; calibration_zero_raw=330.000000; channel_count=30; channel_index=25; measured_resistance_ohm=120.392371; point_count=3; point_index=2; raw=2171.000000; reduced_error_percent=0.163488; section=YTP; target_resistance_ohm=120.000000; ytp_channel=25"
"ytp_channels";"ubsi.ytp.channel.26.1";"ЯТП канал 26 · 120.000000 Ом";120.392;"Ом";118.8;121.2;"OK";"absolute_error_ohm=0.392371; actual_reference_ohm=120.000000; calibration_full_raw=4000.000000; calibration_zero_raw=330.000000; channel_count=30; channel_index=26; measured_resistance_ohm=120.392371; point_count=3; point_index=2; raw=2171.000000; reduced_error_percent=0.163488; section=YTP; target_resistance_ohm=120.000000; ytp_channel=26"
"ytp_channels";"ubsi.ytp.channel.27.1";"ЯТП канал 27 · 120.000000 Ом";120.392;"Ом";118.8;121.2;"OK";"absolute_error_ohm=0.392371; actual_reference_ohm=120.000000; calibration_full_raw=4000.000000; calibration_zero_raw=330.000000; channel_count=30; channel_index=27; measured_resistance_ohm=120.392371; point_count=3; point_index=2; raw=2171.000000; reduced_error_percent=0.163488; section=YTP; target_resistance_ohm=120.000000; ytp_channel=27"
"ytp_channels";"ubsi.ytp.channel.28.1";"ЯТП канал 28 · 120.000000 Ом";120.392;"Ом";118.8;121.2;"OK";"absolute_error_ohm=0.392371; actual_reference_ohm=120.000000; calibration_full_raw=4000.000000; calibration_zero_raw=330.000000; channel_count=30; channel_index=28; measured_resistance_ohm=120.392371; point_count=3; point_index=2; raw=2171.000000; reduced_error_percent=0.163488; section=YTP; target_resistance_ohm=120.000000; ytp_channel=28"
"ytp_channels";"ubsi.ytp.channel.29.1";"ЯТП канал 29 · 120.000000 Ом";120.392;"Ом";118.8;121.2;"OK";"absolute_error_ohm=0.392371; actual_reference_ohm=120.000000; calibration_full_raw=4000.000000; calibration_zero_raw=330.000000; channel_count=30; channel_index=29; measured_resistance_ohm=120.392371; point_count=3; point_index=2; raw=2171.000000; reduced_error_percent=0.163488; section=YTP; target_resistance_ohm=120.000000; ytp_channel=29"
"ytp_channels";"ubsi.ytp.channel.30.1";"ЯТП канал 30 · 120.000000 Ом";120.417;"Ом";118.8;121.2;"OK";"absolute_error_ohm=0.416894; actual_reference_ohm=120.000000; calibration_full_raw=4000.000000; calibration_zero_raw=330.000000; channel_count=30; channel_index=30; measured_resistance_ohm=120.416894; point_count=3; point_index=2; raw=2171.375000; reduced_error_percent=0.173706; section=YTP; target_resistance_ohm=120.000000; ytp_channel=30"
"ytp_channels";"ubsi.ytp.channel.1.2";"ЯТП канал 1 · 240.000000 Ом";240.086;"Ом";238.8;241.2;"OK";"absolute_error_ohm=0.085831; actual_reference_ohm=240.000000; calibration_full_raw=4000.000000; calibration_zero_raw=330.000000; channel_count=30; channel_index=1; measured_resistance_ohm=240.085831; point_count=3; point_index=3; raw=4001.312500; reduced_error_percent=0.035763; section=YTP; target_resistance_ohm=240.000000; ytp_channel=1"
"ytp_channels";"ubsi.ytp.channel.2.2";"ЯТП канал 2 · 240.000000 Ом";240.131;"Ом";238.8;241.2;"OK";"absolute_error_ohm=0.130790; actual_reference_ohm=240.000000; calibration_full_raw=4000.000000; calibration_zero_raw=330.000000; channel_count=30; channel_index=2; measured_resistance_ohm=240.130790; point_count=3; point_index=3; raw=4002.000000; reduced_error_percent=0.054496; section=YTP; target_resistance_ohm=240.000000; ytp_channel=2"
"ytp_channels";"ubsi.ytp.channel.3.2";"ЯТП канал 3 · 240.000000 Ом";240.094;"Ом";238.8;241.2;"OK";"absolute_error_ohm=0.094005; actual_reference_ohm=240.000000; calibration_full_raw=4000.000000; calibration_zero_raw=330.000000; channel_count=30; channel_index=3; measured_resistance_ohm=240.094005; point_count=3; point_index=3; raw=4001.437500; reduced_error_percent=0.039169; section=YTP; target_resistance_ohm=240.000000; ytp_channel=3"
"ytp_channels";"ubsi.ytp.channel.4.2";"ЯТП канал 4 · 240.000000 Ом";240.086;"Ом";238.8;241.2;"OK";"absolute_error_ohm=0.085831; actual_reference_ohm=240.000000; calibration_full_raw=4000.000000; calibration_zero_raw=330.000000; channel_count=30; channel_index=4; measured_resistance_ohm=240.085831; point_count=3; point_index=3; raw=4001.312500; reduced_error_percent=0.035763; section=YTP; target_resistance_ohm=240.000000; ytp_channel=4"
"ytp_channels";"ubsi.ytp.channel.5.2";"ЯТП канал 5 · 240.000000 Ом";240.098;"Ом";238.8;241.2;"OK";"absolute_error_ohm=0.098093; actual_reference_ohm=240.000000; calibration_full_raw=4000.000000; calibration_zero_raw=330.000000; channel_count=30; channel_index=5; measured_resistance_ohm=240.098093; point_count=3; point_index=3; raw=4001.500000; reduced_error_percent=0.040872; section=YTP; target_resistance_ohm=240.000000; ytp_channel=5"
"ytp_channels";"ubsi.ytp.channel.6.2";"ЯТП канал 6 · 240.000000 Ом";240.159;"Ом";238.8;241.2;"OK";"absolute_error_ohm=0.159401; actual_reference_ohm=240.000000; calibration_full_raw=4000.000000; calibration_zero_raw=330.000000; channel_count=30; channel_index=6; measured_resistance_ohm=240.159401; point_count=3; point_index=3; raw=4002.437500; reduced_error_percent=0.066417; section=YTP; target_resistance_ohm=240.000000; ytp_channel=6"
"ytp_channels";"ubsi.ytp.channel.7.2";"ЯТП канал 7 · 240.000000 Ом";240.184;"Ом";238.8;241.2;"OK";"absolute_error_ohm=0.183924; actual_reference_ohm=240.000000; calibration_full_raw=4000.000000; calibration_zero_raw=330.000000; channel_count=30; channel_index=7; measured_resistance_ohm=240.183924; point_count=3; point_index=3; raw=4002.812500; reduced_error_percent=0.076635; section=YTP; target_resistance_ohm=240.000000; ytp_channel=7"
"ytp_channels";"ubsi.ytp.channel.8.2";"ЯТП канал 8 · 240.000000 Ом";240.151;"Ом";238.8;241.2;"OK";"absolute_error_ohm=0.151226; actual_reference_ohm=240.000000; calibration_full_raw=4000.000000; calibration_zero_raw=330.000000; channel_count=30; channel_index=8; measured_resistance_ohm=240.151226; point_count=3; point_index=3; raw=4002.312500; reduced_error_percent=0.063011; section=YTP; target_resistance_ohm=240.000000; ytp_channel=8"
"ytp_channels";"ubsi.ytp.channel.9.2";"ЯТП канал 9 · 240.000000 Ом";240.131;"Ом";238.8;241.2;"OK";"absolute_error_ohm=0.130790; actual_reference_ohm=240.000000; calibration_full_raw=4000.000000; calibration_zero_raw=330.000000; channel_count=30; channel_index=9; measured_resistance_ohm=240.130790; point_count=3; point_index=3; raw=4002.000000; reduced_error_percent=0.054496; section=YTP; target_resistance_ohm=240.000000; ytp_channel=9"
"ytp_channels";"ubsi.ytp.channel.10.2";"ЯТП канал 10 · 240.000000 Ом";240.119;"Ом";238.8;241.2;"OK";"absolute_error_ohm=0.118529; actual_reference_ohm=240.000000; calibration_full_raw=4000.000000; calibration_zero_raw=330.000000; channel_count=30; channel_index=10; measured_resistance_ohm=240.118529; point_count=3; point_index=3; raw=4001.812500; reduced_error_percent=0.049387; section=YTP; target_resistance_ohm=240.000000; ytp_channel=10"
"ytp_channels";"ubsi.ytp.channel.11.2";"ЯТП канал 11 · 240.000000 Ом";240.094;"Ом";238.8;241.2;"OK";"absolute_error_ohm=0.094005; actual_reference_ohm=240.000000; calibration_full_raw=4000.000000; calibration_zero_raw=330.000000; channel_count=30; channel_index=11; measured_resistance_ohm=240.094005; point_count=3; point_index=3; raw=4001.437500; reduced_error_percent=0.039169; section=YTP; target_resistance_ohm=240.000000; ytp_channel=11"
"ytp_channels";"ubsi.ytp.channel.12.2";"ЯТП канал 12 · 240.000000 Ом";240.119;"Ом";238.8;241.2;"OK";"absolute_error_ohm=0.118529; actual_reference_ohm=240.000000; calibration_full_raw=4000.000000; calibration_zero_raw=330.000000; channel_count=30; channel_index=12; measured_resistance_ohm=240.118529; point_count=3; point_index=3; raw=4001.812500; reduced_error_percent=0.049387; section=YTP; target_resistance_ohm=240.000000; ytp_channel=12"
"ytp_channels";"ubsi.ytp.channel.13.2";"ЯТП канал 13 · 240.000000 Ом";240.131;"Ом";238.8;241.2;"OK";"absolute_error_ohm=0.130790; actual_reference_ohm=240.000000; calibration_full_raw=4000.000000; calibration_zero_raw=330.000000; channel_count=30; channel_index=13; measured_resistance_ohm=240.130790; point_count=3; point_index=3; raw=4002.000000; reduced_error_percent=0.054496; section=YTP; target_resistance_ohm=240.000000; ytp_channel=13"
"ytp_channels";"ubsi.ytp.channel.14.2";"ЯТП канал 14 · 240.000000 Ом";240.2;"Ом";238.8;241.2;"OK";"absolute_error_ohm=0.200272; actual_reference_ohm=240.000000; calibration_full_raw=4000.000000; calibration_zero_raw=330.000000; channel_count=30; channel_index=14; measured_resistance_ohm=240.200272; point_count=3; point_index=3; raw=4003.062500; reduced_error_percent=0.083447; section=YTP; target_resistance_ohm=240.000000; ytp_channel=14"
"ytp_channels";"ubsi.ytp.channel.15.2";"ЯТП канал 15 · 240.000000 Ом";240.176;"Ом";238.8;241.2;"OK";"absolute_error_ohm=0.175749; actual_reference_ohm=240.000000; calibration_full_raw=4000.000000; calibration_zero_raw=330.000000; channel_count=30; channel_index=15; measured_resistance_ohm=240.175749; point_count=3; point_index=3; raw=4002.687500; reduced_error_percent=0.073229; section=YTP; target_resistance_ohm=240.000000; ytp_channel=15"
"ytp_channels";"ubsi.ytp.channel.16.2";"ЯТП канал 16 · 240.000000 Ом";240.163;"Ом";238.8;241.2;"OK";"absolute_error_ohm=0.163488; actual_reference_ohm=240.000000; calibration_full_raw=4000.000000; calibration_zero_raw=330.000000; channel_count=30; channel_index=16; measured_resistance_ohm=240.163488; point_count=3; point_index=3; raw=4002.500000; reduced_error_percent=0.068120; section=YTP; target_resistance_ohm=240.000000; ytp_channel=16"
"ytp_channels";"ubsi.ytp.channel.17.2";"ЯТП канал 17 · 240.000000 Ом";240.131;"Ом";238.8;241.2;"OK";"absolute_error_ohm=0.130790; actual_reference_ohm=240.000000; calibration_full_raw=4000.000000; calibration_zero_raw=330.000000; channel_count=30; channel_index=17; measured_resistance_ohm=240.130790; point_count=3; point_index=3; raw=4002.000000; reduced_error_percent=0.054496; section=YTP; target_resistance_ohm=240.000000; ytp_channel=17"
"ytp_channels";"ubsi.ytp.channel.18.2";"ЯТП канал 18 · 240.000000 Ом";240.131;"Ом";238.8;241.2;"OK";"absolute_error_ohm=0.130790; actual_reference_ohm=240.000000; calibration_full_raw=4000.000000; calibration_zero_raw=330.000000; channel_count=30; channel_index=18; measured_resistance_ohm=240.130790; point_count=3; point_index=3; raw=4002.000000; reduced_error_percent=0.054496; section=YTP; target_resistance_ohm=240.000000; ytp_channel=18"
"ytp_channels";"ubsi.ytp.channel.19.2";"ЯТП канал 19 · 240.000000 Ом";240.127;"Ом";238.8;241.2;"OK";"absolute_error_ohm=0.126703; actual_reference_ohm=240.000000; calibration_full_raw=4000.000000; calibration_zero_raw=330.000000; channel_count=30; channel_index=19; measured_resistance_ohm=240.126703; point_count=3; point_index=3; raw=4001.937500; reduced_error_percent=0.052793; section=YTP; target_resistance_ohm=240.000000; ytp_channel=19"
"ytp_channels";"ubsi.ytp.channel.20.2";"ЯТП канал 20 · 240.000000 Ом";240.135;"Ом";238.8;241.2;"OK";"absolute_error_ohm=0.134877; actual_reference_ohm=240.000000; calibration_full_raw=4000.000000; calibration_zero_raw=330.000000; channel_count=30; channel_index=20; measured_resistance_ohm=240.134877; point_count=3; point_index=3; raw=4002.062500; reduced_error_percent=0.056199; section=YTP; target_resistance_ohm=240.000000; ytp_channel=20"
"ytp_channels";"ubsi.ytp.channel.21.2";"ЯТП канал 21 · 240.000000 Ом";240.168;"Ом";238.8;241.2;"OK";"absolute_error_ohm=0.167575; actual_reference_ohm=240.000000; calibration_full_raw=4000.000000; calibration_zero_raw=330.000000; channel_count=30; channel_index=21; measured_resistance_ohm=240.167575; point_count=3; point_index=3; raw=4002.562500; reduced_error_percent=0.069823; section=YTP; target_resistance_ohm=240.000000; ytp_channel=21"
"ytp_channels";"ubsi.ytp.channel.22.2";"ЯТП канал 22 · 240.000000 Ом";240.168;"Ом";238.8;241.2;"OK";"absolute_error_ohm=0.167575; actual_reference_ohm=240.000000; calibration_full_raw=4000.000000; calibration_zero_raw=330.000000; channel_count=30; channel_index=22; measured_resistance_ohm=240.167575; point_count=3; point_index=3; raw=4002.562500; reduced_error_percent=0.069823; section=YTP; target_resistance_ohm=240.000000; ytp_channel=22"
"ytp_channels";"ubsi.ytp.channel.23.2";"ЯТП канал 23 · 240.000000 Ом";240.176;"Ом";238.8;241.2;"OK";"absolute_error_ohm=0.175749; actual_reference_ohm=240.000000; calibration_full_raw=4000.000000; calibration_zero_raw=330.000000; channel_count=30; channel_index=23; measured_resistance_ohm=240.175749; point_count=3; point_index=3; raw=4002.687500; reduced_error_percent=0.073229; section=YTP; target_resistance_ohm=240.000000; ytp_channel=23"
"ytp_channels";"ubsi.ytp.channel.24.2";"ЯТП канал 24 · 240.000000 Ом";240.18;"Ом";238.8;241.2;"OK";"absolute_error_ohm=0.179837; actual_reference_ohm=240.000000; calibration_full_raw=4000.000000; calibration_zero_raw=330.000000; channel_count=30; channel_index=24; measured_resistance_ohm=240.179837; point_count=3; point_index=3; raw=4002.750000; reduced_error_percent=0.074932; section=YTP; target_resistance_ohm=240.000000; ytp_channel=24"
"ytp_channels";"ubsi.ytp.channel.25.2";"ЯТП канал 25 · 240.000000 Ом";240.131;"Ом";238.8;241.2;"OK";"absolute_error_ohm=0.130790; actual_reference_ohm=240.000000; calibration_full_raw=4000.000000; calibration_zero_raw=330.000000; channel_count=30; channel_index=25; measured_resistance_ohm=240.130790; point_count=3; point_index=3; raw=4002.000000; reduced_error_percent=0.054496; section=YTP; target_resistance_ohm=240.000000; ytp_channel=25"
"ytp_channels";"ubsi.ytp.channel.26.2";"ЯТП канал 26 · 240.000000 Ом";240.131;"Ом";238.8;241.2;"OK";"absolute_error_ohm=0.130790; actual_reference_ohm=240.000000; calibration_full_raw=4000.000000; calibration_zero_raw=330.000000; channel_count=30; channel_index=26; measured_resistance_ohm=240.130790; point_count=3; point_index=3; raw=4002.000000; reduced_error_percent=0.054496; section=YTP; target_resistance_ohm=240.000000; ytp_channel=26"
"ytp_channels";"ubsi.ytp.channel.27.2";"ЯТП канал 27 · 240.000000 Ом";240.131;"Ом";238.8;241.2;"OK";"absolute_error_ohm=0.130790; actual_reference_ohm=240.000000; calibration_full_raw=4000.000000; calibration_zero_raw=330.000000; channel_count=30; channel_index=27; measured_resistance_ohm=240.130790; point_count=3; point_index=3; raw=4002.000000; reduced_error_percent=0.054496; section=YTP; target_resistance_ohm=240.000000; ytp_channel=27"
"ytp_channels";"ubsi.ytp.channel.28.2";"ЯТП канал 28 · 240.000000 Ом";240.106;"Ом";238.8;241.2;"OK";"absolute_error_ohm=0.106267; actual_reference_ohm=240.000000; calibration_full_raw=4000.000000; calibration_zero_raw=330.000000; channel_count=30; channel_index=28; measured_resistance_ohm=240.106267; point_count=3; point_index=3; raw=4001.625000; reduced_error_percent=0.044278; section=YTP; target_resistance_ohm=240.000000; ytp_channel=28"
"ytp_channels";"ubsi.ytp.channel.29.2";"ЯТП канал 29 · 240.000000 Ом";240.131;"Ом";238.8;241.2;"OK";"absolute_error_ohm=0.130790; actual_reference_ohm=240.000000; calibration_full_raw=4000.000000; calibration_zero_raw=330.000000; channel_count=30; channel_index=29; measured_resistance_ohm=240.130790; point_count=3; point_index=3; raw=4002.000000; reduced_error_percent=0.054496; section=YTP; target_resistance_ohm=240.000000; ytp_channel=29"
"ytp_channels";"ubsi.ytp.channel.30.2";"ЯТП канал 30 · 240.000000 Ом";240.155;"Ом";238.8;241.2;"OK";"absolute_error_ohm=0.155313; actual_reference_ohm=240.000000; calibration_full_raw=4000.000000; calibration_zero_raw=330.000000; channel_count=30; channel_index=30; measured_resistance_ohm=240.155313; point_count=3; point_index=3; raw=4002.375000; reduced_error_percent=0.064714; section=YTP; target_resistance_ohm=240.000000; ytp_channel=30"
